kind,title,category,publishDate,publishYear,authorCount,pageCount,maturityRating,saleability,publisher,retailPrice,retailCurrency
books#volume,Persuasion,Fiction,2023-03-02,2023,1,276.0,NOT_MATURE,FOR_SALE,neobooks,1.49,GBP
books#volume,The Face of Another,Fiction,1992,1992,1,260.0,NOT_MATURE,NOT_FOR_SALE,Kodansha,,
books#volume,The Street of Crocodiles,Fiction,2025-03-19T00:00:00Z,2025,1,136.0,NOT_MATURE,NOT_FOR_SALE,Rare Treasure Editions,,
books#volume,The Sign of the Four Illustrated,Fiction,2021-05-02,2021,1,156.0,NOT_MATURE,NOT_FOR_SALE,,,
books#volume,Generations of Winter,Fiction,1994,1994,1,616.0,NOT_MATURE,NOT_FOR_SALE,Random House (NY),,
books#volume,Jane Eyre,Fiction,2021-03-10,2021,1,609.0,NOT_MATURE,FOR_SALE,Principis,1.99,GBP
books#volume,1601 Conversation as it was by the Social Fireside in the Time of the Tudors,Fiction,1900-01-01,1900,1,50.0,NOT_MATURE,FOR_SALE,Library of Alexandria,6.99,GBP
books#volume,Sense and Sensibility - Illustrated Edition,Fiction,2017-10-23,2017,1,579.0,NOT_MATURE,FOR_SALE,Abela Publishing Ltd,1.09,GBP
books#volume,Wundersmith,Fiction,2019-02-20,2019,1,390.0,NOT_MATURE,FOR_SALE,Noura Books,3.36,GBP
books#volume,The Happy Prince and Other Stories,Fiction,2019-06-28,2019,1,105.0,NOT_MATURE,FOR_SALE,BookRix,2.99,GBP
books#volume,Hemingway,Fiction,1992,1992,1,742.0,NOT_MATURE,NOT_FOR_SALE,,,
books#volume,Oliver Twist,Fiction,2019-01-01,2019,1,220.0,NOT_MATURE,FOR_SALE,Jaico Publishing House,1.73,GBP
books#volume,The Wind in the Willows,Fiction,2015-10-30T23:56:40Z,2015,1,194.0,NOT_MATURE,NOT_FOR_SALE,Standard Ebooks,,
books#volume,Inherent Vice,Fiction,2009,2009,1,388.0,NOT_MATURE,NOT_FOR_SALE,Random House,,
books#volume,The Skinner,Fiction,2004-06,2004,1,488.0,NOT_MATURE,NOT_FOR_SALE,Macmillan,,
books#volume,Uncle Tom’s Cabin (Volume 2 of 2) (EasyRead Large Edition),Fiction,2008-08-15,2008,1,450.0,NOT_MATURE,NOT_FOR_SALE,ReadHowYouWant.com,,
books#volume,The Lost World,Fiction,2015-05-22T01:00:16Z,2015,1,257.0,NOT_MATURE,NOT_FOR_SALE,Standard Ebooks,,
books#volume,Heart of Darkness Illustrated,Fiction,2021-04-23,2021,1,130.0,NOT_MATURE,NOT_FOR_SALE,,,
books#volume,Moll Flanders Illustrated,Fiction,2020-08-23,2020,1,384.0,NOT_MATURE,NOT_FOR_SALE,,,
books#volume,Tess of the D'Urbervilles By Thomas Hardy The New Annotated Literary Edition,Fiction,2020-04-15,2020,1,476.0,NOT_MATURE,NOT_FOR_SALE,,,
books#volume,The Pickwick Papers,Fiction,2020-11-27,2020,1,730.0,NOT_MATURE,NOT_FOR_SALE,Les Prairies Numeriques,,
books#volume,Wuthering Heights Illustrated,Fiction,2020-10-14,2020,1,400.0,NOT_MATURE,NOT_FOR_SALE,,,
books#volume,The Tragedy of King Lear,Fiction,2020-12-22,2020,1,124.0,NOT_MATURE,NOT_FOR_SALE,,,
books#volume,Pride and Prejudice Annotated,Fiction,2021-04-30,2021,1,464.0,NOT_MATURE,NOT_FOR_SALE,Independently Published,,
books#volume,The Wind in the Willows Annotated,Fiction,2021-04-17,2021,1,202.0,NOT_MATURE,NOT_FOR_SALE,,,
books#volume,"J.J., Some Jottings",Fiction,2003,2003,1,196.0,NOT_MATURE,NOT_FOR_SALE,,,
books#volume,Pride and Prejudice Illustrated,Fiction,2020-12-15,2020,1,386.0,NOT_MATURE,NOT_FOR_SALE,,,
books#volume,Jane Eyre Annotated and Illustrated Book,Fiction,2020-11-24,2020,1,590.0,NOT_MATURE,NOT_FOR_SALE,,,
books#volume,The Life and Adventures of Robinson Crusoe,Fiction,2020-09-25,2020,1,332.0,NOT_MATURE,NOT_FOR_SALE,Independently Published,,
books#volume,The Second Part of the History of Henry IV (The Cambridge Dover Wilson Shakespeare),Fiction,2019-07-04,2019,1,240.0,NOT_MATURE,NOT_FOR_SALE,Independently Published,,
books#volume,The Odyssey of Homer,Fiction,1967,1967,1,388.0,NOT_MATURE,NOT_FOR_SALE,Harper Perennial Modern Classics,,
books#volume,Nana,Fiction,2020-10-30,2020,1,178.0,NOT_MATURE,NOT_FOR_SALE,Independently Published,,
books#volume,Resurrection,Fiction,1947,1947,1,578.0,NOT_MATURE,NOT_FOR_SALE,ePenguin,,
books#volume,All Around the Moon (illustrated Edition),Fiction,2021-04-05,2021,1,398.0,NOT_MATURE,NOT_FOR_SALE,,,
books#volume,The Sorrows of Satan Illustrated,Fiction,2020-07-26,2020,1,562.0,NOT_MATURE,NOT_FOR_SALE,,,
books#volume,"Twelfth Night; Or, What You Will",Fiction,2020-03-17,2020,1,117.0,NOT_MATURE,NOT_FOR_SALE,,,
books#volume,Quentin Durward,Fiction,2013-02-25,2013,1,100.0,NOT_MATURE,NOT_FOR_SALE,,,
books#volume,The House on the Borderland,Fiction,2003,2003,1,176.0,NOT_MATURE,NOT_FOR_SALE,Soft Editions Limited,,
books#volume,On the Nature of Things,Fiction,2011-11,2011,1,198.0,NOT_MATURE,NOT_FOR_SALE,Tredition Classics,,
books#volume,The Great Gatsby,Fiction,2024,2024,1,0.0,NOT_MATURE,NOT_FOR_SALE,,,
books#volume,Carmilla,Fiction,2015-07-12,2015,1,130.0,NOT_MATURE,NOT_FOR_SALE,,,
books#volume,The Battle of the Books,Fiction,2021-04-27,2021,1,66.0,NOT_MATURE,NOT_FOR_SALE,,,
books#volume,That Hideous Strength,Fiction,1945,1945,1,488.0,NOT_MATURE,NOT_FOR_SALE,Random House (UK),,
books#volume,Wuthering Heights Annotated,Fiction,2021-07-19,2021,1,452.0,NOT_MATURE,NOT_FOR_SALE,,,
books#volume,Dubliners,Fiction,2018-03-09,2018,1,184.0,NOT_MATURE,NOT_FOR_SALE,,,
books#volume,The Three Musketeers Annotated,Fiction,2020-10-31,2020,1,739.0,NOT_MATURE,NOT_FOR_SALE,,,
books#volume,The Arabian Nights (Large Print),Fiction,2012-09-21,2012,1,294.0,NOT_MATURE,NOT_FOR_SALE,,,
books#volume,西游记,Fiction,2003,2003,1,3355.0,NOT_MATURE,NOT_FOR_SALE,,,
books#volume,Alice in Wonderland and Through the Looking Glass,Fiction,2016-12-15,2016,1,200.0,NOT_MATURE,NOT_FOR_SALE,,,
books#volume,The Dwarves of Death,Fiction,2001,2001,1,214.0,NOT_MATURE,NOT_FOR_SALE,,,
books#volume,"Principles of Phisics, or Natural Philosophy",Fiction,2023-01-31,2023,1,782.0,NOT_MATURE,NOT_FOR_SALE,BoD – Books on Demand,,
books#volume,Little Black Sambo,Fiction,2016-08-11,2016,1,25.0,NOT_MATURE,FOR_SALE,anboco,0.99,GBP
books#volume,Journey to the Center of the Earth,Fiction,2006-04-25,2006,1,242.0,NOT_MATURE,FOR_SALE,Bantam,1.57,GBP
books#volume,The Chimes Illustrated,Fiction,2020-06-14,2020,1,118.0,NOT_MATURE,NOT_FOR_SALE,,,
books#volume,Tess of the D'Urbervilles,Fiction,1992,1992,1,388.0,NOT_MATURE,NOT_FOR_SALE,Wordsworth Editions,,
books#volume,Don Quixote Annotated,Fiction,2021-05-04,2021,1,647.0,NOT_MATURE,NOT_FOR_SALE,,,
books#volume,The Power of Movement in Plants,Fiction,2018-08-12,2018,1,210.0,NOT_MATURE,NOT_FOR_SALE,Createspace Independent Publishing Platform,,
books#volume,The World Set Free,Fiction,2017-05-25,2017,1,178.0,NOT_MATURE,FOR_SALE,Hachette UK,3.99,GBP
books#volume,The Path of the King,Fiction,2014-04-17,2014,1,262.0,NOT_MATURE,FOR_SALE,Simon and Schuster,1.99,GBP
books#volume,The Thirty-Nine Steps,Fiction,2012-03-01,2012,1,99.0,NOT_MATURE,FOR_SALE,Courier Corporation,0.74,GBP
books#volume,Cat's Cradle,Fiction,1998-09-08,1998,1,308.0,NOT_MATURE,NOT_FOR_SALE,Dial Press Trade Paperback,,
books#volume,The Mill on the Floss,Fiction,2018-10-17,2018,1,828.0,NOT_MATURE,FOR_SALE,Otbebookpublishing,1.69,GBP
books#volume,Jacob's Room,Fiction,2015-08-07,2015,1,183.0,NOT_MATURE,FOR_SALE,Xist Publishing,1.49,GBP
books#volume,The Prophet,Fiction,2020-10-29,2020,1,79.0,NOT_MATURE,FOR_SALE,Pan Macmillan,1.99,GBP
books#volume,The Picture of Dorian Gray,Fiction,2019-07-12,2019,1,188.0,NOT_MATURE,NOT_FOR_SALE,Lulu.com,,
books#volume,Little Follies,Fiction,1992,1992,1,456.0,NOT_MATURE,NOT_FOR_SALE,Crown,,
books#volume,A Tale of Two Cities Illustrated,Fiction,2020-12-21,2020,1,496.0,NOT_MATURE,NOT_FOR_SALE,,,
books#volume,Through the Looking-Glass,Fiction,2017-08-14,2017,1,210.0,NOT_MATURE,NOT_FOR_SALE,Createspace Independent Publishing Platform,,
books#volume,How to Stop Time,Fiction,2018-02-06,2018,1,354.0,NOT_MATURE,NOT_FOR_SALE,Penguin,,
books#volume,Our Game,Fiction,1995,1995,1,336.0,NOT_MATURE,NOT_FOR_SALE,Alfred A. Knopf,,
books#volume,Self's Deception,Fiction,2007-06-12,2007,1,356.0,NOT_MATURE,NOT_FOR_SALE,Vintage Crime/Black Lizard,,
books#volume,Dogs of God,Fiction,1994,1994,1,378.0,NOT_MATURE,NOT_FOR_SALE,Nan A. Talese,,
books#volume,Robinson Crusoe,Fiction,1976,1976,2,44.0,NOT_MATURE,NOT_FOR_SALE,Longman Publishing Group,,
books#volume,Chaka,Fiction,1981,1981,1,198.0,NOT_MATURE,NOT_FOR_SALE,Heinemann Educational Publishers,,
books#volume,The Escaped Cock,Fiction,1973,1973,1,184.0,NOT_MATURE,NOT_FOR_SALE,,,
books#volume,The Trial,Fiction,1992-06-30,1992,1,345.0,NOT_MATURE,NOT_FOR_SALE,Everyman's Library,,
books#volume,"Homely Girl, a Life, and Other Stories",Fiction,1995,1995,1,134.0,NOT_MATURE,NOT_FOR_SALE,Viking Adult,,
books#volume,Great Expectations,Fiction,2003-07-01,2003,1,668.0,NOT_MATURE,NOT_FOR_SALE,,,
books#volume,The Damned (La Bas),Fiction,2002-01-29,2002,1,0.0,NOT_MATURE,NOT_FOR_SALE,Penguin Classics,,
books#volume,A Message From The Sea,Fiction,2020-05-19,2020,2,32.0,NOT_MATURE,NOT_FOR_SALE,,,
books#volume,Oliver Twist Illustrated,Fiction,2020-08-24,2020,1,580.0,NOT_MATURE,NOT_FOR_SALE,,,
books#volume,The Shadow Lines,Fiction,1988,1988,1,268.0,NOT_MATURE,NOT_FOR_SALE,South Asia Books,,
books#volume,"The Hollow Needle, Further Adventures of Arsène Lupin",Fiction,2021-03-27,2021,1,311.0,NOT_MATURE,FOR_SALE,Otbebookpublishing,1.69,GBP
books#volume,The Secret Garden,Fiction,2019-12-04,2019,1,318.0,NOT_MATURE,NOT_FOR_SALE,,,
books#volume,The Guns of Navarone,Fiction,2010-07-22,2010,1,37.0,NOT_MATURE,FOR_SALE,HarperCollins UK,4.49,GBP
books#volume,"The Life and Adventures of Robinson Crusoe, of York, Mariner",Fiction,2007-11,2007,1,260.0,NOT_MATURE,NOT_FOR_SALE,,,
books#volume,A Christmas Carol,Fiction,2019-12-15,2019,1,148.0,NOT_MATURE,NOT_FOR_SALE,,,
books#volume,The Marvelous Land of Oz,Fiction,2021-08-04,2021,1,139.0,NOT_MATURE,FOR_SALE,Phoemixx Classics Ebooks,3.99,GBP
books#volume,Robinson Crusoe,Fiction,2019-01-24,2019,1,574.0,NOT_MATURE,NOT_FOR_SALE,Independently Published,,
books#volume,The Adventurers,Fiction,1966-01-01,1966,1,1027.0,MATURE,FOR_SALE,Rosetta Books,1.99,GBP
books#volume,A Tale of Two Cites,Fiction,2017-08-11,2017,1,140.0,NOT_MATURE,NOT_FOR_SALE,,,
books#volume,A Christmas Carol Illustrated,Fiction,2020-07-08,2020,1,116.0,NOT_MATURE,NOT_FOR_SALE,,,
books#volume,Elementals,Fiction,1998,1998,1,248.0,NOT_MATURE,NOT_FOR_SALE,Vintage,,
books#volume,Dracula Illustrated,Fiction,2019-11-25,2019,1,492.0,NOT_MATURE,NOT_FOR_SALE,,,
books#volume,The Trial,Fiction,2020-10-13,2020,1,236.0,NOT_MATURE,NOT_FOR_SALE,Boxtree,,
books#volume,Mansfield Park Illustrated,Fiction,2020-09-11,2020,1,550.0,NOT_MATURE,NOT_FOR_SALE,,,
books#volume,Homage to Catalonia,Fiction,2019-03-02,2019,1,444.0,NOT_MATURE,NOT_FOR_SALE,Independently Published,,
books#volume,Treasure Island,Fiction,2007-04,2007,1,250.0,NOT_MATURE,NOT_FOR_SALE,Quillquest Classic Books,,
books#volume,The Picture of Dorian Gray Illustrated,Fiction,2020-06-18,2020,1,272.0,NOT_MATURE,NOT_FOR_SALE,,,
books#volume,The Little White Bird,Fiction,2018-06-19,2018,1,178.0,NOT_MATURE,NOT_FOR_SALE,Createspace Independent Publishing Platform,,
books#volume,The Lemon Table,Fiction,2004-03,2004,1,0.0,NOT_MATURE,NOT_FOR_SALE,Jonathan Cape,,
books#volume,The Sorrows of Young Werther,Fiction,2008-01-01,2008,1,100.0,NOT_MATURE,NOT_FOR_SALE,Digireads.com Publishing,,
books#volume,Terminal Identity,Fiction,1993,1993,1,566.0,NOT_MATURE,NOT_FOR_SALE,Durham : Duke University Press,,
books#volume,Bleak House,Fiction,2004,2004,1,,NOT_MATURE,NOT_FOR_SALE,,,
books#volume,The Canterbury Tales,Fiction,1977,1977,1,534.0,NOT_MATURE,NOT_FOR_SALE,Penguin Classics,,
books#volume,The Boleyn Inheritance,Fiction,2008-12-30,2008,1,596.0,NOT_MATURE,NOT_FOR_SALE,Simon and Schuster,,
books#volume,White fang,Fiction,2025-07-03,2025,1,171.0,NOT_MATURE,FOR_SALE,W. Books,0.99,GBP
books#volume,To the Lighthouse,Fiction,2019-05-04,2019,1,402.0,NOT_MATURE,NOT_FOR_SALE,Independently Published,,
books#volume,The Idiot (Annotated),Fiction,2016-02-17,2016,1,556.0,NOT_MATURE,NOT_FOR_SALE,Createspace Independent Publishing Platform,,
books#volume,Faust,Fiction,2009-05,2009,1,0.0,NOT_MATURE,NOT_FOR_SALE,SMK Books,,
books#volume,An Ideal Husband,Fiction,2020-10-23,2020,1,132.0,NOT_MATURE,NOT_FOR_SALE,,,
books#volume,The Importance of Being Earnest,Fiction,2015-12-24,2015,1,52.0,NOT_MATURE,NOT_FOR_SALE,Createspace Independent Publishing Platform,,
books#volume,Wuthering Heights,Fiction,1999-06,1999,1,452.0,NOT_MATURE,NOT_FOR_SALE,Puffin,,
books#volume,The Children of the New Forest,Fiction,2018-01-31,2018,1,296.0,NOT_MATURE,NOT_FOR_SALE,,,
books#volume,This Gun for Hire,Fiction,1982,1982,1,246.0,NOT_MATURE,NOT_FOR_SALE,Viking Adult,,
books#volume,"The Dragon Blood Collection, Books 1-3",Fiction,2014-12-01,2014,1,829.0,NOT_MATURE,FOR_SALE,Lindsay Buroker,0.0,GBP
books#volume,Pride and Prejudice (1813),Fiction,2018-10-20,2018,1,222.0,NOT_MATURE,NOT_FOR_SALE,Independently Published,,
books#volume,Northanger Abbey,Fiction,2016-04-08,2016,1,166.0,NOT_MATURE,NOT_FOR_SALE,,,
books#volume,There There,Fiction,2018-06-05,2018,1,260.0,NOT_MATURE,NOT_FOR_SALE,Vintage,,
books#volume,Agatha Christie's Secret Notebooks,Fiction,2010,2010,1,500.0,NOT_MATURE,NOT_FOR_SALE,HarperCollins UK,,
books#volume,Agatha Christie's Secret Notebooks,Fiction,2010,2010,1,500.0,NOT_MATURE,NOT_FOR_SALE,HarperCollins UK,,
books#volume,The Battle of Life Annotated,Fiction,2021-01-02,2021,1,104.0,NOT_MATURE,NOT_FOR_SALE,,,
books#volume,The Scarred Woman,Fiction,2018-09-04,2018,1,481.0,NOT_MATURE,NOT_FOR_SALE,Penguin,,
books#volume,Brasyl,Fiction,2007,2007,1,0.0,NOT_MATURE,NOT_FOR_SALE,Pyr Books,,
books#volume,Fan Phenomena: Game of Thrones,Fiction,2017-05-01,2017,1,206.0,NOT_MATURE,FOR_SALE,Intellect Books,15.57,GBP
books#volume,The Jungle Book Annotated,Fiction,2021-04-27,2021,1,174.0,NOT_MATURE,NOT_FOR_SALE,,,
books#volume,The Battle of Life,Fiction,2018-09-07,2018,1,186.0,NOT_MATURE,NOT_FOR_SALE,Createspace Independent Publishing Platform,,
books#volume,Horus Heresy - False Gods,Fiction,2014-09-25,2014,1,0.0,NOT_MATURE,NOT_FOR_SALE,Games Workshop,,
books#volume,The Jungle Book,Fiction,2017-08-12,2017,1,140.0,NOT_MATURE,NOT_FOR_SALE,,,
books#volume,Three Men in a Boat by Jerome Klapka Jerome,Fiction,2017-07-19,2017,1,98.0,NOT_MATURE,NOT_FOR_SALE,,,
books#volume,The Scent of Death,Fiction,2019-06-25,2019,1,0.0,NOT_MATURE,NOT_FOR_SALE,National Geographic Books,,
books#volume,Balcony in the Forest,Fiction,2017-11-21,2017,1,241.0,NOT_MATURE,NOT_FOR_SALE,New York Review of Books,,
books#volume,The Cricket on the Hearth (Annotated),Fiction,2020-08-27,2020,1,106.0,NOT_MATURE,NOT_FOR_SALE,,,
books#volume,The Chimes,Fiction,2018-10-09,2018,1,110.0,NOT_MATURE,NOT_FOR_SALE,Independently Published,,
books#volume,The Battle of Life Illustrated,Fiction,2021-04-02,2021,1,114.0,NOT_MATURE,NOT_FOR_SALE,Independently Published,,
books#volume,The Memoirs of Sherlock Holmes,Fiction,2008-11,2008,1,228.0,NOT_MATURE,NOT_FOR_SALE,Wingspan Press,,
books#volume,Hunger,Fiction,2017-03-16,2017,1,158.0,NOT_MATURE,NOT_FOR_SALE,Createspace Independent Publishing Platform,,
books#volume,Pride and Prejudice,Fiction,2021-02-05,2021,1,364.0,NOT_MATURE,NOT_FOR_SALE,,,
books#volume,Mr. Loverman,Fiction,2021-09-28,2021,1,0.0,NOT_MATURE,NOT_FOR_SALE,,,
books#volume,Battle of Life,Fiction,2021-06-13,2021,1,112.0,NOT_MATURE,NOT_FOR_SALE,,,
books#volume,The Divine Comedy Illustrated,Fiction,2021-04-23,2021,1,502.0,NOT_MATURE,NOT_FOR_SALE,,,
books#volume,The Cricket on the Hearth,Fiction,2018-12-18,2018,1,292.0,NOT_MATURE,NOT_FOR_SALE,Independently Published,,
books#volume,The Pickwick Papers,Fiction,2020-02-10,2020,1,760.0,NOT_MATURE,NOT_FOR_SALE,,,
books#volume,Oliver Twist,Fiction,2017-04-27,2017,1,276.0,NOT_MATURE,NOT_FOR_SALE,,,
books#volume,The Sign of the Four,Fiction,2008-01,2008,2,244.0,NOT_MATURE,NOT_FOR_SALE,Tutis Digital Pub,,
books#volume,The War of the Worlds,Fiction,2017-07-25,2017,1,54.0,NOT_MATURE,NOT_FOR_SALE,,,
books#volume,The Canterville Ghost,Fiction,2017-10-24,2017,2,48.0,NOT_MATURE,NOT_FOR_SALE,Createspace Independent Publishing Platform,,
books#volume,Animal Farm (Annotated),Fiction,2021-09-06,2021,1,118.0,NOT_MATURE,NOT_FOR_SALE,,,
books#volume,Black Beauty Illustrated,Fiction,2021-02-10,2021,1,230.0,NOT_MATURE,NOT_FOR_SALE,,,
books#volume,The Haunted Man and the Ghost's Bargain Illustrated,Fiction,2021-02-18,2021,1,126.0,NOT_MATURE,NOT_FOR_SALE,,,
books#volume,Dreamcatcher,Fiction,2001-03-20,2001,1,704.0,NOT_MATURE,NOT_FOR_SALE,Simon and Schuster,,
books#volume,Great Expectations Illustrated,Fiction,2020-08-08,2020,1,652.0,NOT_MATURE,NOT_FOR_SALE,,,
books#volume,John Milton,Fiction,2020-08-10,2020,1,330.0,NOT_MATURE,NOT_FOR_SALE,Independently Published,,
books#volume,The Black Arrow,Fiction,2007-12-18,2007,1,0.0,NOT_MATURE,NOT_FOR_SALE,National Geographic Books,,
books#volume,Persuasion,Fiction,2005-08,2005,1,249.0,NOT_MATURE,NOT_FOR_SALE,Barnes & Noble,,
books#volume,The Battle of Life by Charles Dickens.,Fiction,2016-11-13,2016,1,96.0,NOT_MATURE,NOT_FOR_SALE,Createspace Independent Publishing Platform,,
books#volume,Pride and Prejudice,Fiction,2017-09-29,2017,1,330.0,NOT_MATURE,NOT_FOR_SALE,Createspace Independent Publishing Platform,,
books#volume,Peter Pan,Fiction,2011,2011,1,508.0,NOT_MATURE,NOT_FOR_SALE,,,
books#volume,A Tale of Two Cities - a Story of the French Revolution,Fiction,2021-06-11,2021,1,399.0,NOT_MATURE,NOT_FOR_SALE,,,
books#volume,Puck of Pook's Hill,Fiction,2019-12,2019,1,170.0,NOT_MATURE,NOT_FOR_SALE,,,
books#volume,Henry's Leg,Juvenile+fiction,1986-10,1986,1,158.0,NOT_MATURE,NOT_FOR_SALE,,,
books#volume,Keep of the Ancient King; Illus by Michael Fishel; Cover Art by Keith Parkinson,Juvenile+fiction,1983,1983,1,76.0,NOT_MATURE,NOT_FOR_SALE,,,
books#volume,Friends Learn Ballet,Juvenile+fiction,1985,1985,1,36.0,NOT_MATURE,NOT_FOR_SALE,,,
books#volume,School Days,Juvenile+fiction,1997,1997,1,84.0,NOT_MATURE,NOT_FOR_SALE,,,
books#volume,Bad Magic,Juvenile+fiction,2014,2014,1,0.0,NOT_MATURE,NOT_FOR_SALE,,,
books#volume,Spring Is Here,Juvenile+fiction,2000-02-07,2000,1,48.0,NOT_MATURE,NOT_FOR_SALE,Houghton Mifflin School,,
books#volume,The Silver Door,Juvenile+fiction,2010,2010,1,386.0,NOT_MATURE,NOT_FOR_SALE,Scholastic Inc.,,
books#volume,Stalky & Co,Juvenile+fiction,1938,1938,1,272.0,NOT_MATURE,NOT_FOR_SALE,,,
books#volume,The Three Robbers,Juvenile+fiction,1962,1962,1,48.0,NOT_MATURE,NOT_FOR_SALE,,,
books#volume,The Grizzly,Juvenile+fiction,1964,1964,2,160.0,NOT_MATURE,NOT_FOR_SALE,,,
books#volume,Cleopatra VII,Juvenile+fiction,1999,1999,1,221.0,NOT_MATURE,NOT_FOR_SALE,,,
books#volume,Behind the Gates,Juvenile+fiction,2011,2011,1,0.0,NOT_MATURE,NOT_FOR_SALE,Scholastic Paperbacks,,
books#volume,Waterless Mountain,Juvenile+fiction,1977,1977,1,212.0,NOT_MATURE,NOT_FOR_SALE,,,
books#volume,Budding Ballerina,Juvenile+fiction,2013-10-08,2013,1,0.0,NOT_MATURE,NOT_FOR_SALE,Turtleback Books,,
books#volume,Otto and the Secret Light of Christmas,Juvenile+fiction,2016-09-15,2016,1,108.0,NOT_MATURE,NOT_FOR_SALE,,,
books#volume,While the Clock Ticked,Juvenile+fiction,1975-04-01,1975,1,174.0,NOT_MATURE,NOT_FOR_SALE,Putnam Publishing Group,,
books#volume,Caring Animals,Juvenile+fiction,2003,2003,1,56.0,NOT_MATURE,NOT_FOR_SALE,Children's Press(CT),,
books#volume,You Wouldn't Want to Live Without Soap!,Juvenile+fiction,2015-09,2015,1,0.0,NOT_MATURE,NOT_FOR_SALE,Turtleback Books,,
books#volume,Fuzzwippers Make Great Travelers,Juvenile+fiction,2013-06-21,2013,1,24.0,NOT_MATURE,NOT_FOR_SALE,,,
books#volume,"One God, One You",Juvenile+fiction,2016-10,2016,1,0.0,NOT_MATURE,NOT_FOR_SALE,,,
books#volume,Les Dones i Els Dies,Poetry,2004,2004,1,106.0,NOT_MATURE,NOT_FOR_SALE,ARC Publications,,
books#volume,The Suicide,Poetry,1979,1979,1,100.0,NOT_MATURE,NOT_FOR_SALE,"Samuel French, Inc.",,
books#volume,"T. S. Eliot, Anti-Semitism, and Literary Form",Poetry,1995,1995,1,324.0,NOT_MATURE,NOT_FOR_SALE,CUP Archive,,
books#volume,The Prophet,Poetry,2002-03-28,2002,1,88.0,NOT_MATURE,FOR_SALE,Penguin UK,3.99,GBP
books#volume,Divan of Hafeez,Poetry,2018-05-23,2018,1,656.0,NOT_MATURE,NOT_FOR_SALE,Createspace Independent Publishing Platform,,
books#volume,The Birth of Modernism,Poetry,1993,1993,1,334.0,NOT_MATURE,NOT_FOR_SALE,McGill-Queen's Press - MQUP,,
books#volume,Hermann and Dorothea,Poetry,2024-03-17,2024,1,68.0,NOT_MATURE,NOT_FOR_SALE,BoD - Books on Demand,,
books#volume,The Poetic Edda,Poetry,2014,2014,1,385.0,NOT_MATURE,NOT_FOR_SALE,"Oxford University Press, USA",,
books#volume,In the Seven Woods,Poetry,2002,2002,1,360.0,NOT_MATURE,NOT_FOR_SALE,,,
books#volume,Rubaiyat of Omar Khayyam,Poetry,2002-01,2002,2,100.0,NOT_MATURE,NOT_FOR_SALE,,,
books#volume,Songs of Innocence and Songs of Experience,Poetry,2025-05-08,2025,1,54.0,NOT_MATURE,FOR_SALE,Namaskar Books,0.64,GBP
books#volume,Rubá'iyát of Omar Khayyám,Poetry,2023-07-18,2023,3,0.0,NOT_MATURE,NOT_FOR_SALE,Legare Street Press,,
books#volume,The New Poetry,Poetry,1962,1962,1,200.0,NOT_MATURE,NOT_FOR_SALE,,,
books#volume,Western Wind,Poetry,1974,1974,1,520.0,NOT_MATURE,NOT_FOR_SALE,Random House Trade,,
books#volume,The Divine Comedy,Poetry,2003-06-01,2003,1,152.0,NOT_MATURE,NOT_FOR_SALE,IndyPublish.com,,
books#volume,Dante and the Victorians,Poetry,1998,1998,1,296.0,NOT_MATURE,NOT_FOR_SALE,Manchester University Press,,
books#volume,The Iliad Of Homer,Poetry,2025-05-22,2025,3,0.0,NOT_MATURE,NOT_FOR_SALE,Hutson Street Press,,
books#volume,Lucretius - Poem on Nature,Poetry,2003,2003,1,0.0,NOT_MATURE,NOT_FOR_SALE,Carcanet Press,,
books#volume,The Cynfeirdd,Poetry,1981,1981,1,156.0,NOT_MATURE,NOT_FOR_SALE,,,
books#volume,Gitanjali,Poetry,2004-06-01,2004,1,,NOT_MATURE,NOT_FOR_SALE,,,
books#volume,Glimpses of Unfamiliar Japan,Poetry,2013-12,2013,1,148.0,NOT_MATURE,NOT_FOR_SALE,CreateSpace,,
books#volume,Faust,Poetry,2020-04-24,2020,1,398.0,NOT_MATURE,NOT_FOR_SALE,,,
books#volume,The Comedy of Errors Illustrated,Poetry,2020-07-31,2020,1,134.0,NOT_MATURE,NOT_FOR_SALE,,,
books#volume,Hesiodi Theogonia,Poetry,2023-07-18,2023,1,0.0,NOT_MATURE,NOT_FOR_SALE,,,
books#volume,Wittgenstein's Ladder,Poetry,2012-06-12,2012,1,305.0,NOT_MATURE,FOR_SALE,University of Chicago Press,22.99,GBP
books#volume,The Fleece,Poetry,1757,1757,1,174.0,NOT_MATURE,FREE,,,
books#volume,Odyssey,Poetry,2021-08-20,2021,1,,NOT_MATURE,NOT_FOR_SALE,,,
books#volume,Fables,Poetry,2012-10-17,2012,1,498.0,NOT_MATURE,NOT_FOR_SALE,Le Livre de Poche,,
books#volume,Poetical Sketches,Poetry,1927,1927,1,120.0,NOT_MATURE,NOT_FOR_SALE,,,
books#volume,"Romanticism, Hermeneutics, and the Crisis of the Human Sciences",Poetry,2004,2004,1,241.0,NOT_MATURE,NOT_FOR_SALE,"Aldershot, England : Ashgate",,
books#volume,The Light of Asia,Poetry,2017-05-12,2017,1,244.0,NOT_MATURE,NOT_FOR_SALE,,,
books#volume,What Coleridge Thought,Poetry,1971,1971,1,312.0,NOT_MATURE,NOT_FOR_SALE,,,
books#volume,The American Prose Poem,Poetry,1998,1998,1,291.0,NOT_MATURE,NOT_FOR_SALE,,,
books#volume,Gitanjali,Poetry,2021-11-02,2021,1,48.0,NOT_MATURE,NOT_FOR_SALE,Blurb,,
books#volume,The Angel in the House,Poetry,2019-08-07,2019,1,218.0,NOT_MATURE,NOT_FOR_SALE,Hardpress Publishing,,
books#volume,A Mother's String,Poetry,2005,2005,1,78.0,NOT_MATURE,NOT_FOR_SALE,Ekstasis Editions,,
books#volume,Laments (Classic Reprint),Poetry,2017-11-19,2017,1,36.0,NOT_MATURE,NOT_FOR_SALE,Forgotten Books,,
books#volume,Gifts,Poetry,1994-01-18,1994,1,322.0,NOT_MATURE,NOT_FOR_SALE,Coach House Books,,
books#volume,Baudelaire the Damned,Poetry,1982,1982,1,280.0,NOT_MATURE,NOT_FOR_SALE,Macmillan Reference USA,,
books#volume,Sea of Dreams,Poetry,2005,2005,1,228.0,NOT_MATURE,NOT_FOR_SALE,New Directions Publishing,,
books#volume,The Vita Nuova of Dante,Poetry,2019-08-09,2019,1,204.0,NOT_MATURE,NOT_FOR_SALE,,,
books#volume,Othello,Poetry,2020-05-19,2020,1,186.0,NOT_MATURE,NOT_FOR_SALE,,,
books#volume,"The Notebooks of Samuel Taylor Coleridge, Volume 4",Poetry,2019-08-06,2019,1,887.0,NOT_MATURE,NOT_FOR_SALE,Princeton University Press,,
books#volume,The Ancient Mariner (Classic Reprint),Poetry,2016-06-27,2016,1,102.0,NOT_MATURE,NOT_FOR_SALE,,,
books#volume,"Lyrical Ballads, and Other Poems, 1797-1800",Poetry,1992,1992,1,882.0,NOT_MATURE,NOT_FOR_SALE,,,
books#volume,The Song in the Story,Poetry,1993,1993,1,360.0,NOT_MATURE,NOT_FOR_SALE,University of Pennsylvania Press Anniversary Collection,,
books#volume,The King of the Great Clock Tower,Poetry,2007,2007,1,456.0,NOT_MATURE,NOT_FOR_SALE,,,
books#volume,Poems by the Way,Poetry,1994,1994,1,204.0,NOT_MATURE,NOT_FOR_SALE,Burns & Oates,,
books#volume,Enoch Arden and in Memoriam (Classic Reprint),Poetry,2015-07-17,2015,1,282.0,NOT_MATURE,NOT_FOR_SALE,Forgotten Books,,
books#volume,The Prophet of Zongo Street,Poetry,2005-07-26,2005,1,228.0,NOT_MATURE,NOT_FOR_SALE,Harper Collins,,
books#volume,"The Golden Treasury Selected From the Best Songs and Lyrical, Poems in the English Language, and Arranged With Notes (Classic Reprint)",Poetry,2015-07-11,2015,1,328.0,NOT_MATURE,NOT_FOR_SALE,,,
books#volume,Don Juan Junior,Poetry,2023-07-18,2023,1,0.0,NOT_MATURE,NOT_FOR_SALE,Legare Street Press,,
books#volume,Milton's Paradise Regained,Poetry,2015-07-16,2015,1,444.0,NOT_MATURE,NOT_FOR_SALE,Forgotten Books,,
books#volume,Taking it Like a Man,Poetry,1993,1993,1,264.0,MATURE,NOT_FOR_SALE,Manchester University Press,,
books#volume,Nude Siren,Poetry,2003-05-01,2003,1,82.0,NOT_MATURE,NOT_FOR_SALE,Wave Books,,
books#volume,A Man in My Position,Poetry,1969,1969,1,70.0,NOT_MATURE,NOT_FOR_SALE,,,
books#volume,A Companion to Poetic Genre,Poetry,2012,2012,1,,NOT_MATURE,NOT_FOR_SALE,,,
books#volume,The Raven,Poetry,2022-10-27,2022,1,0.0,NOT_MATURE,NOT_FOR_SALE,Legare Street Press,,
books#volume,L'orlando Inamorato,Poetry,2023-07-18,2023,1,0.0,NOT_MATURE,NOT_FOR_SALE,Legare Street Press,,
books#volume,Sonnets Pour Helene,Poetry,2022-10-27,2022,1,0.0,NOT_MATURE,NOT_FOR_SALE,Legare Street Press,,
books#volume,Human Nature,Poetry,2000,2000,1,100.0,NOT_MATURE,NOT_FOR_SALE,New Directions Publishing,,
books#volume,An Leabhar Mòr,Poetry,2002,2002,2,321.0,NOT_MATURE,NOT_FOR_SALE,Canongate Books Limited,,
books#volume,Rights of Man,Poetry,2019-09-25,2019,1,546.0,NOT_MATURE,NOT_FOR_SALE,,,
books#volume,大海停止之處,Poetry,1999,1999,1,200.0,NOT_MATURE,NOT_FOR_SALE,,,
books#volume,The Vampyre,Poetry,2017-02-04,2017,1,184.0,NOT_MATURE,NOT_FOR_SALE,Forgotten Books,,
books#volume,Don Juan,Poetry,2018-08-15,2018,1,444.0,NOT_MATURE,NOT_FOR_SALE,Createspace Independent Publishing Platform,,
books#volume,The Golden Treasury - Selected from the Best Songs and Lyrical Poems in the English Language,Poetry,2007-11,2007,1,544.0,NOT_MATURE,NOT_FOR_SALE,Ehrsam Press,,
books#volume,Chinese Sun,Poetry,2005,2005,1,340.0,NOT_MATURE,NOT_FOR_SALE,,,
books#volume,The Light of Asia,Poetry,2009-08,2009,1,164.0,NOT_MATURE,NOT_FOR_SALE,General Books,,
books#volume,"The Complete Poetical Works of William Wordsworth, Volume 1",Poetry,2016-05-06,2016,1,482.0,NOT_MATURE,NOT_FOR_SALE,Palala Press,,
books#volume,Victorian Pastoral,Poetry,1989,1989,1,256.0,NOT_MATURE,NOT_FOR_SALE,,,
books#volume,The Grand Inquisitor,Poetry,2017-02-07,2017,1,,NOT_MATURE,NOT_FOR_SALE,Createspace Independent Publishing Platform,,
books#volume,Late Thoughts in March,Poetry,1999,1999,1,78.0,NOT_MATURE,NOT_FOR_SALE,Seren Books,,
books#volume,Coming to Jakarta,Poetry,1989,1989,1,174.0,NOT_MATURE,NOT_FOR_SALE,New Directions Publishing,,
books#volume,Inferno,Poetry,1969,1969,1,0.0,NOT_MATURE,NOT_FOR_SALE,,,
books#volume,A View from the Source,Poetry,1982,1982,1,124.0,NOT_MATURE,NOT_FOR_SALE,Manchester [England] : Carcanet New Press,,
books#volume,The Complete Poetical Works of Edmund Spenser,Poetry,2018-10-29,2018,1,892.0,NOT_MATURE,NOT_FOR_SALE,Franklin Classics Trade Press,,
books#volume,Esther,Poetry,2018-10-17,2018,1,76.0,NOT_MATURE,NOT_FOR_SALE,Franklin Classics Trade Press,,
books#volume,"Kahlil Gibran, Man and Poet",Poetry,1998,1998,2,416.0,NOT_MATURE,NOT_FOR_SALE,One World (UK),,
books#volume,Barks and Purrs,Poetry,2017-05-26,2017,1,128.0,NOT_MATURE,NOT_FOR_SALE,Pinnacle Press,,
books#volume,Polliticke Courtier,Poetry,1996,1996,1,260.0,NOT_MATURE,NOT_FOR_SALE,McGill-Queen's Press - MQUP,,
books#volume,More Collected Poems,Poetry,1970,1970,1,118.0,NOT_MATURE,NOT_FOR_SALE,,,
books#volume,Idylls of the King,Poetry,2026-03-02,2026,1,0.0,NOT_MATURE,NOT_FOR_SALE,,,
books#volume,CATALOG of poetry books,Poetry,2025-07-07,2025,1,301.0,MATURE,FOR_SALE,GORAN EPISCOPUS,0.0,GBP
books#volume,Arthur,Poetry,1789,1789,1,292.0,NOT_MATURE,FREE,,,
books#volume,The Forerunner,Poetry,2017-10-23,2017,1,78.0,NOT_MATURE,NOT_FOR_SALE,Forgotten Books,,
books#volume,Poetry and Politics in the Cockney School,Poetry,2004-05-20,2004,1,304.0,NOT_MATURE,NOT_FOR_SALE,Cambridge University Press,,
books#volume,"The Forerunner, His Parables and Poems",Poetry,2025-03-29,2025,1,0.0,NOT_MATURE,NOT_FOR_SALE,Anson Street Press,,
books#volume,The Madman,Poetry,2015-07-17,2015,1,82.0,NOT_MATURE,NOT_FOR_SALE,Forgotten Books,,
books#volume,Songs of Mercia,Poetry,2016-09-20,2016,1,214.0,NOT_MATURE,NOT_FOR_SALE,Forgotten Books,,
books#volume,James Merrill's Apocalypse,Poetry,2000,2000,1,204.0,NOT_MATURE,NOT_FOR_SALE,Cornell University Press,,
books#volume,The Riverside Chaucer,Poetry,2008,2008,2,1386.0,NOT_MATURE,NOT_FOR_SALE,"Oxford University Press, USA",,
books#volume,Aristotle's Poetics,Poetry,1997,1997,1,224.0,NOT_MATURE,NOT_FOR_SALE,McGill-Queen's Press - MQUP,,
books#volume,Insomnia in the Afternoon,Poetry,1994,1994,1,124.0,NOT_MATURE,NOT_FOR_SALE,,,
books#volume,Essay on Man,Poetry,2016-04-25,2016,2,134.0,NOT_MATURE,NOT_FOR_SALE,Palala Press,,
books#volume,The Lives of the Most Eminent English Poets; With Critical Observations on Their Works Volume 2,Poetry,2016-05-24,2016,1,,NOT_MATURE,NOT_FOR_SALE,Palala Press,,
books#volume,The First World War in Irish Poetry,Poetry,2002,2002,1,328.0,NOT_MATURE,NOT_FOR_SALE,Kendall Hunt,,
books#volume,Lalla Rookh,Poetry,2017-11-03,2017,1,414.0,NOT_MATURE,NOT_FOR_SALE,Forgotten Books,,
books#volume,Faust,Poetry,2018-05-06,2018,1,316.0,NOT_MATURE,NOT_FOR_SALE,,,
books#volume,Zaïre,Poetry,2017-12-06,2017,1,122.0,NOT_MATURE,NOT_FOR_SALE,Forgotten Books,,
books#volume,Penny Arcade,Poetry,1983,1983,1,80.0,NOT_MATURE,NOT_FOR_SALE,Jonathan Cape,,
books#volume,A Light from Eleusis,Poetry,1979,1979,1,328.0,NOT_MATURE,NOT_FOR_SALE,"Oxford University Press, USA",,
books#volume,The Poetical Works of John Keats. in Two Parts,Poetry,2018-10-24,2018,1,344.0,NOT_MATURE,NOT_FOR_SALE,Franklin Classics Trade Press,,
books#volume,The Prophet,Poetry,1999-02,1999,0,128.0,NOT_MATURE,NOT_FOR_SALE,,,
books#volume,The Life and Death of Jason: A Poem,Poetry,2019-02-20,2019,1,372.0,NOT_MATURE,NOT_FOR_SALE,Wentworth Press,,
books#volume,The Lost Lunar Baedeker,Poetry,1996,1996,1,259.0,NOT_MATURE,NOT_FOR_SALE,Macmillan,,
books#volume,Leaves of Grass,Poetry,2016-12-16,2016,1,648.0,NOT_MATURE,NOT_FOR_SALE,,,
books#volume,Inspiration in Milton and Keats,Poetry,1982,1982,1,232.0,NOT_MATURE,NOT_FOR_SALE,Barnes & Noble,,
books#volume,Paradise Lost,Poetry,2005,2005,2,427.0,NOT_MATURE,NOT_FOR_SALE,Hackett Publishing Company Incorporated,,
books#volume,Marmion,Poetry,2019-03-16,2019,2,202.0,NOT_MATURE,NOT_FOR_SALE,Wentworth Press,,
books#volume,The Happy Birthday of Death,Poetry,1960,1960,1,102.0,NOT_MATURE,NOT_FOR_SALE,New Directions Publishing,,
books#volume,Experience Into Thought,Poetry,1979,1979,1,120.0,NOT_MATURE,NOT_FOR_SALE,Toronto ; Buffalo : University of Toronto Press,,
books#volume,Selected Poems of Rilke,Poetry,2001-05-22,2001,1,160.0,NOT_MATURE,NOT_FOR_SALE,Univ of California Press,,
books#volume,Hand Luggage,Poetry,2006,2006,1,100.0,NOT_MATURE,NOT_FOR_SALE,The Porcupine's Quill,,
books#volume,The Poems of John Godfrey Saxe (Classic Reprint),Poetry,2015-06-30,2015,1,272.0,NOT_MATURE,NOT_FOR_SALE,,,
books#volume,The World's Wife,Poetry,2014-12-15,2014,1,86.0,NOT_MATURE,FOR_SALE,Pan Macmillan,5.99,GBP
books#volume,Planet of Winds,Poetry,1977,1977,1,92.0,NOT_MATURE,NOT_FOR_SALE,London [etc.] : Routledge and Kegan Paul,,
books#volume,Ballads,Poetry,2018-08-07,2018,1,324.0,NOT_MATURE,NOT_FOR_SALE,Forgotten Books,,
books#volume,Antifreeze,Poetry,2002,2002,1,134.0,MATURE,NOT_FOR_SALE,,,
books#volume,The Prophet,Poetry,2020-10-29,2020,1,79.0,NOT_MATURE,FOR_SALE,Pan Macmillan,1.99,GBP
books#volume,The Prophet,Poetry,2020-10-29,2020,1,79.0,NOT_MATURE,FOR_SALE,Pan Macmillan,1.99,GBP
books#volume,The Text of Paradise Lost,Poetry,1985,1985,1,208.0,NOT_MATURE,NOT_FOR_SALE,,,
books#volume,The Limits of Imagination,Poetry,1976,1976,1,232.0,NOT_MATURE,NOT_FOR_SALE,"Ithaca, N.Y. : Cornell University Press",,
books#volume,In Forest Land (Classic Reprint),Poetry,2015-07-07,2015,1,218.0,NOT_MATURE,NOT_FOR_SALE,Forgotten Books,,
books#volume,Selected Poems of Rilke,Poetry,2001-05-22,2001,1,160.0,NOT_MATURE,NOT_FOR_SALE,Univ of California Press,,
books#volume,Hesperus Or Forty-Five Dog-Post-Days,Poetry,2022-10-27,2022,1,0.0,NOT_MATURE,NOT_FOR_SALE,Legare Street Press,,
books#volume,The Diverting History of John Gilpin,Poetry,2018-08-13,2018,1,28.0,NOT_MATURE,NOT_FOR_SALE,Createspace Independent Publishing Platform,,
books#volume,Love and Time,Poetry,1989,1989,1,84.0,NOT_MATURE,NOT_FOR_SALE,,,
books#volume,"The Orphan, Or the Unhappy-Marriage",Poetry,2018-09-21,2018,1,84.0,NOT_MATURE,NOT_FOR_SALE,Forgotten Books,,
books#volume,Ghalib - Persian Poems,Poetry,2017-04-25,2017,1,200.0,NOT_MATURE,NOT_FOR_SALE,Createspace Independent Publishing Platform,,
books#volume,R-hu,Poetry,2000,2000,1,134.0,NOT_MATURE,NOT_FOR_SALE,,,
books#volume,Bacchylides' Collection of Odes,Poetry,2015-11-26,2015,1,36.0,NOT_MATURE,NOT_FOR_SALE,Createspace Independent Publishing Platform,,
books#volume,The Cave of Making,Poetry,1982,1982,1,198.0,NOT_MATURE,NOT_FOR_SALE,"Oxford University Press, USA",,
books#volume,The Tragical History of Doctor Faustus,Poetry,2017-10-09,2017,1,82.0,NOT_MATURE,NOT_FOR_SALE,,,
books#volume,The Valley of Vision (Classic Reprint),Poetry,2016-07-22,2016,1,64.0,NOT_MATURE,NOT_FOR_SALE,Forgotten Books,,
books#volume,"The Poetic Writings of Thomas Cradock, 1718-1770",Poetry,1983,1983,1,322.0,NOT_MATURE,NOT_FOR_SALE,,,
books#volume,Black Evan,Poetry,2018-01-21,2018,1,138.0,NOT_MATURE,NOT_FOR_SALE,Forgotten Books,,
books#volume,Drum Taps (Classic Reprint),Poetry,2018-01-31,2018,1,150.0,NOT_MATURE,NOT_FOR_SALE,Forgotten Books,,
books#volume,The Names of the Lost,Poetry,1976,1976,1,88.0,NOT_MATURE,NOT_FOR_SALE,Atheneum Books,,
books#volume,Penelope's Web,Poetry,1990,1990,1,504.0,NOT_MATURE,NOT_FOR_SALE,Cambridge University Press,,
books#volume,The Hymns of Arcanus,Poetry,2010-07-13,2010,1,96.0,NOT_MATURE,FOR_SALE,Xlibris Corporation,6.99,GBP
books#volume,Commons,Poetry,2002,2002,1,121.0,NOT_MATURE,NOT_FOR_SALE,Univ of California Press,,
books#volume,Epinician Odes and Dithyrambs of Bacchylides,Poetry,1998-01-29,1998,1,108.0,NOT_MATURE,NOT_FOR_SALE,University of Pennsylvania Press,,
books#volume,Inside Paradise Lost,Poetry,2014-02-02,2014,1,342.0,NOT_MATURE,NOT_FOR_SALE,Princeton University Press,,
books#volume,Birthmark,Poetry,2004-03-11,2004,1,84.0,NOT_MATURE,NOT_FOR_SALE,SIU Press,,
books#volume,The Divine Comedy Of Dante Alighieri;,Poetry,2019-03-24,2019,1,554.0,NOT_MATURE,NOT_FOR_SALE,Wentworth Press,,
books#volume,Early Poems of William Morris,Poetry,2017-08-11,2017,1,276.0,NOT_MATURE,NOT_FOR_SALE,Trieste Publishing,,
books#volume,Rilke,Poetry,2020-06-19,2020,1,648.0,NOT_MATURE,FOR_SALE,Oxford University Press,40.62,GBP
books#volume,Homer: Odyssey Books XIII and XIV,Poetry,2014-01-09,2014,1,270.0,NOT_MATURE,NOT_FOR_SALE,Cambridge University Press,,
books#volume,The One Voice of James Dickey,Poetry,2003,2003,1,528.0,NOT_MATURE,NOT_FOR_SALE,,,
books#volume,The Divine Comedy,Poetry,2024-12-03,2024,1,0.0,NOT_MATURE,NOT_FOR_SALE,,,
books#volume,An Experiment in Criticism,Poetry,1992-01-31,1992,1,166.0,NOT_MATURE,NOT_FOR_SALE,Cambridge University Press,,
books#volume,The Canterbury Tales,Poetry,1977,1977,1,534.0,NOT_MATURE,NOT_FOR_SALE,Penguin Classics,,
books#volume,The Nature of Things,Poetry,2018-04-03,2018,1,274.0,NOT_MATURE,NOT_FOR_SALE,,,
books#volume,The Songs of Experience,Poetry,2025-05-22,2025,1,0.0,NOT_MATURE,NOT_FOR_SALE,Hutson Street Press,,
books#volume,Jason the Sailor,Poetry,1993,1993,1,212.0,NOT_MATURE,NOT_FOR_SALE,,,
books#volume,A Child's Garden of Verses,Poetry,2017-08-03,2017,1,94.0,NOT_MATURE,NOT_FOR_SALE,Createspace Independent Publishing Platform,,
books#volume,The Ballad of Reading Gaol,Poetry,2009-08,2009,1,60.0,NOT_MATURE,NOT_FOR_SALE,Book Jungle,,
books#volume,A Child's Garden of Verse,Poetry,2015-08-24,2015,1,114.0,NOT_MATURE,NOT_FOR_SALE,Sagwan Press,,
books#volume,Geography III,Poetry,2015-01-13,2015,1,64.0,NOT_MATURE,FOR_SALE,"Farrar, Straus and Giroux",8.98,GBP
books#volume,An Inspector Calls,Drama,1992,1992,1,104.0,NOT_MATURE,NOT_FOR_SALE,Heinemann,,
books#volume,Three Men in a Boat,Drama,2023-01-06,2023,1,182.0,NOT_MATURE,NOT_FOR_SALE,BoD – Books on Demand,,
books#volume,The History Boys,Drama,2006,2006,2,176.0,NOT_MATURE,NOT_FOR_SALE,,,
books#volume,King Lear,Drama,2020-11-09T21:49:01Z,2020,1,109.0,NOT_MATURE,FOR_SALE,Standard Ebooks,0.0,GBP
books#volume,King Lear,Drama,,,2,462.0,NOT_MATURE,FOR_SALE,The Anglo Egyptian Bookshop,1.5,GBP
books#volume,The Birth of Tragedy,Drama,2012-03-01,2012,1,99.0,NOT_MATURE,FOR_SALE,Courier Corporation,1.85,GBP
books#volume,Othello,Drama,2013-07-14,2013,1,179.0,NOT_MATURE,NOT_FOR_SALE,"""Издательство """"Проспект""""""",,
books#volume,Iwein,Drama,1979,1979,1,168.0,NOT_MATURE,NOT_FOR_SALE,,,
books#volume,Friedrich Schiller,Drama,1991-06-13,1991,1,405.0,NOT_MATURE,NOT_FOR_SALE,Cambridge University Press,,
books#volume,Twelfth Night,Drama,,,1,113.0,NOT_MATURE,NOT_FOR_SALE,Рипол Классик,,
books#volume,Al faro,Drama,2026-07-03,2026,1,182.0,NOT_MATURE,FOR_SALE,Dos Gatas Editorial,3.79,GBP
books#volume,The Maid's Tragedy,Drama,1988,1988,2,232.0,NOT_MATURE,NOT_FOR_SALE,,,
books#volume,The Suicide,Drama,1979,1979,1,100.0,NOT_MATURE,NOT_FOR_SALE,"Samuel French, Inc.",,
books#volume,The Happy Prince,Drama,2023-01-06,2023,1,121.0,NOT_MATURE,NOT_FOR_SALE,BoD – Books on Demand,,
books#volume,Saint Joan,Drama,2003-05-29,2003,1,193.0,NOT_MATURE,FOR_SALE,Penguin UK,4.99,GBP
books#volume,The Taming of the Shrew,Drama,2008-07-30,2008,1,160.0,NOT_MATURE,NOT_FOR_SALE,Book Jungle,,
books#volume,Shakespearean Negotiations,Drama,1988,1988,1,226.0,NOT_MATURE,NOT_FOR_SALE,Univ of California Press,,
books#volume,Much Ado About Nothing,Drama,2005-04-07,2005,1,207.0,NOT_MATURE,FOR_SALE,Penguin UK,3.99,GBP
books#volume,The Comedy of Errors,Drama,1907,1907,1,238.0,NOT_MATURE,NOT_FOR_SALE,,,
books#volume,The Trojan Women,Drama,2019-06-21,2019,1,47.0,NOT_MATURE,NOT_FOR_SALE,"Wyatt North Publishing, LLC",,
books#volume,Don Quixote,Drama,2008-04-01,2008,1,68.0,NOT_MATURE,NOT_FOR_SALE,Oberon Books,,
books#volume,Joining Together,Drama,1991,1991,2,548.0,NOT_MATURE,NOT_FOR_SALE,,,
books#volume,The Masks of Menander,Drama,1991-07-18,1991,1,304.0,NOT_MATURE,NOT_FOR_SALE,,,
books#volume,The Broken Jug,Drama,2016-03-07,2016,1,89.0,NOT_MATURE,FOR_SALE,Gegensatz Press,2.99,GBP
books#volume,The Importance of Being Earnest,Drama,2008-05,2008,1,108.0,NOT_MATURE,NOT_FOR_SALE,Akasha Classics,,
books#volume,King Lear,Drama,2015-06-16,2015,1,246.0,NOT_MATURE,NOT_FOR_SALE,Forgotten Books,,
books#volume,Antony and Cleopatra,Drama,2020-08-08,2020,1,156.0,NOT_MATURE,NOT_FOR_SALE,,,
books#volume,The Broken Jug,Drama,1977,1977,1,100.0,NOT_MATURE,NOT_FOR_SALE,Manchester University Press,,
books#volume,The Plutus of Aristophanes (Classic Reprint),Drama,2018-01-11,2018,1,116.0,NOT_MATURE,NOT_FOR_SALE,Forgotten Books,,
books#volume,King Henry V,Drama,1954,1954,1,224.0,NOT_MATURE,NOT_FOR_SALE,A&C Black,,
books#volume,Twelfth Night,Drama,2019-08-30,2019,1,100.0,NOT_MATURE,NOT_FOR_SALE,,,
books#volume,Pinter in Play,Drama,1990,1990,1,376.0,NOT_MATURE,NOT_FOR_SALE,,,
books#volume,The First Book of Virgil's Aeneid,Drama,2016-11-09,2016,1,114.0,NOT_MATURE,NOT_FOR_SALE,Forgotten Books,,
books#volume,Othello,Drama,2018-03-18,2018,1,74.0,NOT_MATURE,NOT_FOR_SALE,Forgotten Books,,
books#volume,Pygmalion,Drama,2013-05-24,2013,1,110.0,NOT_MATURE,NOT_FOR_SALE,Createspace Independent Pub,,
books#volume,The Taming of the Shrew,Drama,2023-12-05,2023,1,0.0,NOT_MATURE,NOT_FOR_SALE,,,
books#volume,Time of My Life,Drama,1993-01-01,1993,1,101.0,NOT_MATURE,NOT_FOR_SALE,,,
books#volume,A Doll's House,Drama,2025-05-05,2025,1,0.0,NOT_MATURE,NOT_FOR_SALE,,,
books#volume,"The Tragedy of Othello, The Moor of Venice Illustrated",Drama,2020-09-04,2020,1,227.0,NOT_MATURE,NOT_FOR_SALE,,,
books#volume,Faust,Drama,2020-04-24,2020,1,398.0,NOT_MATURE,NOT_FOR_SALE,,,
books#volume,The Tragedy of King Lear,Drama,2025-03-28,2025,1,0.0,NOT_MATURE,NOT_FOR_SALE,Anson Street Press,,
books#volume,Othello,Drama,2020-07-02,2020,1,234.0,NOT_MATURE,NOT_FOR_SALE,,,
books#volume,The Trojan Women of Euripides (Classic Reprint),Drama,2018-01-19,2018,1,98.0,NOT_MATURE,NOT_FOR_SALE,Forgotten Books,,
books#volume,Shakespeares Tragedy of King Lear,Drama,2016-05-17,2016,1,284.0,NOT_MATURE,NOT_FOR_SALE,Palala Press,,
books#volume,Othello (Classic Reprint),Drama,2017-12-14,2017,1,104.0,NOT_MATURE,NOT_FOR_SALE,Forgotten Books,,
books#volume,The Importance of Being Earnest: A Play by Oscar Wilde (unabridged Edition),Drama,2019-07-25,2019,1,78.0,NOT_MATURE,NOT_FOR_SALE,,,
books#volume,Decerpta Ex P. Ovidii Nasonis Metamorphoseon Libris,Drama,2016-06-24,2016,1,232.0,NOT_MATURE,NOT_FOR_SALE,Forgotten Books,,
books#volume,Cyrano De Bergerac,Drama,2016-09-20,2016,1,326.0,NOT_MATURE,NOT_FOR_SALE,Forgotten Books,,
books#volume,Salome,Drama,1967,1967,1,138.0,NOT_MATURE,NOT_FOR_SALE,Courier Corporation,,
books#volume,A Doll's House,Drama,2021-10-08,2021,1,106.0,NOT_MATURE,NOT_FOR_SALE,Alpha Edition,,
books#volume,Sophocles’ Tragic World,Drama,1995-12-13,1995,1,304.0,NOT_MATURE,NOT_FOR_SALE,,,
books#volume,Shakespeare and Experience of Love,Drama,1981-09-30,1981,1,210.0,NOT_MATURE,NOT_FOR_SALE,Cambridge University Press,,
books#volume,The Two Angry Women of Abingdon (Classic Reprint),Drama,2016-06-27,2016,1,166.0,NOT_MATURE,NOT_FOR_SALE,,,
books#volume,The Medea of Euripides,Drama,2022-10-26,2022,1,0.0,NOT_MATURE,NOT_FOR_SALE,Legare Street Press,,
books#volume,The Trojan Women Of Euripides,Drama,2019-03-21,2019,1,106.0,NOT_MATURE,NOT_FOR_SALE,,,
books#volume,Man and Superman: A Comedy and a Philosophy (Classic Reprint),Drama,2018-04-23,2018,1,292.0,NOT_MATURE,NOT_FOR_SALE,Forgotten Books,,
books#volume,Ovid's Metamorphoses,Drama,1997,1997,1,588.0,NOT_MATURE,NOT_FOR_SALE,University of Oklahoma Press,,
books#volume,The Trojan Women of Euripides,Drama,2018-07-07,2018,1,82.0,NOT_MATURE,NOT_FOR_SALE,Createspace Independent Publishing Platform,,
books#volume,"Edmond Malone, Shakespearean Scholar",Drama,1995-04-13,1995,1,364.0,NOT_MATURE,NOT_FOR_SALE,Cambridge University Press,,
books#volume,Henry Miller,Drama,1979-03-28,1979,1,534.0,NOT_MATURE,NOT_FOR_SALE,Scarecrow Press,,
books#volume,Invisible Friends,Drama,1991,1991,1,72.0,NOT_MATURE,NOT_FOR_SALE,,,
books#volume,The Dream Structure of Pinter's Plays,Drama,1976,1976,1,304.0,NOT_MATURE,NOT_FOR_SALE,Fairleigh Dickinson Univ Press,,
books#volume,Henry VIII,Drama,2019-09-06,2019,1,76.0,NOT_MATURE,NOT_FOR_SALE,,,
books#volume,"Porcelain, and",Drama,1997,1997,1,244.0,MATURE,NOT_FOR_SALE,Grove Press,,
books#volume,Edgar Lee Masters' Spoon River Anthology,Drama,2011-03-22,2011,1,66.0,NOT_MATURE,NOT_FOR_SALE,"Samuel French, Inc.",,
books#volume,Shakespeare's Comedy Of As You Like It,Drama,2023,2023,1,0.0,NOT_MATURE,NOT_FOR_SALE,,,
books#volume,Marlowe's Soldiers,Drama,2002,2002,1,264.0,NOT_MATURE,NOT_FOR_SALE,Ashgate Publishing,,
books#volume,Much Adoe About Nothing (Classic Reprint),Drama,2018-02-06,2018,1,90.0,NOT_MATURE,NOT_FOR_SALE,Forgotten Books,,
books#volume,Making Sense of Shakespeare,Drama,1999,1999,1,228.0,NOT_MATURE,FOR_SALE,Fairleigh Dickinson Univ Press,11.93,GBP
books#volume,Semiotics of Deceit,Drama,1984,1984,1,232.0,NOT_MATURE,FOR_SALE,Bucknell University Press,12.74,GBP
books#volume,The Visit,Drama,1962,1962,1,114.0,NOT_MATURE,NOT_FOR_SALE,,,
books#volume,The King of the Great Clock Tower,Drama,2007,2007,1,456.0,NOT_MATURE,NOT_FOR_SALE,,,
books#volume,"Twenty Thousand Leagues Under the Sea (World Classics, Unabridged)",Drama,2016-10-01,2016,1,320.0,NOT_MATURE,NOT_FOR_SALE,Vij Books India Pvt Ltd,,
books#volume,Dr. Faustus,Drama,1994-10-20,1994,1,65.0,NOT_MATURE,NOT_FOR_SALE,Courier Corporation,,
books#volume,Parables of Disfiguration,Drama,2005,2005,1,426.0,NOT_MATURE,NOT_FOR_SALE,Peter Lang,,
books#volume,Mother Courage and Her Children,Drama,1996,1996,2,116.0,NOT_MATURE,NOT_FOR_SALE,Arcade Publishing,,
books#volume,The Tragedy of Titus Andronicus,Drama,2018-07-23,2018,1,84.0,NOT_MATURE,NOT_FOR_SALE,Createspace Independent Publishing Platform,,
books#volume,The Tempest (Classic Reprint),Drama,2016-10-25,2016,1,184.0,NOT_MATURE,NOT_FOR_SALE,Forgotten Books,,
books#volume,The Jew of Seville,Drama,2002,2002,1,220.0,NOT_MATURE,NOT_FOR_SALE,University of Illinois Press,,
books#volume,Faust: A Tragedy,Drama,2019-02-27,2019,1,350.0,NOT_MATURE,NOT_FOR_SALE,Wentworth Press,,
books#volume,The Shakespeare Claimants,Drama,2017-10-21,2017,1,0.0,NOT_MATURE,NOT_FOR_SALE,Forgotten Books,,
books#volume,The Adventures of Tom Sawyer,Drama,2024-03-20,2024,1,422.0,NOT_MATURE,FOR_SALE,ببلومانيا للنشر والتوزيع,3.44,GBP
books#volume,Shakespeare in the Movies,Drama,2000,2000,1,268.0,NOT_MATURE,NOT_FOR_SALE,,,
books#volume,Little Eyolf,Drama,2016-07-12,2016,1,226.0,NOT_MATURE,NOT_FOR_SALE,Forgotten Books,,
books#volume,Beyond Good and Evil,Drama,2017-09-15,2017,1,170.0,NOT_MATURE,NOT_FOR_SALE,Createspace Independent Publishing Platform,,
books#volume,Iliad,Drama,2018-02-06,2018,1,468.0,NOT_MATURE,NOT_FOR_SALE,Forgotten Books,,
books#volume,"Shakspere's King Henry the Fourth, Part II",Drama,2018-02-02,2018,1,106.0,NOT_MATURE,NOT_FOR_SALE,Forgotten Books,,
books#volume,Romeo and Juliet,Drama,2000,2000,1,188.0,NOT_MATURE,NOT_FOR_SALE,Penguin Classics,,
books#volume,The Little Mermaid,Drama,2004,2004,1,72.0,NOT_MATURE,NOT_FOR_SALE,Oberon Books,,
books#volume,The English History Play in the Age of Shakespeare,Drama,2003-01,2003,1,354.0,NOT_MATURE,NOT_FOR_SALE,,,
books#volume,The Two Gentlemen of Verona,Drama,2018-10-18,2018,1,66.0,NOT_MATURE,NOT_FOR_SALE,Forgotten Books,,
books#volume,A Portrait of the Artist,Drama,1979,1979,1,136.0,NOT_MATURE,NOT_FOR_SALE,"Port Washington, N.Y. : Kennikat Press",,
books#volume,The Works of William Shakespeare,Drama,2018-03-06,2018,1,894.0,NOT_MATURE,NOT_FOR_SALE,Forgotten Books,,
books#volume,Noises Off,Drama,2019-10-16,2019,1,178.0,NOT_MATURE,NOT_FOR_SALE,Bloomsbury Publishing,,
books#volume,Shakespeare's Comedy of the Tempest,Drama,2018-10-18,2018,1,166.0,NOT_MATURE,NOT_FOR_SALE,Forgotten Books,,
books#volume,Witches and Jesuits,Drama,1995,1995,1,238.0,NOT_MATURE,NOT_FOR_SALE,Oxford University Press,,
books#volume,The Masks of Hamlet,Drama,1992,1992,1,1000.0,NOT_MATURE,NOT_FOR_SALE,,,
books#volume,Shakespeare And Comedy,Drama,2005-09-26,2005,1,281.0,NOT_MATURE,NOT_FOR_SALE,A&amp;C Black,,
books#volume,Princess Maleine,Drama,2017-09-11,2017,1,224.0,NOT_MATURE,NOT_FOR_SALE,Trieste Publishing,,
books#volume,The Enemy of the People,Drama,1992-10-01,1992,1,110.0,NOT_MATURE,NOT_FOR_SALE,,,
books#volume,The Art of Playwriting,Drama,2017-10-04,2017,1,224.0,NOT_MATURE,NOT_FOR_SALE,Trieste Publishing,,
books#volume,The Winter's Tale,Drama,2020-12-21,2020,1,111.0,NOT_MATURE,NOT_FOR_SALE,,,
books#volume,Prometheus Bound,Drama,2015-03-24,2015,1,121.0,NOT_MATURE,FOR_SALE,New York Review of Books,9.67,GBP
books#volume,Twelfth Night,Drama,1969,1969,2,146.0,NOT_MATURE,NOT_FOR_SALE,Blackie Academic and Professional,,
books#volume,Journey Through the Impossible,Drama,2003,2003,1,192.0,NOT_MATURE,NOT_FOR_SALE,,,
books#volume,Brand,Drama,2016-03-02,2016,1,197.0,NOT_MATURE,FOR_SALE,Bloomsbury Publishing,11.69,GBP
books#volume,The Tidings Brought to Mary,Drama,2017-10-14,2017,1,178.0,NOT_MATURE,NOT_FOR_SALE,Forgotten Books,,
books#volume,The Marriage of Figaro,Drama,2002-07-01,2002,1,139.0,NOT_MATURE,FOR_SALE,Bloomsbury Publishing,11.69,GBP
books#volume,The Comedy of Errors,Drama,2002,2002,1,232.0,NOT_MATURE,NOT_FOR_SALE,Oxford University Press on Demand,,
books#volume,Medea,Drama,1993,1993,1,90.0,NOT_MATURE,NOT_FOR_SALE,Oberon Books,,
books#volume,Cyrano de Bergerac,Drama,2010-02-03,2010,1,160.0,NOT_MATURE,NOT_FOR_SALE,,,
books#volume,I Will Marry when I Want,Drama,1982,1982,2,132.0,NOT_MATURE,NOT_FOR_SALE,Heinemann Educational Publishers,,
books#volume,Representative Men,Drama,2017-10-02,2017,1,246.0,NOT_MATURE,NOT_FOR_SALE,Trieste Publishing,,
books#volume,Five Children and It,Drama,2023-06-15,2023,1,105.0,NOT_MATURE,FOR_SALE,Bloomsbury Publishing,10.79,GBP
books#volume,Twelfth Night,Drama,2001,2001,1,220.0,NOT_MATURE,NOT_FOR_SALE,MIT Press,,
books#volume,The Caretaker,Drama,1982,1982,1,140.0,NOT_MATURE,NOT_FOR_SALE,Methuen Drama,,
books#volume,Edward II Revised,Drama,2014-07-31,2014,1,169.0,NOT_MATURE,FOR_SALE,A&C Black,9.89,GBP
books#volume,Transcending the Absurd,Drama,1997,1997,1,302.0,NOT_MATURE,FOR_SALE,Rodopi,5.76,GBP
books#volume,Othello,Drama,2005-11-17,2005,1,4.0,NOT_MATURE,NOT_FOR_SALE,Cambridge University Press,,
books#volume,A Chaste Maid in Cheapside,Drama,1969,1969,1,242.0,NOT_MATURE,NOT_FOR_SALE,Methuen Publishing,,
books#volume,Faust: Johann Wolfgang Von Goethe,Drama,1994-01-01,1994,1,316.0,NOT_MATURE,NOT_FOR_SALE,Bloomsbury Publishing,,
books#volume,Sexual Politics and the Male Playwright,Drama,1996,1996,1,308.0,NOT_MATURE,NOT_FOR_SALE,,,
books#volume,Miss Julie,Drama,1992-08-10,1992,1,88.0,NOT_MATURE,NOT_FOR_SALE,Bloomsbury Methuen Drama,,
books#volume,Six Characters In Search of An Author,Drama,2021-01-01,2021,1,77.0,NOT_MATURE,FOR_SALE,Prabhat Prakashan,0.32,GBP
books#volume,Emil and the Detectives,Drama,2011,2011,1,180.0,NOT_MATURE,NOT_FOR_SALE,Random House,,
books#volume,Festivals and Ceremonies,Drama,2000,2000,2,568.0,NOT_MATURE,NOT_FOR_SALE,Burns & Oates,,
books#volume,As You Like It,Drama,2001-04,2001,1,464.0,NOT_MATURE,NOT_FOR_SALE,Classic Books Company,,
books#volume,The Two Gentlemen of Verona,Drama,1999,1999,2,308.0,NOT_MATURE,NOT_FOR_SALE,Simon and Schuster,,
books#volume,Henry IV Part One,Drama,2005-04-07,2005,1,283.0,NOT_MATURE,FOR_SALE,Penguin UK,2.99,GBP
books#volume,The Lost Lunar Baedeker,Drama,1996,1996,1,259.0,NOT_MATURE,NOT_FOR_SALE,Macmillan,,
books#volume,Recorded Plays,Drama,1985,1985,0,160.0,NOT_MATURE,NOT_FOR_SALE,,,
books#volume,The Darker World Within,Drama,1991,1991,1,222.0,NOT_MATURE,NOT_FOR_SALE,,,
books#volume,Galatea,Drama,2000,2000,2,310.0,NOT_MATURE,NOT_FOR_SALE,,,
books#volume,The Taming of the shrew,Drama,1896,1896,1,192.0,NOT_MATURE,FREE,,,
books#volume,Under Milk Wood,Drama,1954,1954,1,132.0,NOT_MATURE,NOT_FOR_SALE,New Directions Publishing,,
books#volume,Three Plays,Drama,1969,1969,1,296.0,NOT_MATURE,NOT_FOR_SALE,New York : Simon and Schuster,,
books#volume,Shakespeare's Language,Drama,2000,2000,1,344.0,NOT_MATURE,NOT_FOR_SALE,Allen Lane,,
books#volume,Death Etc,Drama,2005,2005,1,148.0,MATURE,NOT_FOR_SALE,,,
books#volume,Spring Awakening,Drama,1980,1980,1,120.0,NOT_MATURE,NOT_FOR_SALE,Methuen Drama,,
books#volume,The Complete Works of William Shakespeare,Drama,2014-10-01,2014,1,2743.0,NOT_MATURE,FOR_SALE,Simon and Schuster,15.99,GBP
books#volume,Six Characters in Search of an Author,Drama,2016-01-14,2016,1,131.0,NOT_MATURE,FOR_SALE,Bloomsbury Publishing,10.79,GBP
books#volume,Singing of Birth and Death,Drama,1988,1988,1,310.0,NOT_MATURE,NOT_FOR_SALE,University of Pennsylvania Press Anniversary Collection,,
books#volume,Interpreting Events,Drama,1985,1985,1,248.0,NOT_MATURE,NOT_FOR_SALE,Ithaca : Cornell University Press,,
books#volume,Kensuke's Kingdom,Drama,2010,2010,1,0.0,NOT_MATURE,NOT_FOR_SALE,Farshore,,
books#volume,"Ancient Sun, Modern Light",Drama,1992,1992,1,296.0,NOT_MATURE,NOT_FOR_SALE,,,
books#volume,Night After Night,Drama,1993,1993,2,92.0,NOT_MATURE,NOT_FOR_SALE,Heinemann Educational Books,,
books#volume,Myth and Tragedy in Ancient Greece,Drama,1988,1988,2,536.0,NOT_MATURE,NOT_FOR_SALE,Princeton University Press,,
books#volume,My Name is Rachel Corrie,Drama,2005,2005,1,52.0,NOT_MATURE,NOT_FOR_SALE,,,
books#volume,The Tragical History of Doctor Faustus,Drama,2017-10-09,2017,1,82.0,NOT_MATURE,NOT_FOR_SALE,,,
books#volume,Backgrounds of Shakespeare's Thought,Drama,1978,1978,1,304.0,NOT_MATURE,NOT_FOR_SALE,"Hamden, Conn. : Archon Books",,
books#volume,"Twelfth Night, Or, What You Will",Drama,1994,1994,1,256.0,NOT_MATURE,NOT_FOR_SALE,Oxford University Press,,
books#volume,The House of Desires,Drama,2004,2004,1,116.0,NOT_MATURE,NOT_FOR_SALE,Oberon Books,,
books#volume,An Inspector Calls,Drama,1965,1965,1,100.0,NOT_MATURE,NOT_FOR_SALE,London : Heinemann Educational Books,,
books#volume,Shakespeare and Terrorism,Drama,2021-09-30,2021,1,235.0,NOT_MATURE,NOT_FOR_SALE,Routledge,,
books#volume,The Wild Duck,Drama,2012-08-02,2012,1,98.0,NOT_MATURE,FOR_SALE,Courier Corporation,1.85,GBP
books#volume,Finished from the Start and Other Plays,Drama,2007-11-22,2007,2,268.0,NOT_MATURE,NOT_FOR_SALE,,,
books#volume,The Oresteia,Drama,1984,1984,1,335.0,NOT_MATURE,NOT_FOR_SALE,Penguin Classics,,
books#volume,A Christmas Carol,Drama,2013-10-01,2013,1,78.0,NOT_MATURE,NOT_FOR_SALE,,,
books#volume,Loot,Drama,1967-02,1967,1,96.0,NOT_MATURE,NOT_FOR_SALE,Methuen Drama,,
books#volume,The Jungle Book,Drama,2011-10-18,2011,1,64.0,NOT_MATURE,NOT_FOR_SALE,Oberon Books,,
books#volume,Drawing Now,Comics,2002,2002,1,200.0,NOT_MATURE,NOT_FOR_SALE,The Museum of Modern Art,,
books#volume,The Iliad,Comics,1984,1984,1,61.0,NOT_MATURE,NOT_FOR_SALE,,,
books#volume,It's a Magical World,Comics,1996-09,1996,1,171.0,NOT_MATURE,NOT_FOR_SALE,Andrews McMeel Publishing,,
books#volume,High & Low,Comics,1990,1990,3,468.0,NOT_MATURE,NOT_FOR_SALE,ABRAMS,,
books#volume,The Japanese Experience--inevitable,Comics,2002,2002,1,216.0,NOT_MATURE,NOT_FOR_SALE,,,
books#volume,The Penguin Book of Comics,Comics,1975,1975,1,272.0,NOT_MATURE,NOT_FOR_SALE,,,
books#volume,It's a Magical World,Comics,1996,1996,1,165.0,NOT_MATURE,NOT_FOR_SALE,,,
books#volume,The Monster at the End of this Book,Comics,1971,1971,1,24.0,NOT_MATURE,NOT_FOR_SALE,Golden Books,,
books#volume,The Scarlet Letter,Comics,1984,1984,1,61.0,NOT_MATURE,NOT_FOR_SALE,,,
books#volume,Drawing in Slovene comics,Comics,2011,2011,1,255.0,NOT_MATURE,NOT_FOR_SALE,,,
books#volume,Understanding Mass Media,Comics,1986,1986,1,340.0,NOT_MATURE,NOT_FOR_SALE,NTC/Contemporary Publishing Company,,
books#volume,Jetlag,Comics,1998,1998,1,0.0,NOT_MATURE,NOT_FOR_SALE,Top Shelf Productions,,
books#volume,Uniform,Comics,2000,2000,3,390.0,NOT_MATURE,NOT_FOR_SALE,,,
books#volume,"Be My Valentine, Charlie Brown",Comics,1976,1976,1,56.0,NOT_MATURE,NOT_FOR_SALE,,,
books#volume,Art and Architecture in the Service of Politics,Comics,1980,1980,2,382.0,NOT_MATURE,NOT_FOR_SALE,,,
books#volume,Every Kid's Guide to Decision Making and Problem Solving,Comics,1987,1987,1,52.0,NOT_MATURE,NOT_FOR_SALE,Children's Press,,
books#volume,The Art of the Book,Comics,2001,2001,1,208.0,NOT_MATURE,NOT_FOR_SALE,Victoria & Albert Museum,,
books#volume,Dick Tracy,Comics,1987,1987,1,256.0,NOT_MATURE,NOT_FOR_SALE,,,
books#volume,La bande dessinée en France,Comics,1998-01-01,1998,1,74.0,NOT_MATURE,NOT_FOR_SALE,Publications ADPF,,
books#volume,Ticho hrocha,Comics,2009,2009,0,61.0,NOT_MATURE,NOT_FOR_SALE,,,
books#volume,"Zeitreise: Bilder, Maschinen, Strategien, Ratsel",Comics,1993,1993,3,414.0,NOT_MATURE,NOT_FOR_SALE,,,
books#volume,Imparare l'italiano con Corto Maltese,Comics,2014,2014,4,0.0,NOT_MATURE,NOT_FOR_SALE,Edizioni Edilingua,,
books#volume,Junior,Comics,2000,2000,0,4.0,NOT_MATURE,NOT_FOR_SALE,,,
books#volume,Transmetropolitan,Comics,2004,2004,1,109.0,NOT_MATURE,NOT_FOR_SALE,,,
books#volume,Odyssey,Comics,1907,1907,1,386.0,NOT_MATURE,NOT_FOR_SALE,,,
books#volume,Mystery Girl,Comics,1999,1999,3,0.0,NOT_MATURE,NOT_FOR_SALE,Addison Wesley Publishing Company,,
books#volume,Horror Comics of the 1950's,Comics,1971,1971,2,206.0,NOT_MATURE,NOT_FOR_SALE,,,
books#volume,Humdrum,Comics,2015,2015,1,96.0,NOT_MATURE,NOT_FOR_SALE,,,
books#volume,Colour Me Blind!,Comics,1999,1999,1,135.0,NOT_MATURE,NOT_FOR_SALE,,,
books#volume,Talk of the Town,Comics,2025,2025,2,0.0,NOT_MATURE,NOT_FOR_SALE,,,
books#volume,Dick Tracy,Comics,1990,1990,0,24.0,NOT_MATURE,NOT_FOR_SALE,,,
books#volume,Zane Grey Stories in Picture Strips,Comics,,,1,4.0,NOT_MATURE,NOT_FOR_SALE,,,
books#volume,The Astronaughties,Comics,2022-08-17,2022,1,0.0,NOT_MATURE,NOT_FOR_SALE,,,
books#volume,Transmetropolitan: Lonely city,Comics,2009,2009,1,0.0,NOT_MATURE,NOT_FOR_SALE,,,
books#volume,Australian Art and Artists: in the Making,Comics,1969,1969,1,263.0,NOT_MATURE,NOT_FOR_SALE,,,
books#volume,Comic Iconoclasm,Comics,1988,1988,1,37.0,NOT_MATURE,NOT_FOR_SALE,,,
books#volume,"Erró, 1984-1998",Comics,1998,1998,1,430.0,NOT_MATURE,NOT_FOR_SALE,,,
books#volume,Bone,Comics,2007,2007,1,116.0,NOT_MATURE,NOT_FOR_SALE,,,
books#volume,Transmetropolitan Vol. 4: the New Scum,Comics,2009,2009,1,0.0,NOT_MATURE,NOT_FOR_SALE,Vertigo,,
books#volume,L' illustration,Comics,,,0,,NOT_MATURE,NOT_FOR_SALE,,,
books#volume,June and Augustus,Comics,1973-01-01,1973,1,32.0,NOT_MATURE,NOT_FOR_SALE,Prentice Hall,,
books#volume,Astronaughties,Comics,2022-05-04,2022,1,240.0,NOT_MATURE,NOT_FOR_SALE,,,
books#volume,The Merriam-Webster and Garfield Dictionary,Comics,1999,1999,1,818.0,NOT_MATURE,NOT_FOR_SALE,Merriam-Webster,,
books#volume,Transmetropolitan,Comics,2009,2009,1,109.0,NOT_MATURE,NOT_FOR_SALE,,,
books#volume,The Magic School Bus Butterfly and the Bog Beast,Comics,1996,1996,2,36.0,NOT_MATURE,NOT_FOR_SALE,Cambridge University Press,,
books#volume,Collection de la Fondation Maeght,Comics,1993,1993,1,202.0,NOT_MATURE,NOT_FOR_SALE,,,
books#volume,קטלוג תערוכת קומיקס ישראלי 1990,Comics,1990,1990,1,0.0,NOT_MATURE,NOT_FOR_SALE,,,
books#volume,Antigua Grecia (Ancient Greece),Comics,2022-07-30,2022,0,72.0,NOT_MATURE,NOT_FOR_SALE,Gareth Stevens Publishing,,
books#volume,הפי אנד,Comics,2002,2002,0,189.0,NOT_MATURE,NOT_FOR_SALE,,,
books#volume,השביעיה הסודית - על פי אניד בלייטון,Comics,1992,1992,1,,NOT_MATURE,NOT_FOR_SALE,,,
books#volume,אי המטמון,Comics,1992,1992,0,,NOT_MATURE,NOT_FOR_SALE,,,
books#volume,كان يا ما كان,Comics,1979,1979,1,,NOT_MATURE,NOT_FOR_SALE,,,
books#volume,Bonifacio,Comics,1975,1975,1,0.0,NOT_MATURE,NOT_FOR_SALE,,,
books#volume,Le Chemin des Utopies,Comics,1991,1991,0,132.0,NOT_MATURE,NOT_FOR_SALE,,,
books#volume,Coup de théâtre sur le Nil,Comics,2000,2000,3,164.0,NOT_MATURE,NOT_FOR_SALE,Editions Gallimard,,
books#volume,Transformers,Comics,2025,2025,1,0.0,NOT_MATURE,NOT_FOR_SALE,,,
books#volume,Cómo Dibujar Manga Paso a Paso (How to Draw Manga Stroke by Stroke),Comics,2023-09-26,2023,1,0.0,NOT_MATURE,NOT_FOR_SALE,Alpha,,
books#volume,גוליבר בארץ הגמדים,Comics,1993,1993,2,,NOT_MATURE,NOT_FOR_SALE,,,
books#volume,Imparare l'italiano con Dylan Dog,Comics,2014,2014,4,0.0,NOT_MATURE,NOT_FOR_SALE,Edizioni Edilingua,,
books#volume,"Helden, Freaks und Superrabbis",Comics,2010,2010,1,126.0,NOT_MATURE,NOT_FOR_SALE,,,
books#volume,Darwin Among The Machines,Science,1997-05,1997,1,312.0,NOT_MATURE,NOT_FOR_SALE,Addison Wesley Publishing Company,,
books#volume,"Historic Storms of the North Sea, British Isles and Northwest Europe",Science,1991-06-13,1991,2,236.0,NOT_MATURE,NOT_FOR_SALE,Cambridge University Press,,
books#volume,How We Became Posthuman,Science,2024-05-31,2024,1,364.0,NOT_MATURE,FOR_SALE,University of Chicago Press,19.99,GBP
books#volume,Planet Earth,Science,1992-08-28,1992,1,735.0,NOT_MATURE,NOT_FOR_SALE,Cambridge University Press,,
books#volume,Environmental Oceanography,Science,1996-11-11,1996,1,402.0,NOT_MATURE,NOT_FOR_SALE,CRC Press,,
books#volume,The Life of Isaac Newton,Science,1993-03-26,1993,1,350.0,NOT_MATURE,NOT_FOR_SALE,Cambridge University Press,,
books#volume,Georg Cantor,Science,1990-10-10,1990,1,422.0,NOT_MATURE,NOT_FOR_SALE,Princeton University Press,,
books#volume,Shaping Places,Science,2013,2013,2,370.0,NOT_MATURE,NOT_FOR_SALE,Routledge,,
books#volume,The Renaissance,Science,1953,1953,2,808.0,NOT_MATURE,NOT_FOR_SALE,Simon and Schuster,,
books#volume,Methods of Environmental Impact Assessment,Science,2001,2001,2,509.0,NOT_MATURE,NOT_FOR_SALE,Taylor & Francis,,
books#volume,"Handbook of Carbon, Graphite, Diamond, and Fullerenes",Science,1993-01-01,1993,1,399.0,NOT_MATURE,NOT_FOR_SALE,William Andrew Publishing,,
books#volume,Astronomy,Science,1976,1976,1,552.0,NOT_MATURE,NOT_FOR_SALE,HarperCollins Publishers,,
books#volume,The External Control of Organizations,Science,2003,2003,2,342.0,NOT_MATURE,NOT_FOR_SALE,Stanford University Press,,
books#volume,The Road to Stockholm,Science,2002-03-28,2002,0,566.0,NOT_MATURE,FOR_SALE,OUP Oxford,13.64,GBP
books#volume,Superfood and Functional Food,Science,2017-02-22,2017,2,257.0,NOT_MATURE,NOT_FOR_SALE,BoD – Books on Demand,,
books#volume,Laboratory Animal Medicine,Science,2013-10-02,2013,3,769.0,NOT_MATURE,FOR_SALE,Academic Press,37.04,GBP
books#volume,"Fundamentals of Physics, Extended",Science,2013-08-05,2013,3,1458.0,NOT_MATURE,NOT_FOR_SALE,John Wiley & Sons,,
books#volume,Galaxy Morphology and Classification,Science,1998-04-16,1998,1,125.0,NOT_MATURE,NOT_FOR_SALE,Cambridge University Press,,
books#volume,Encyclopedia of Surface and Colloid Science,Science,2006,2006,1,1148.0,NOT_MATURE,NOT_FOR_SALE,CRC Press,,
books#volume,Living Fossils,Science,2012-12-06,2012,2,445.0,NOT_MATURE,FOR_SALE_AND_RENTAL,Springer Science & Business Media,60.65,GBP
books#volume,Tsunami,Science,2001-07-02,2001,1,356.0,NOT_MATURE,NOT_FOR_SALE,CUP Archive,,
books#volume,From Natural Philosophy to the Sciences,Science,2003-09-15,2003,1,469.0,NOT_MATURE,NOT_FOR_SALE,University of Chicago Press,,
books#volume,Explaining Explanation,Science,2003-09-02,2003,1,276.0,NOT_MATURE,FOR_SALE,Routledge,24.63,GBP
books#volume,"The Inventions, Researches and Writings of Nikola Tesla",Science,1970,1970,1,516.0,NOT_MATURE,NOT_FOR_SALE,Health Research Books,,
books#volume,Vitiligo,Science,2019-07-23,2019,2,496.0,NOT_MATURE,FOR_SALE_AND_RENTAL,Springer,74.65,GBP
books#volume,Urban Insects and Arachnids,Science,2005-04-14,2005,1,540.0,NOT_MATURE,FOR_SALE,Cambridge University Press,201.0,GBP
books#volume,Phase Transitions and Renormalization Group,Science,2007-07-05,2007,1,465.0,NOT_MATURE,NOT_FOR_SALE,Oxford University Press,,
books#volume,Cannabis,Science,2013-09-01,2013,2,453.0,NOT_MATURE,FOR_SALE,Univ of California Press,37.7,GBP
books#volume,"TOOMER:PTOLEMY'S ALMAGEST, (DUCKWORTH)",Science,1984-02-09,1984,1,710.0,NOT_MATURE,NOT_FOR_SALE,Springer,,
books#volume,Equilibrium Statistical Physics,Science,1989,1989,2,384.0,NOT_MATURE,NOT_FOR_SALE,"Englewood Cliffs, N.J. : Prentice Hall",,
books#volume,Honeybee Ecology,Science,2014-07-14,2014,1,213.0,NOT_MATURE,NOT_FOR_SALE,Princeton University Press,,
books#volume,A Complete Manual of Amateur Astronomy,Science,2012-11-13,2012,2,340.0,NOT_MATURE,FOR_SALE,Courier Corporation,7.97,GBP
books#volume,A History of the Warfare of Science with Theology in Christendom,Science,1897,1897,1,570.0,NOT_MATURE,FREE,,,
books#volume,Ecology of Java & Bali,Science,1996,1996,3,1040.0,NOT_MATURE,NOT_FOR_SALE,Oxford University Press,,
books#volume,An Introduction To Quantum Field Theory,Science,1995-10-02,1995,2,1016.0,NOT_MATURE,NOT_FOR_SALE,Hachette UK,,
books#volume,"The Zoology of the Voyage of H. M. S. Beagle, Under the Command of Captain Fitzroy, R. N., During the Years 1832 to 1836, Vol. 3",Science,2017-11-16,2017,1,374.0,NOT_MATURE,NOT_FOR_SALE,Forgotten Books,,
books#volume,The Concept of Nature,Science,1920,1920,1,224.0,NOT_MATURE,NOT_FOR_SALE,,,
books#volume,Natural Hazards,Science,2008,2008,2,524.0,NOT_MATURE,NOT_FOR_SALE,Prentice Hall,,
books#volume,Handbook on the Physics and Chemistry of Rare Earths,Science,1996,1996,2,824.0,NOT_MATURE,NOT_FOR_SALE,North-Holland,,
books#volume,50 Years of DNA,Science,2016-04-30,2016,2,145.0,NOT_MATURE,FOR_SALE_AND_RENTAL,Springer,24.04,GBP
books#volume,The Developmental Role of the Foreign Sector and Aid,Science,1979,1979,1,296.0,NOT_MATURE,NOT_FOR_SALE,Harvard Univ Asia Center,,
books#volume,The Children who Lived,Science,2008,2008,2,210.0,NOT_MATURE,NOT_FOR_SALE,Taylor & Francis,,
books#volume,Infinite Potential,Science,1996-11-13,1996,1,384.0,NOT_MATURE,NOT_FOR_SALE,Addison-Wesley Longman,,
books#volume,The Developing Human,Science,1982,1982,1,504.0,NOT_MATURE,NOT_FOR_SALE,W.B. Saunders Company,,
books#volume,Freshwater Algae of North America,Science,2015-06-05,2015,3,1067.0,NOT_MATURE,FOR_SALE,Elsevier,72.8,GBP
books#volume,The First Men in the Moon,Science,1899,1899,1,358.0,NOT_MATURE,NOT_FOR_SALE,,,
books#volume,"Mousterian ""bone flute"" and other finds from Divje Babe I cave site in Slovenia",Science,1997,1997,1,236.0,NOT_MATURE,NOT_FOR_SALE,Založba ZRC,,
books#volume,Popular Books on Natural Science,Science,1809,1809,1,184.0,NOT_MATURE,FREE,,,
books#volume,The Descent of Man,Science,2020,2020,1,0.0,NOT_MATURE,NOT_FOR_SALE,Hansebooks,,
books#volume,The Encyclopedia of Animals,Science,2004,2004,0,619.0,NOT_MATURE,NOT_FOR_SALE,Univ of California Press,,
books#volume,"The Rise and Decline of Colloid Science in North America, 1900-1935",Science,2007,2007,1,232.0,NOT_MATURE,NOT_FOR_SALE,"Ashgate Publishing, Ltd.",,
books#volume,Food,Science,2007-10-31,2007,1,445.0,NOT_MATURE,FOR_SALE,Royal Society of Chemistry,17.55,GBP
books#volume,Human Biology,Science,2010,2010,2,608.0,NOT_MATURE,NOT_FOR_SALE,,,
books#volume,The Price of Water,Science,2005-02-01,2005,1,168.0,NOT_MATURE,NOT_FOR_SALE,IWA Publishing,,
books#volume,Understanding Weather,Science,2014-04-04,2014,2,267.0,NOT_MATURE,FOR_SALE,Routledge,31.59,GBP
books#volume,On the Origin of Species Illustrated,Science,2020-11-09,2020,1,770.0,NOT_MATURE,NOT_FOR_SALE,,,
books#volume,Ionic Equilibria in Analytical Chemistry,Science,2012-03-30,2012,1,763.0,NOT_MATURE,FOR_SALE_AND_RENTAL,Springer Science & Business Media,123.65,GBP
books#volume,Exploring the Southern Sky,Science,2012-12-06,2012,3,279.0,NOT_MATURE,FOR_SALE_AND_RENTAL,Springer Science & Business Media,48.4,GBP
books#volume,Holmes Principles of Physical Geology,Science,1978,1978,2,428.0,NOT_MATURE,NOT_FOR_SALE,John Wiley & Sons,,
books#volume,Symmetry in Chaos,Science,1992,1992,2,240.0,NOT_MATURE,NOT_FOR_SALE,"Oxford University Press, USA",,
books#volume,Cambridge O Level Physics,Science,2021-06-25,2021,2,725.0,NOT_MATURE,NOT_FOR_SALE,Hodder Education,,
books#volume,The Origin of Species,Science,2018-10-11,2018,1,570.0,NOT_MATURE,NOT_FOR_SALE,Franklin Classics,,
books#volume,"On the Origin of Species, 6th Edition Illustrated",Science,2020-04-09,2020,1,756.0,NOT_MATURE,NOT_FOR_SALE,,,
books#volume,Metal Oxides,Science,2005-08-24,2005,1,808.0,NOT_MATURE,NOT_FOR_SALE,CRC Press,,
books#volume,On the Origin of Species,Science,2012,2012,1,,NOT_MATURE,NOT_FOR_SALE,,,
books#volume,The Empathic Screen,Science,2020,2020,1,273.0,NOT_MATURE,NOT_FOR_SALE,,,
books#volume,The Voyage of the Beagle,Science,2018-06-29,2018,1,170.0,NOT_MATURE,NOT_FOR_SALE,Createspace Independent Publishing Platform,,
books#volume,Mathematical Principles of Natural Philosophy,Science,2018-07-02,2018,1,374.0,NOT_MATURE,NOT_FOR_SALE,Createspace Independent Publishing Platform,,
books#volume,A Short History of Science to the Nineteenth Century,Science,1941,1941,1,424.0,NOT_MATURE,NOT_FOR_SALE,,,
books#volume,Understanding Philosophy of Science,Science,2012-08-06,2012,1,312.0,NOT_MATURE,FOR_SALE,Routledge,30.79,GBP
books#volume,John Dewey's Pragmatic Technology,Science,1990,1990,1,264.0,NOT_MATURE,NOT_FOR_SALE,,,
books#volume,Cellular and Molecular Immunology,Science,1997,1997,3,524.0,NOT_MATURE,NOT_FOR_SALE,,,
books#volume,Man's Place in Nature,Science,2015-07-09,2015,1,394.0,NOT_MATURE,NOT_FOR_SALE,,,
books#volume,For the Sake of the Argument,Science,1996-01-26,1996,1,361.0,NOT_MATURE,NOT_FOR_SALE,Cambridge University Press,,
books#volume,Louis Pasteur,Science,1998,1998,1,608.0,NOT_MATURE,NOT_FOR_SALE,,,
books#volume,"The Black Death, and the Dancing Mania",Science,2008-08-01,2008,1,112.0,NOT_MATURE,NOT_FOR_SALE,Tutis Digital Pub,,
books#volume,Dictionary of Scientific Biography,Science,1970,1970,1,850.0,NOT_MATURE,NOT_FOR_SALE,New York : C. Scribner's Sons,,
books#volume,Boojums All the Way through,Science,1990-03-15,1990,1,0.0,NOT_MATURE,NOT_FOR_SALE,Cambridge University Press,,
books#volume,"Whales, Dolphins and Porpoises",Science,2015,2015,1,0.0,NOT_MATURE,NOT_FOR_SALE,,,
books#volume,Applied Nonparametric Statistical Methods,Science,2016-04-19,2016,2,536.0,NOT_MATURE,NOT_FOR_SALE,CRC Press,,
books#volume,Principles of Sedimentology and Stratigraphy,Science,1987,1987,1,808.0,NOT_MATURE,NOT_FOR_SALE,,,
books#volume,Monkey Puzzle Man,Science,2008,2008,1,260.0,NOT_MATURE,NOT_FOR_SALE,,,
books#volume,"Introduction to Modern Chemistry, Experimental and Theoretic; Embodying Twelve Lectures Delivered in the Royal College of Chemistry, London",Science,2017-08-20,2017,1,264.0,NOT_MATURE,NOT_FOR_SALE,Trieste Publishing,,
books#volume,Atmospheric Chemistry,Science,1986,1986,2,1164.0,NOT_MATURE,NOT_FOR_SALE,Wiley-Interscience,,
books#volume,Ecological Utopias,Science,1999,1999,1,324.0,NOT_MATURE,NOT_FOR_SALE,,,
books#volume,Concepts of Nuclear Physics,Science,1971,1971,1,458.0,NOT_MATURE,NOT_FOR_SALE,McGraw-Hill Companies,,
books#volume,The Story-book of Science,Science,1917,1917,1,424.0,NOT_MATURE,NOT_FOR_SALE,,,
books#volume,"Gay, Straight, and In-between",Science,1988,1988,1,276.0,MATURE,NOT_FOR_SALE,,,
books#volume,Theory of the Leisure Class,Science,2014-04,2014,1,288.0,NOT_MATURE,NOT_FOR_SALE,,,
books#volume,The Chemical History of a Candle,Science,2025-03-28,2025,2,0.0,NOT_MATURE,NOT_FOR_SALE,Anson Street Press,,
books#volume,Work and Integrity,Science,1995,1995,1,296.0,NOT_MATURE,NOT_FOR_SALE,HarperCollins Publishers,,
books#volume,The Individual and the Cosmos in Renaissance Philosophy,Science,2010-04,2010,1,215.0,NOT_MATURE,NOT_FOR_SALE,University of Chicago Press,,
books#volume,Personal Knowledge,Science,1962,1962,1,428.0,NOT_MATURE,NOT_FOR_SALE,,,
books#volume,"The Effects of Cross and Self Fertilization in the Vegetable Kingdom,",Science,2015-09-02,2015,1,498.0,NOT_MATURE,NOT_FOR_SALE,Palala Press,,
books#volume,Green Political Thought,Science,1990-01,1990,1,224.0,NOT_MATURE,NOT_FOR_SALE,Routledge,,
books#volume,Sailing Alone Around the World,Science,2023-01-09,2023,1,0.0,NOT_MATURE,NOT_FOR_SALE,,,
books#volume,Reinventing The Future,Science,1994,1994,1,288.0,NOT_MATURE,NOT_FOR_SALE,Addison Wesley Publishing Company,,
books#volume,Geopolitics,Science,2003,2003,1,172.0,NOT_MATURE,NOT_FOR_SALE,Psychology Press,,
books#volume,Forms of Becoming,Science,2009,2009,1,252.0,NOT_MATURE,NOT_FOR_SALE,Princeton University Press,,
books#volume,The Physics of Golf,Science,1994,1994,1,188.0,NOT_MATURE,NOT_FOR_SALE,American Institute of Physics,,
books#volume,Radiative Processes in Astrophysics,Science,1979,1979,2,412.0,NOT_MATURE,NOT_FOR_SALE,John Wiley & Sons,,
books#volume,Commercial Chicken Meat and Egg Production,Science,2002,2002,2,1418.0,NOT_MATURE,NOT_FOR_SALE,Springer Science & Business Media,,
books#volume,Physical Geology,Science,1998,1998,2,0.0,NOT_MATURE,NOT_FOR_SALE,Brooks Cole,,
books#volume,"El Nino, La Nina, and the Southern Oscillation",Science,1989-11-28,1989,1,0.0,NOT_MATURE,NOT_FOR_SALE,Academic Press,,
books#volume,"The History and Description of Fossil Fuel, the Collieries, and Coal Trade of Great Britain (Classic Reprint)",Science,2017-05-31,2017,1,496.0,NOT_MATURE,NOT_FOR_SALE,,,
books#volume,"Physics and Politics, Or Thoughts on the Application of the Principles of 'Natural Selection' and 'Inheritance' to Political Society",Science,2006-02,2006,1,232.0,NOT_MATURE,NOT_FOR_SALE,Obscure Press,,
books#volume,In Search of Nikola Tesla,Science,2000-09-01,2000,1,160.0,NOT_MATURE,NOT_FOR_SALE,Ashgrove Publishing,,
books#volume,Dictionary of Scientific Biography,Science,1970,1970,1,,NOT_MATURE,NOT_FOR_SALE,,,
books#volume,Absolute Measurements in Electricity and Magnetism,Science,1921,1921,1,870.0,NOT_MATURE,NOT_FOR_SALE,,,
books#volume,Homo Inferior,Science,2015-11,2015,1,48.0,NOT_MATURE,NOT_FOR_SALE,Createspace Independent Publishing Platform,,
books#volume,Reproduction in Mammals: Germ cells and fertilization,Science,1973,1973,2,,NOT_MATURE,NOT_FOR_SALE,,,
books#volume,Quaternary Extinctions,Science,1989-01-01,1989,2,904.0,NOT_MATURE,NOT_FOR_SALE,University of Arizona Press,,
books#volume,Covariant Loop Quantum Gravity,Science,2015,2015,2,267.0,NOT_MATURE,NOT_FOR_SALE,Cambridge University Press,,
books#volume,Science and Polity in France,Science,2004-07-26,2004,1,763.0,NOT_MATURE,NOT_FOR_SALE,Princeton University Press,,
books#volume,The Expression of the Emotions in Man and Animals,Science,1872,1872,1,406.0,NOT_MATURE,FREE,Createspace Independent Publishing Platform,,
books#volume,Physics of Semiconductor Devices,Science,1990,1990,1,0.0,NOT_MATURE,NOT_FOR_SALE,Pearson,,
books#volume,The Beginning of the Age of Mammals,Science,2006-09-26,2006,1,468.0,NOT_MATURE,NOT_FOR_SALE,JHU Press,,
books#volume,The Principles of Chemical Equilibrium,Science,1971-08-31,1971,1,516.0,NOT_MATURE,NOT_FOR_SALE,Cambridge University Press,,
books#volume,Political Ecology,Science,2019-12-16,2019,1,306.0,NOT_MATURE,NOT_FOR_SALE,John Wiley & Sons,,
books#volume,The Age of Wonder,Science,2008,2008,1,111.0,NOT_MATURE,NOT_FOR_SALE,HarperCollins UK,,
books#volume,"A System of Geography, Ancient and Modern",Science,2019-08-06,2019,1,892.0,NOT_MATURE,NOT_FOR_SALE,,,
books#volume,Complexity and Postmodernism,Science,1998,1998,1,170.0,NOT_MATURE,NOT_FOR_SALE,Psychology Press,,
books#volume,Fourier Series and Orthogonal Functions,Science,1989-01-01,1989,1,436.0,NOT_MATURE,NOT_FOR_SALE,Courier Corporation,,
books#volume,How is Quantum Field Theory Possible?,Science,1995,1995,1,289.0,NOT_MATURE,NOT_FOR_SALE,"Oxford University Press, USA",,
books#volume,"Atmosphere, Weather, and Climate",Science,2010,2010,2,998.0,NOT_MATURE,NOT_FOR_SALE,Taylor & Francis,,
books#volume,The Book of Instruction in the Elements of the Art of Astrology,Science,2006,2006,1,108.0,NOT_MATURE,NOT_FOR_SALE,Astrology Center of America,,
books#volume,The Physics of Chance,Science,1992,1992,1,248.0,NOT_MATURE,NOT_FOR_SALE,,,
books#volume,"Flora of China, Volume 23",Science,2010,2010,2,0.0,NOT_MATURE,NOT_FOR_SALE,Missouri Botanical Garden Press,,
books#volume,The Universe in a Single Atom,Science,2006-09-12,2006,1,226.0,NOT_MATURE,NOT_FOR_SALE,Harmony,,
books#volume,Women In Law,Science,1981-12-17,1981,1,480.0,NOT_MATURE,NOT_FOR_SALE,,,
books#volume,Environmental Ion Exchange,Science,1997-02-07,1997,2,148.0,NOT_MATURE,NOT_FOR_SALE,CRC Press,,
books#volume,MODERN CAPITALIST CULTURE,Science,2008-08-31,2008,1,701.0,NOT_MATURE,NOT_FOR_SALE,Left Coast Press,,
books#volume,Geology (Classic Reprint),Science,2016-09-28,2016,1,168.0,NOT_MATURE,NOT_FOR_SALE,Forgotten Books,,
books#volume,"Origin, of Cultivated Plants (Classic Reprint)",Science,2018-03-23,2018,1,484.0,NOT_MATURE,NOT_FOR_SALE,Forgotten Books,,
books#volume,An Introduction to Continuum Mechanics,Science,1981-12-12,1981,1,265.0,NOT_MATURE,NOT_FOR_SALE,Academic Press,,
books#volume,The Science of Evolution,Science,1977,1977,1,632.0,NOT_MATURE,NOT_FOR_SALE,MacMillan Publishing Company,,
books#volume,"My Psychosis, My Bicycle, and I",Science,1996,1996,1,310.0,NOT_MATURE,NOT_FOR_SALE,"Jason Aronson, Incorporated",,
books#volume,A History of Astronomy (Classic Reprint),Science,2017-11-28,2017,1,434.0,NOT_MATURE,NOT_FOR_SALE,Forgotten Books,,
books#volume,In Quest of the Universe,Science,2019-02-15,2019,1,640.0,NOT_MATURE,NOT_FOR_SALE,Jones & Bartlett Publishers,,
books#volume,Encyclopedia of the World’s Biomes,Science,2020-06-26,2020,0,3542.0,NOT_MATURE,FOR_SALE,Elsevier,1462.75,GBP
books#volume,Geology and Environment In Britain and Ireland,Science,1994-06-01,1994,1,174.0,NOT_MATURE,NOT_FOR_SALE,CRC Press,,
books#volume,The Future Eaters,Science,1995,1995,1,423.0,NOT_MATURE,NOT_FOR_SALE,Raupo,,
books#volume,Stuff Matters,Science,2013-06-06,2013,1,236.0,NOT_MATURE,FOR_SALE,Penguin UK,4.99,GBP
books#volume,The Common Sense of Science,Science,1968,1968,1,159.0,NOT_MATURE,NOT_FOR_SALE,,,
books#volume,Parallel Worlds,Science,2006-02-14,2006,1,452.0,NOT_MATURE,NOT_FOR_SALE,Anchor,,
books#volume,Parrots,Science,2010-07-30,2010,2,586.0,NOT_MATURE,FOR_SALE,A&amp;C Black,94.5,GBP
books#volume,Requiem for Fools and Beasts,Science,2004,2004,1,576.0,NOT_MATURE,NOT_FOR_SALE,,,
books#volume,"Manual of Assaying Gold, Silver, Lead, Copper",Science,2008-06,2008,1,592.0,NOT_MATURE,NOT_FOR_SALE,Angell Publications,,
books#volume,Chemical Microstructure of Polymers Chains,Science,1980-11-26,1980,1,440.0,NOT_MATURE,NOT_FOR_SALE,,,
books#volume,Other Worlds Than Ours,Science,2017-01-12,2017,1,452.0,NOT_MATURE,NOT_FOR_SALE,Forgotten Books,,
books#volume,Conservation Biology for All,Science,2010-01-07,2010,2,369.0,NOT_MATURE,NOT_FOR_SALE,Oxford University Press,,
books#volume,"Science, Society, and the Search for Life in the Universe",Science,2006-10-26,2006,1,162.0,NOT_MATURE,NOT_FOR_SALE,University of Arizona Press,,
books#volume,Beyond War,Science,2007-02-16,2007,1,353.0,NOT_MATURE,NOT_FOR_SALE,Oxford University Press,,
books#volume,Exploring the Planets,Science,1990,1990,2,472.0,NOT_MATURE,NOT_FOR_SALE,MacMillan Publishing Company,,
books#volume,Dipole Moments in Organic Chemistry,Science,1970-02-01,1970,1,288.0,NOT_MATURE,NOT_FOR_SALE,Springer,,
books#volume,A Science of Impurity,Science,1990-01-01,1990,1,364.0,NOT_MATURE,NOT_FOR_SALE,Univ of California Press,,
books#volume,Hyperspectral Remote Sensing,Science,2020-08-05,2020,5,508.0,NOT_MATURE,FOR_SALE,Elsevier,81.64,GBP
books#volume,Literature and Science,Science,1963,1963,1,136.0,NOT_MATURE,NOT_FOR_SALE,Leetes Island Books,,
books#volume,"Gunpowder, Explosives and the State",Science,2016-12-05,2016,1,322.0,NOT_MATURE,FOR_SALE,Routledge,36.39,GBP
books#volume,"We're Friends, Right?",Science,2003-10-19,2003,1,268.0,NOT_MATURE,NOT_FOR_SALE,Joseph Henry Press,,
books#volume,Fibonacci’s Liber Abaci,Mathematics,2003-11-11,2003,1,652.0,NOT_MATURE,NOT_FOR_SALE,Springer Science & Business Media,,
books#volume,Elements of Set Theory,Mathematics,1977-04-28,1977,1,294.0,NOT_MATURE,NOT_FOR_SALE,Gulf Professional Publishing,,
books#volume,A Guided Tour of Mathematical Methods,Mathematics,2004-09-23,2004,1,520.0,NOT_MATURE,NOT_FOR_SALE,Cambridge University Press,,
books#volume,An Introduction to Kolmogorov Complexity and Its Applications,Mathematics,2013-03-09,2013,2,655.0,NOT_MATURE,FOR_SALE_AND_RENTAL,Springer Science & Business Media,48.4,GBP
books#volume,Georg Cantor,Mathematics,1990-10-10,1990,1,422.0,NOT_MATURE,NOT_FOR_SALE,Princeton University Press,,
books#volume,The SAGE Handbook of Qualitative Research,Mathematics,2011-04-27,2011,2,785.0,NOT_MATURE,NOT_FOR_SALE,SAGE,,
books#volume,Mathematical Methods in Science,Mathematics,1977,1977,1,252.0,NOT_MATURE,NOT_FOR_SALE,Cambridge University Press,,
books#volume,Machines Who Think,Mathematics,2004-03-17,2004,2,599.0,NOT_MATURE,NOT_FOR_SALE,CRC Press,,
books#volume,Chaos,Mathematics,1987,1987,1,382.0,NOT_MATURE,NOT_FOR_SALE,Viking Adult,,
books#volume,Enterprise Risk Management,Mathematics,2019-12-06,2019,2,211.0,NOT_MATURE,NOT_FOR_SALE,Routledge,,
books#volume,"Rhetoric, Ideology and Social Psychology",Mathematics,2014-03-05,2014,2,211.0,NOT_MATURE,NOT_FOR_SALE,Routledge,,
books#volume,"Advances in Questionnaire Design, Development, Evaluation and Testing",Mathematics,2019-10-24,2019,6,738.0,NOT_MATURE,FOR_SALE,John Wiley & Sons,85.99,GBP
books#volume,The Universal Computer,Mathematics,2018-10-08,2018,1,232.0,NOT_MATURE,NOT_FOR_SALE,CRC Press,,
books#volume,An Introduction to Magnetohydrodynamics,Mathematics,2001-03-05,2001,1,456.0,NOT_MATURE,NOT_FOR_SALE,Cambridge University Press,,
books#volume,Crime and Punishment by Fyodor Dostoyevsky,Mathematics,2020-12-07,2020,1,362.0,NOT_MATURE,NOT_FOR_SALE,,,
books#volume,Stochastic Analysis and Mathematical Physics,Mathematics,2012-12-06,2012,2,162.0,NOT_MATURE,FOR_SALE_AND_RENTAL,Springer Science & Business Media,29.49,GBP
books#volume,Phase Transitions and Renormalization Group,Mathematics,2007-07-05,2007,1,465.0,NOT_MATURE,NOT_FOR_SALE,Oxford University Press,,
books#volume,Newnes Mechanical Engineer's Pocket Book,Mathematics,2013-10-22,2013,2,617.0,NOT_MATURE,FOR_SALE,Newnes,37.04,GBP
books#volume,Ibn Al-Haytham’s Completion of the Conics,Mathematics,1985,1985,2,440.0,NOT_MATURE,NOT_FOR_SALE,Springer,,
books#volume,Numerical Notation,Mathematics,2010-01-18,2010,1,497.0,NOT_MATURE,NOT_FOR_SALE,Cambridge University Press,,
books#volume,Representation Theory,Mathematics,2013-12-01,2013,2,559.0,NOT_MATURE,FOR_SALE_AND_RENTAL,Springer Science & Business Media,59.6,GBP
books#volume,Statistics for Technology,Mathematics,1978,1978,1,424.0,NOT_MATURE,NOT_FOR_SALE,Chapman & Hall,,
books#volume,Handbook of Parametric and Nonparametric Statistical Procedures,Mathematics,1997,1997,1,760.0,NOT_MATURE,NOT_FOR_SALE,CRC Press,,
books#volume,"TOOMER:PTOLEMY'S ALMAGEST, (DUCKWORTH)",Mathematics,1984-02-09,1984,1,710.0,NOT_MATURE,NOT_FOR_SALE,Springer,,
books#volume,Exploring Advanced Euclidean Geometry with GeoGebra,Mathematics,2013-12-31,2013,1,147.0,NOT_MATURE,NOT_FOR_SALE,American Mathematical Soc.,,
books#volume,Introduction to Mathematical Philosophy,Mathematics,2013-01-21,2013,1,213.0,NOT_MATURE,NOT_FOR_SALE,Read Books Ltd,,
books#volume,Applied Optimal Control,Mathematics,2018-05-04,2018,1,500.0,NOT_MATURE,FOR_SALE,Routledge,93.99,GBP
books#volume,David Hilbert's Lectures on the Foundations of Physics 1915-1927,Mathematics,2009-08-06,2009,2,803.0,NOT_MATURE,FOR_SALE_AND_RENTAL,Springer Science & Business Media,120.85,GBP
books#volume,Statistics,Mathematics,1986,1986,1,464.0,NOT_MATURE,NOT_FOR_SALE,Psychology Press,,
books#volume,The Collected Mathematical Papers of Arthur Cayley,Mathematics,1892,1892,1,645.0,NOT_MATURE,FREE,University of Michigan Library,,
books#volume,Lectures on Differential Geometry,Mathematics,1983,1983,1,472.0,NOT_MATURE,NOT_FOR_SALE,"Chelsea Publishing Company, Incorporated",,
books#volume,Principia Mathematica,Mathematics,2016-07-18,2016,1,292.0,NOT_MATURE,NOT_FOR_SALE,Hansebooks,,
books#volume,An Investigation of the Laws of Thought,Mathematics,1958,1958,1,452.0,NOT_MATURE,NOT_FOR_SALE,Courier Dover Publications,,
books#volume,Pythagoras Revived,Mathematics,1989,1989,1,272.0,NOT_MATURE,NOT_FOR_SALE,"Oxford University Press, USA",,
books#volume,Musings of the Masters,Mathematics,2004-06-01,2004,1,301.0,NOT_MATURE,NOT_FOR_SALE,American Mathematical Society,,
books#volume,Introduction To Commutative Algebra,Mathematics,2018-03-09,2018,2,139.0,NOT_MATURE,NOT_FOR_SALE,CRC Press,,
books#volume,Numerical Heat Transfer and Fluid Flow,Mathematics,2018-10-08,2018,1,214.0,NOT_MATURE,NOT_FOR_SALE,Taylor & Francis,,
books#volume,A Survey of Modern Algebra,Mathematics,1977,1977,2,520.0,NOT_MATURE,NOT_FOR_SALE,MacMillan Publishing Company,,
books#volume,Introduction to Set Theory and Topology,Mathematics,2014-07-10,2014,1,353.0,NOT_MATURE,FOR_SALE,Elsevier,28.59,GBP
books#volume,Vectorial Mechanics,Mathematics,1948,1948,1,408.0,NOT_MATURE,NOT_FOR_SALE,,,
books#volume,Tractatus Logico-Philosophicus,Mathematics,2019-06-18,2019,1,76.0,NOT_MATURE,NOT_FOR_SALE,Digireads.com,,
books#volume,Cluster Analysis for Researchers,Mathematics,1984,1984,1,362.0,NOT_MATURE,NOT_FOR_SALE,Lifetime Learning,,
books#volume,Principia Mathematica to *56,Mathematics,1962-01-01,1962,2,456.0,NOT_MATURE,NOT_FOR_SALE,Cambridge University Press,,
books#volume,Polynomials,Mathematics,2003-10-09,2003,1,484.0,NOT_MATURE,NOT_FOR_SALE,Springer Science & Business Media,,
books#volume,The Family's Construction of Reality,Mathematics,1981,1981,1,446.0,NOT_MATURE,NOT_FOR_SALE,"Cambridge, Mass. : Harvard University Press",,
books#volume,Divergent Series,Mathematics,1949,1949,1,418.0,NOT_MATURE,NOT_FOR_SALE,Oxford University Press,,
books#volume,Introducing Fractals Introducing Fractals,Mathematics,2014-06-05,2014,2,432.0,NOT_MATURE,FOR_SALE,Icon Books Ltd,3.33,GBP
books#volume,A History of Mathematics,Mathematics,1919,1919,1,532.0,NOT_MATURE,NOT_FOR_SALE,,,
books#volume,The Critique of Pure Reason,Mathematics,2014-12-22,2014,2,332.0,NOT_MATURE,NOT_FOR_SALE,CreateSpace,,
books#volume,Delta,Mathematics,1997,1997,1,290.0,NOT_MATURE,NOT_FOR_SALE,World Scientific,,
books#volume,Design and Analysis of Bioavailability and Bioequivalence Studies,Mathematics,2008-10-15,2008,2,652.0,NOT_MATURE,FOR_SALE,CRC Press,38.79,GBP
books#volume,Methods of Numerical Integration,Mathematics,1984,1984,2,644.0,NOT_MATURE,NOT_FOR_SALE,,,
books#volume,Groups and Symmetry,Mathematics,2014-01-15,2014,1,200.0,NOT_MATURE,NOT_FOR_SALE,,,
books#volume,Convex Analysis and Optimization,Mathematics,2003-03-01,2003,3,558.0,NOT_MATURE,FOR_SALE,Athena Scientific,26.49,GBP
books#volume,Perturbation Theory for Matrix Equations,Mathematics,2003-05-20,2003,4,443.0,NOT_MATURE,FOR_SALE,Gulf Professional Publishing,93.2,GBP
books#volume,"MATRIX AND LINEAR ALGEBRA AIDED WITH MATLAB, Third Edition",Mathematics,2016-12-01,2016,1,717.0,NOT_MATURE,FOR_SALE,PHI Learning Pvt. Ltd.,17.74,GBP
books#volume,"Encyclopaedia of the History of Science, Technology, and Medicine in Non-Western Cultures",Mathematics,2008-03-17,2008,1,2415.0,NOT_MATURE,NOT_FOR_SALE,Springer,,
books#volume,Principles of Mathematics,Mathematics,1948,1948,1,,NOT_MATURE,NOT_FOR_SALE,,,
books#volume,Convex Polytopes,Mathematics,2003-10,2003,1,572.0,NOT_MATURE,NOT_FOR_SALE,Springer Science & Business Media,,
books#volume,Three Lectures on Fermat's Last Theorem,Mathematics,2015-06-25,2015,1,46.0,NOT_MATURE,NOT_FOR_SALE,Forgotten Books,,
books#volume,The Works of Archimedes,Mathematics,1953,1953,1,584.0,NOT_MATURE,NOT_FOR_SALE,,,
books#volume,Coloured Petri Nets,Mathematics,1996-03-25,1996,1,252.0,NOT_MATURE,NOT_FOR_SALE,Springer Science & Business Media,,
books#volume,Collected Papers,Mathematics,1984,1984,2,250.0,NOT_MATURE,NOT_FOR_SALE,Springer,,
books#volume,For the Sake of the Argument,Mathematics,1996-01-26,1996,1,361.0,NOT_MATURE,NOT_FOR_SALE,Cambridge University Press,,
books#volume,The Method of Fluxions and Infinite Series,Mathematics,2015-06-28,2015,1,370.0,NOT_MATURE,NOT_FOR_SALE,,,
books#volume,Mathematical Taxonomy,Mathematics,1971,1971,2,318.0,NOT_MATURE,NOT_FOR_SALE,John Wiley & Sons,,
books#volume,Book of Proof,Mathematics,2013-05,2013,1,314.0,NOT_MATURE,NOT_FOR_SALE,,,
books#volume,Statistical and Computational Methods in Data Analysis,Mathematics,1970,1970,1,348.0,NOT_MATURE,NOT_FOR_SALE,North Holland,,
books#volume,Analytic Geometry and Calculus,Mathematics,1960,1960,3,624.0,NOT_MATURE,NOT_FOR_SALE,,,
books#volume,Applied Nonparametric Statistical Methods,Mathematics,2016-04-19,2016,2,536.0,NOT_MATURE,NOT_FOR_SALE,CRC Press,,
books#volume,Threading Homology Through Algebra,Mathematics,2006-06-29,2006,2,268.0,NOT_MATURE,NOT_FOR_SALE,Oxford University Press,,
books#volume,Stochastic Processes,Mathematics,2007,2007,1,138.0,NOT_MATURE,NOT_FOR_SALE,American Mathematical Soc.,,
books#volume,Statistical Design and Analysis in Pharmaceutical Science,Mathematics,1995-02-22,1995,2,0.0,NOT_MATURE,NOT_FOR_SALE,CRC Press,,
books#volume,Algebra in Ancient and Modern Times,Mathematics,1998,1998,1,164.0,NOT_MATURE,FOR_SALE,American Mathematical Soc.,25.0,GBP
books#volume,Understanding Dyscalculia and Numeracy Difficulties,Mathematics,2015,2015,2,184.0,NOT_MATURE,NOT_FOR_SALE,,,
books#volume,Search Methodologies,Mathematics,2010-10-29,2010,2,0.0,NOT_MATURE,NOT_FOR_SALE,Springer,,
books#volume,Practical Nonparametric Statistics,Mathematics,1999-01-07,1999,1,608.0,NOT_MATURE,NOT_FOR_SALE,John Wiley & Sons,,
books#volume,Index Numbers,Mathematics,1994,1994,2,270.0,NOT_MATURE,NOT_FOR_SALE,University of Michigan Press,,
books#volume,Posterior Analytics,Mathematics,1960,1960,2,784.0,NOT_MATURE,NOT_FOR_SALE,Loeb Classical Library,,
books#volume,Empirical Processes in M-Estimation,Mathematics,2000-01-28,2000,1,302.0,NOT_MATURE,NOT_FOR_SALE,Cambridge University Press,,
books#volume,The Theory of Matrices in Numerical Analysis,Mathematics,1975,1975,1,294.0,NOT_MATURE,NOT_FOR_SALE,,,
books#volume,The Fundamental Theorems of the Differential Calculus,Mathematics,2015-06-14,2015,1,92.0,NOT_MATURE,NOT_FOR_SALE,Forgotten Books,,
books#volume,Problems Of Number Theory In Mathematical Competitions,Mathematics,2009-09-16,2009,1,115.0,NOT_MATURE,FOR_SALE_AND_RENTAL,World Scientific Publishing Company,14.3,GBP
books#volume,Aspects and Applications of the Random Walk,Mathematics,1994,1994,1,388.0,NOT_MATURE,NOT_FOR_SALE,Elsevier Science & Technology,,
books#volume,"Correspondence Analysis in Practice, Second Edition",Mathematics,2007-05-07,2007,1,296.0,NOT_MATURE,NOT_FOR_SALE,Chapman and Hall/CRC,,
books#volume,An Introduction to Inequalities,Mathematics,1961,1961,2,148.0,NOT_MATURE,NOT_FOR_SALE,,,
books#volume,Classics On Fractals,Mathematics,1993-08-20,1993,1,396.0,NOT_MATURE,NOT_FOR_SALE,Addison-Wesley Longman,,
books#volume,Math Girls 2,Mathematics,2012-12,2012,3,318.0,NOT_MATURE,NOT_FOR_SALE,,,
books#volume,"The Challenge of Developing Statistical Literacy, Reasoning and Thinking",Mathematics,2006-02-23,2006,2,423.0,NOT_MATURE,FOR_SALE_AND_RENTAL,Springer Science & Business Media,151.65,GBP
books#volume,Chapter Zero,Mathematics,1996,1996,1,184.0,NOT_MATURE,NOT_FOR_SALE,Addison Wesley Publishing Company,,
books#volume,Complex Analysis,Mathematics,1991-06-25,1991,2,403.0,NOT_MATURE,FOR_SALE_AND_RENTAL,World Scientific Publishing Company,20.8,GBP
books#volume,The Nature of Mathematics,Mathematics,1919,1919,1,136.0,NOT_MATURE,NOT_FOR_SALE,,,
books#volume,The Number Sense,Mathematics,1999,1999,1,274.0,NOT_MATURE,NOT_FOR_SALE,,,
books#volume,Scientific Computing,Mathematics,2002,2002,1,584.0,NOT_MATURE,NOT_FOR_SALE,McGraw-Hill Companies,,
books#volume,Elements of Algebra,Mathematics,2006-08,2006,1,296.0,NOT_MATURE,NOT_FOR_SALE,,,
books#volume,The Traveling Salesman Problem and Its Variations,Mathematics,2002-05-31,2002,2,829.0,NOT_MATURE,NOT_FOR_SALE,Springer,,
books#volume,A Brief Guide to Algebraic Number Theory,Mathematics,2001-02-22,2001,1,160.0,NOT_MATURE,NOT_FOR_SALE,Cambridge University Press,,
books#volume,The Teaching and History of Mathematics in the United States,Mathematics,1890,1890,1,412.0,NOT_MATURE,FREE,,,
books#volume,Proofs from THE BOOK,Mathematics,2014-08-08,2014,2,0.0,NOT_MATURE,NOT_FOR_SALE,Springer,,
books#volume,Mathematical Thought From Ancient to Modern Times,Mathematics,1990-03-01,1990,1,480.0,NOT_MATURE,NOT_FOR_SALE,"Oxford University Press, USA",,
books#volume,Calculus Made Easy,Mathematics,2013-05-29,2013,1,280.0,NOT_MATURE,NOT_FOR_SALE,,,
books#volume,The Origins of Mathematical Knowledge in Childhood,Mathematics,2007,2007,1,224.0,NOT_MATURE,NOT_FOR_SALE,Routledge,,
books#volume,Treatise on Conic Sections,Mathematics,2019-03-08,2019,1,426.0,NOT_MATURE,NOT_FOR_SALE,Wentworth Press,,
books#volume,Fundamentals of Logic Design,Mathematics,2004,2004,1,730.0,NOT_MATURE,NOT_FOR_SALE,CL Engineering,,
books#volume,Bayesian Learning for Neural Networks,Mathematics,1996-08-09,1996,1,0.0,NOT_MATURE,NOT_FOR_SALE,Springer,,
books#volume,A Beginner's Guide to R,Mathematics,2009-06-24,2009,3,228.0,NOT_MATURE,FOR_SALE_AND_RENTAL,Springer Science & Business Media,53.3,GBP
books#volume,Problems and Theorems in Classical Set Theory,Mathematics,2008-11-01,2008,2,0.0,NOT_MATURE,NOT_FOR_SALE,Springer,,
books#volume,The First Six Books of the Elements of Euclid,Mathematics,2019-07-31,2019,1,212.0,NOT_MATURE,NOT_FOR_SALE,,,
books#volume,Mathematical Logic and the Foundations of Mathematics,Mathematics,1963,1963,1,460.0,NOT_MATURE,NOT_FOR_SALE,,,
books#volume,Infinitary Combinatorics and the Axiom of Determinateness,Mathematics,1977,1977,1,166.0,NOT_MATURE,NOT_FOR_SALE,Springer,,
books#volume,Treatise on Plane Co-Ordinate Geometry as Applied to the Straight Line and the Conic Sections,Mathematics,2015-06-15,2015,1,374.0,NOT_MATURE,NOT_FOR_SALE,Forgotten Books,,
books#volume,CRC Standard Mathematical Tables and Formulae,Mathematics,2012,2012,1,819.0,NOT_MATURE,NOT_FOR_SALE,,,
books#volume,Generalized Functions Theory and Technique,Mathematics,1998-01-01,1998,1,488.0,NOT_MATURE,NOT_FOR_SALE,Birkhäuser,,
books#volume,Empirical Bayes Methods,Mathematics,1970,1970,1,176.0,NOT_MATURE,NOT_FOR_SALE,,,
books#volume,The Physics of Chance,Mathematics,1992,1992,1,248.0,NOT_MATURE,NOT_FOR_SALE,,,
books#volume,Groups of Divisibility,Mathematics,1983-08-31,1983,1,200.0,NOT_MATURE,NOT_FOR_SALE,Springer Science & Business Media,,
books#volume,Introduction to Mathematical Statistics,Mathematics,2012-02-28,2012,3,705.0,NOT_MATURE,NOT_FOR_SALE,Pearson Higher Ed,,
books#volume,A Text-Book of Geometry (Classic Reprint),Mathematics,2018-01-10,2018,1,452.0,NOT_MATURE,NOT_FOR_SALE,Forgotten Books,,
books#volume,Program Evaluation,Mathematics,1988-07-31,1988,2,294.0,NOT_MATURE,NOT_FOR_SALE,Springer Science & Business Media,,
books#volume,A New System of Mercantile Arithmetic,Mathematics,2018-01-11,2018,1,282.0,NOT_MATURE,NOT_FOR_SALE,Forgotten Books,,
books#volume,Introduction to the Theory of Fourier's Series and Integrals,Mathematics,1930,1930,1,440.0,NOT_MATURE,NOT_FOR_SALE,,,
books#volume,Artificial Intelligence in Design. Artificial Intelligence in Manufacturing,Mathematics,1989-07-20,1989,2,1024.0,NOT_MATURE,NOT_FOR_SALE,Springer,,
books#volume,Time And Logic,Mathematics,1995-02-23,1995,1,325.0,NOT_MATURE,NOT_FOR_SALE,CRC Press,,
books#volume,Theory of Plates and Shells,Mathematics,1959,1959,2,608.0,NOT_MATURE,NOT_FOR_SALE,McGraw-Hill Publishing Company,,
books#volume,Statistical Distributions,Mathematics,2011-03-21,2011,4,206.0,NOT_MATURE,FOR_SALE,John Wiley & Sons,62.99,GBP
books#volume,Coding and Information Theory,Mathematics,1986,1986,1,280.0,NOT_MATURE,NOT_FOR_SALE,Prentice Hall,,
books#volume,Republic (Collins Classics),Mathematics,2021-09-16,2021,1,448.0,NOT_MATURE,FOR_SALE,HarperCollins UK,1.99,GBP
books#volume,Wooden Eyes,Mathematics,2002-01-01,2002,1,261.0,NOT_MATURE,NOT_FOR_SALE,,,
books#volume,Elementary Functions,Mathematics,1997,1997,1,204.0,NOT_MATURE,NOT_FOR_SALE,,,
books#volume,Matrix Computations,Mathematics,2013-02-15,2013,2,781.0,NOT_MATURE,FOR_SALE,JHU Press,58.83,GBP
books#volume,Object-Oriented Programming via Fortran 90/95,Mathematics,2003-01-13,2003,1,0.0,NOT_MATURE,NOT_FOR_SALE,Cambridge University Press,,
books#volume,Optimization Theory for Large Systems,Mathematics,1970,1970,1,552.0,NOT_MATURE,NOT_FOR_SALE,[New York] : Macmillan,,
books#volume,Gale Encyclopedia of Science,Mathematics,2008,2008,2,4992.0,NOT_MATURE,NOT_FOR_SALE,Gale Cengage,,
books#volume,Mathematical Intuitionism: Introduction to Proof Theory,Mathematics,1988-12-31,1988,1,242.0,NOT_MATURE,FOR_SALE,American Mathematical Soc.,69.0,GBP
books#volume,Galois Theory,Mathematics,2012-03-27,2012,1,602.0,NOT_MATURE,FOR_SALE,John Wiley & Sons,57.99,GBP
books#volume,Theories of Existence,Mathematics,1984,1984,1,200.0,NOT_MATURE,NOT_FOR_SALE,Penguin Group,,
books#volume,Fourier Series,Mathematics,1976-06-01,1976,2,358.0,NOT_MATURE,NOT_FOR_SALE,Courier Corporation,,
books#volume,A Short Table of Integrals (Classic Reprint),Mathematics,2017-10-29,2017,1,40.0,NOT_MATURE,NOT_FOR_SALE,Forgotten Books,,
books#volume,Introduction to Finite Mathematics,Mathematics,1966,1966,3,488.0,NOT_MATURE,NOT_FOR_SALE,"Englewood Cliffs, N.J., Prentice-Hall [1966]",,
books#volume,Diophantus of Alexandria,Mathematics,2017-09-17,2017,1,400.0,NOT_MATURE,NOT_FOR_SALE,Forgotten Books,,
books#volume,Submodular Functions and Optimization,Mathematics,1991-01-01,1991,1,270.0,NOT_MATURE,NOT_FOR_SALE,North Holland,,
books#volume,Introduction to Real Analysis,Mathematics,2011-08-24,2011,2,418.0,NOT_MATURE,FOR_SALE,Wiley Global Education,43.95,GBP
books#volume,Essays on the Theory of Numbers,Mathematics,2015-07-27,2015,1,134.0,NOT_MATURE,NOT_FOR_SALE,,,
books#volume,Some Applications of Functional Analysis in Mathematical Physics,Mathematics,1991,1991,2,286.0,NOT_MATURE,NOT_FOR_SALE,Amer Mathematical Society,,
books#volume,Complex Numbers and Their Applications,Mathematics,1968,1968,1,264.0,NOT_MATURE,NOT_FOR_SALE,Longman Publishing Group,,
books#volume,Principia,Mathematics,2010-12-29,2010,1,455.0,NOT_MATURE,NOT_FOR_SALE,Simon and Schuster,,
books#volume,Linear Algebra and Matrix Theory,Mathematics,1970,1970,1,376.0,NOT_MATURE,NOT_FOR_SALE,John Wiley & Sons,,
books#volume,LISREL 8,Mathematics,1993,1993,2,260.0,NOT_MATURE,NOT_FOR_SALE,Scientific Software International,,
books#volume,"Matter, Imagination, and Geometry",Mathematics,2002,2002,1,328.0,NOT_MATURE,NOT_FOR_SALE,Ashgate Publishing,,
books#volume,"Little Books 1, 2, 3",Mathematics,1998-03,1998,1,86.0,NOT_MATURE,NOT_FOR_SALE,Good Year Books,,
books#volume,Encyclopedia of Time,Mathematics,2009-01-07,2009,1,2633.0,NOT_MATURE,FOR_SALE,SAGE Publications,240.26,GBP
books#volume,Repeated Measures Design for Empirical Researchers,Mathematics,2015-08-21,2015,1,288.0,NOT_MATURE,FOR_SALE,John Wiley & Sons,102.99,GBP
books#volume,Numerical Analysis and Scientific Computation,Mathematics,2004,2004,1,0.0,NOT_MATURE,NOT_FOR_SALE,Addison-Wesley Longman,,
books#volume,If ... Then,Mathematics,2018,2018,1,217.0,NOT_MATURE,NOT_FOR_SALE,Oxford University Press,,
books#volume,The Best Vacation Ever,Mathematics,1997,1997,1,33.0,NOT_MATURE,NOT_FOR_SALE,,,
books#volume,Statistical Rethinking,Mathematics,2020-03-13,2020,1,611.0,NOT_MATURE,FOR_SALE,CRC Press,67.59,GBP
books#volume,The Management of Consumer Credit,Mathematics,2008-04,2008,1,232.0,NOT_MATURE,NOT_FOR_SALE,Palgrave MacMillan,,
books#volume,Elements of Synthetic Solid Geometry (Classic Reprint),Mathematics,2018-05-08,2018,1,254.0,NOT_MATURE,NOT_FOR_SALE,Forgotten Books,,
books#volume,The Logic of Reliable Inquiry,Mathematics,1996-01-04,1996,1,449.0,NOT_MATURE,NOT_FOR_SALE,OUP USA,,
books#volume,"A Concise Introduction to Pure Mathematics, Third Edition",Mathematics,2010-08-16,2010,1,266.0,NOT_MATURE,NOT_FOR_SALE,CRC Press,,
books#volume,"Technics and Time, 1",Technology,1998,1998,1,322.0,NOT_MATURE,NOT_FOR_SALE,Stanford University Press,,
books#volume,The Wonderful Century,Technology,1899,1899,1,450.0,NOT_MATURE,FREE,,,
books#volume,Critical Theory of Technology,Technology,1991,1991,1,264.0,NOT_MATURE,NOT_FOR_SALE,"Oxford University Press, USA",,
books#volume,The Economics of Science and Technology,Technology,2002-05-31,2002,3,168.0,NOT_MATURE,NOT_FOR_SALE,Springer Science & Business Media,,
books#volume,European Cities & Technology,Technology,1999,1999,2,392.0,NOT_MATURE,NOT_FOR_SALE,Psychology Press,,
books#volume,Industrial Archaeology,Technology,1963,1963,1,220.0,NOT_MATURE,NOT_FOR_SALE,London : J. Baker,,
books#volume,"Science and Civilisation in China: Volume 3, Mathematics and the Sciences of the Heavens and the Earth",Technology,1959,1959,1,1150.0,NOT_MATURE,NOT_FOR_SALE,Cambridge University Press,,
books#volume,Science for All Americans,Technology,1990,1990,2,276.0,NOT_MATURE,NOT_FOR_SALE,"Oxford University Press, USA",,
books#volume,The Unabomber Manifesto,Technology,2023,2023,1,115.0,NOT_MATURE,NOT_FOR_SALE,BoD – Books on Demand,,
books#volume,Origin of Elements in the Solar System,Technology,2000,2000,1,642.0,NOT_MATURE,NOT_FOR_SALE,Springer Science & Business Media,,
books#volume,NASA Technical Translation,Technology,1965,1965,0,284.0,NOT_MATURE,FREE,,,
books#volume,"A Dictionary of Arts, Manufactures, and Mines",Technology,1853,1853,1,1148.0,NOT_MATURE,FREE,,,
books#volume,Freeze-drying of Pharmaceuticals and Biopharmaceuticals,Technology,2008,2008,2,220.0,NOT_MATURE,NOT_FOR_SALE,Royal Society of Chemistry,,
books#volume,Handbook of Batteries,Technology,2002,2002,2,1524.0,NOT_MATURE,NOT_FOR_SALE,McGraw-Hill Professional,,
books#volume,Ullmann's Encyclopedia of Industrial Chemistry,Technology,1995,1995,2,796.0,NOT_MATURE,NOT_FOR_SALE,Wiley-VCH,,
books#volume,Ullmann's Encyclopedia of Industrial Chemistry,Technology,1988,1988,1,728.0,NOT_MATURE,NOT_FOR_SALE,,,
books#volume,"Men, Machines, and Sacred Cows",Technology,1984,1984,1,216.0,NOT_MATURE,NOT_FOR_SALE,Hamish Hamilton,,
books#volume,The Fringe of the Unknown,Technology,1983,1983,1,226.0,NOT_MATURE,NOT_FOR_SALE,,,
books#volume,"A Dictionary of Arts, Manufactures, and Mines ...",Technology,1858,1858,1,1144.0,NOT_MATURE,FREE,,,
books#volume,Man and Technics,Technology,1976,1976,1,128.0,NOT_MATURE,NOT_FOR_SALE,Greenwood,,
books#volume,The Technology Trap,Technology,2020-09-22,2020,1,488.0,NOT_MATURE,NOT_FOR_SALE,Princeton University Press,,
books#volume,Splintering Urbanism,Technology,2001,2001,2,516.0,NOT_MATURE,NOT_FOR_SALE,Psychology Press,,
books#volume,Understanding Media,Technology,1964,1964,1,398.0,NOT_MATURE,NOT_FOR_SALE,New York : McGraw-Hill,,
books#volume,A Dictionary of General Knowledge,Technology,1830,1830,1,384.0,NOT_MATURE,FREE,,,
books#volume,Ullmann's Encyclopedia of Industrial Chemistry,Technology,1990,1990,2,782.0,NOT_MATURE,NOT_FOR_SALE,Wiley-VCH,,
books#volume,Industrial Arts Index,Technology,1951,1951,0,1916.0,NOT_MATURE,NOT_FOR_SALE,,,
books#volume,"The Oxford Encyclopedia of Philosophy, Science, and Technology in Islam",Technology,2014-04-01,2014,1,576.0,NOT_MATURE,NOT_FOR_SALE,"Oxford University Press, USA",,
books#volume,The Closing Circle,Technology,1971,1971,1,362.0,NOT_MATURE,NOT_FOR_SALE,Knopf Books for Young Readers,,
books#volume,Small is Beautiful,Technology,1973,1973,1,296.0,NOT_MATURE,NOT_FOR_SALE,,,
books#volume,Technology and War,Technology,1989,1989,1,376.0,NOT_MATURE,NOT_FOR_SALE,,,
books#volume,Technology in Comecon,Technology,1974,1974,1,408.0,NOT_MATURE,NOT_FOR_SALE,Greenwood,,
books#volume,Indistractable,Technology,2019,2019,2,337.0,NOT_MATURE,NOT_FOR_SALE,Bloomsbury Publishing,,
books#volume,Handbook of Nuclear Chemistry,Technology,2003,2003,3,422.0,NOT_MATURE,NOT_FOR_SALE,Springer Science & Business Media,,
books#volume,Homo Faber,Technology,1974,1974,1,219.0,NOT_MATURE,NOT_FOR_SALE,,,
books#volume,John Dewey's Pragmatic Technology,Technology,1990,1990,1,264.0,NOT_MATURE,NOT_FOR_SALE,,,
books#volume,Mortal Engines 2. Predator's Gold,Technology,2018-07-05,2018,1,352.0,NOT_MATURE,NOT_FOR_SALE,,,
books#volume,The Real World of Technology,Technology,1992,1992,1,148.0,NOT_MATURE,NOT_FOR_SALE,House of Anansi Press,,
books#volume,Standard Handbook for Electrical Engineers,Technology,2006-08-25,2006,2,1862.0,NOT_MATURE,NOT_FOR_SALE,Mcgraw-hill,,
books#volume,Textbook of Communication and Education Technology for Nurses,Technology,2011-07,2011,1,741.0,NOT_MATURE,NOT_FOR_SALE,JP Medical Ltd,,
books#volume,Applied Science for Metal Workers,Technology,1919,1919,1,482.0,NOT_MATURE,NOT_FOR_SALE,,,
books#volume,Overhead Power Lines,Technology,2003-02-26,2003,4,798.0,NOT_MATURE,NOT_FOR_SALE,Springer Science & Business Media,,
books#volume,"Communication, Technology and Society",Technology,2002-05-24,2002,1,296.0,MATURE,NOT_FOR_SALE,SAGE Publications Limited,,
books#volume,The Age of AI,Technology,2021-11-16,2021,3,0.0,NOT_MATURE,NOT_FOR_SALE,John Murray,,
books#volume,Industrial Society and Its Future: Unabomber Manifesto,Technology,2022-11-28,2022,1,0.0,NOT_MATURE,NOT_FOR_SALE,,,
books#volume,"The London Journal of Arts and Sciences, and Repertory of Patent Inventions",Technology,1842,1842,1,528.0,NOT_MATURE,FREE,,,
books#volume,The Unbound Prometheus,Technology,1969,1969,1,566.0,NOT_MATURE,NOT_FOR_SALE,,,
books#volume,International Library of Technology,Technology,1911,1911,0,546.0,NOT_MATURE,NOT_FOR_SALE,,,
books#volume,The Industries of Scotland,Technology,1869,1869,1,560.0,NOT_MATURE,FREE,,,
books#volume,Unbounding the Future,Technology,1991,1991,3,308.0,NOT_MATURE,NOT_FOR_SALE,,,
books#volume,The Shorter Science and Civilisation in China: Volume 3,Technology,1978,1978,2,316.0,NOT_MATURE,NOT_FOR_SALE,Cambridge University Press,,
books#volume,The Marxism of Marx,Technology,1972,1972,1,278.0,NOT_MATURE,NOT_FOR_SALE,London : Lawrence and Wishart,,
books#volume,The Playful World,Technology,2000,2000,1,312.0,NOT_MATURE,NOT_FOR_SALE,,,
books#volume,Future Hype,Technology,2006-04-13,2006,1,269.0,NOT_MATURE,NOT_FOR_SALE,Berrett-Koehler Publishers,,
books#volume,Science in Action,Technology,1979,1979,1,244.0,NOT_MATURE,NOT_FOR_SALE,CRC Press,,
books#volume,Leonardo to the Internet,Technology,2004,2004,1,354.0,NOT_MATURE,NOT_FOR_SALE,JHU Press,,
books#volume,The Popular Science Monthly,Technology,1878,1878,0,806.0,NOT_MATURE,FREE,,,
books#volume,Technology and Society,Technology,2010,2010,1,168.0,NOT_MATURE,NOT_FOR_SALE,Pearson Education India,,
books#volume,Encyclopedia of 20th-century Technology,Technology,2004,2004,0,1407.0,NOT_MATURE,NOT_FOR_SALE,,,
books#volume,A Short History of Technology,Technology,1970,1970,2,,NOT_MATURE,NOT_FOR_SALE,,,
books#volume,The Road to Revolution,Technology,2008,2008,1,404.0,NOT_MATURE,NOT_FOR_SALE,Xenia Editions,,
books#volume,Standard Handbook for Electrical Engineers,Technology,2000,2000,2,0.0,NOT_MATURE,NOT_FOR_SALE,McGraw-Hill Professional Publishing,,
books#volume,Transforming Technology,Technology,2002,2002,1,0.0,NOT_MATURE,NOT_FOR_SALE,,,
books#volume,Electronics Engineers' Handbook,Technology,1989,1989,2,2502.0,NOT_MATURE,NOT_FOR_SALE,McGraw-Hill Companies,,
books#volume,Visions of Technology,Technology,1999,1999,1,399.0,NOT_MATURE,NOT_FOR_SALE,,,
books#volume,Engineers of the Renaissance,Technology,1966,1966,1,272.0,NOT_MATURE,NOT_FOR_SALE,London : Lund Humphries,,
books#volume,The Human Condition,Technology,1990-01-01,1990,1,332.0,NOT_MATURE,NOT_FOR_SALE,Peter Smith Pub Incorporated,,
books#volume,Browning's Industrial Magazine,Technology,1906,1906,0,784.0,NOT_MATURE,NOT_FOR_SALE,,,
books#volume,Technology and the Future,Technology,2012-01-01,2012,1,384.0,NOT_MATURE,NOT_FOR_SALE,Cengage Learning,,
books#volume,Fundamentals of Logic Design,Technology,2004,2004,1,730.0,NOT_MATURE,NOT_FOR_SALE,CL Engineering,,
books#volume,Technological Revolution?,Technology,1985,1985,3,260.0,NOT_MATURE,NOT_FOR_SALE,Routledge,,
books#volume,State of fear,Technology,2004,2004,1,0.0,NOT_MATURE,NOT_FOR_SALE,,,
books#volume,Classified Guide to Technical and Commercial Books,Technology,1904,1904,0,272.0,NOT_MATURE,NOT_FOR_SALE,,,
books#volume,The Human Condition,Technology,1958,1958,1,23.0,NOT_MATURE,NOT_FOR_SALE,Rob Shepherd,,
books#volume,Psychological Operations in Guerrilla Warfare,Technology,1985,1985,4,452.0,NOT_MATURE,NOT_FOR_SALE,Vintage,,
books#volume,Feedback Control of Dynamic Systems,Technology,2002,2002,3,0.0,NOT_MATURE,NOT_FOR_SALE,,,
books#volume,International Library of Technology,Technology,1903,1903,0,660.0,NOT_MATURE,NOT_FOR_SALE,,,
books#volume,The Origins of Japanese Trade Supremacy,Technology,1996,1996,1,471.0,NOT_MATURE,NOT_FOR_SALE,,,
books#volume,The Technology of Man,Technology,1980,1980,2,274.0,NOT_MATURE,NOT_FOR_SALE,Holt McDougal,,
books#volume,The Machine in the Garden,Technology,2000,2000,1,423.0,NOT_MATURE,NOT_FOR_SALE,,,
books#volume,A History of Invention,Technology,2000,2000,3,367.0,NOT_MATURE,NOT_FOR_SALE,,,
books#volume,McGraw-Hill Dictionary of Scientific and Technical Terms,Technology,1994,1994,1,2242.0,NOT_MATURE,NOT_FOR_SALE,,,
books#volume,Science and the Raj,Technology,2006,2006,1,309.0,NOT_MATURE,NOT_FOR_SALE,,,
books#volume,McGraw-Hill Dictionary of Science and Engineering,Technology,1984-01-01,1984,1,942.0,NOT_MATURE,NOT_FOR_SALE,McGraw-Hill Companies,,
books#volume,Constructing a Bridge,Technology,1997,1997,1,482.0,NOT_MATURE,NOT_FOR_SALE,MIT Press,,
books#volume,Competing in the Electronics Industry,Technology,1992,1992,2,308.0,NOT_MATURE,NOT_FOR_SALE,"Paris, France : Development Centre of the Organisation for Economic Co-operation and Development ; Washington, D.C. : OECD Publications and Information Centre",,
books#volume,"Science, Technology, and Society in Postwar Japan",Technology,1991,1991,1,288.0,NOT_MATURE,NOT_FOR_SALE,Routledge,,
books#volume,Virtual Reality,Technology,1991,1991,1,424.0,NOT_MATURE,NOT_FOR_SALE,Simon & Schuster,,
books#volume,The Genius of China,Technology,1998,1998,1,248.0,NOT_MATURE,NOT_FOR_SALE,,,
books#volume,Man and Technics,Technology,1963,1963,1,104.0,NOT_MATURE,NOT_FOR_SALE,,,
books#volume,American Technological Sublime,Technology,1994,1994,1,362.0,NOT_MATURE,NOT_FOR_SALE,MIT Press (MA),,
books#volume,"Rethinking Science, Technology, and Social Change",Technology,2007,2007,1,202.0,NOT_MATURE,NOT_FOR_SALE,,,
books#volume,"The Oxford Encyclopedia of the History of American Science, Medicine, and Technology",Technology,2014,2014,1,,NOT_MATURE,NOT_FOR_SALE,,,
books#volume,The Evolution of Useful Things,Technology,1992,1992,1,312.0,NOT_MATURE,NOT_FOR_SALE,Alfred A. Knopf,,
books#volume,Powers of the Rational,Technology,1994,1994,1,312.0,NOT_MATURE,NOT_FOR_SALE,,,
books#volume,Scientific and Technical Information Resources,Technology,2020,2020,1,432.0,NOT_MATURE,NOT_FOR_SALE,,,
books#volume,Set Phasers on Stun,Technology,1993,1993,1,232.0,NOT_MATURE,NOT_FOR_SALE,,,
books#volume,Future Work,Technology,1985,1985,1,248.0,NOT_MATURE,NOT_FOR_SALE,"Aldershot, Hants : Gower/Maurice Temple Smith",,
books#volume,You are Not a Gadget,Technology,2010,2010,1,209.0,NOT_MATURE,NOT_FOR_SALE,,,
books#volume,The Technological Society,Technology,1967,1967,1,449.0,NOT_MATURE,NOT_FOR_SALE,,,
books#volume,"Children, Technology, and Culture",Technology,2001,2001,2,189.0,NOT_MATURE,NOT_FOR_SALE,Routledge,,
books#volume,The Ancient Engineers,Technology,1980,1980,1,450.0,NOT_MATURE,NOT_FOR_SALE,Ballantine Books,,
books#volume,"A Dictionary of Arts, Manufactures, and Mines",Technology,1853,1853,1,1639.0,NOT_MATURE,NOT_FOR_SALE,,,
books#volume,Anti-tech Revolution,Technology,2015,2015,1,236.0,NOT_MATURE,NOT_FOR_SALE,,,
books#volume,Gale Encyclopedia of Science,Technology,2008,2008,2,4992.0,NOT_MATURE,NOT_FOR_SALE,Gale Cengage,,
books#volume,Dielectric Phenomena in High Voltage Engineering,Technology,1915,1915,1,312.0,NOT_MATURE,NOT_FOR_SALE,Watchmaker Publishing,,
books#volume,I Seem to be a Verb,Technology,1970,1970,3,200.0,NOT_MATURE,NOT_FOR_SALE,,,
books#volume,Nuevo diccionario politécnico de las lenguas española e inglesa,Technology,1988,1988,0,,NOT_MATURE,NOT_FOR_SALE,,,
books#volume,Approaching the Benign Environment,Technology,1970,1970,2,142.0,NOT_MATURE,NOT_FOR_SALE,University of Alabama Press,,
books#volume,Science and Technology in the Middle East,Technology,1982,1982,1,344.0,NOT_MATURE,NOT_FOR_SALE,Longman Publishing Group,,
books#volume,Science and Technology,Technology,1966,1966,1,120.0,NOT_MATURE,FREE,,,
books#volume,Technology in World Civilization,Technology,1990,1990,1,238.0,NOT_MATURE,NOT_FOR_SALE,Mit Press,,
books#volume,"Technology, Planning, and Self-reliant Development",Technology,1979,1979,1,218.0,NOT_MATURE,NOT_FOR_SALE,Greenwood,,
books#volume,Lewis Mumford,Technology,1990,1990,2,460.0,NOT_MATURE,NOT_FOR_SALE,"Oxford University Press, USA",,
books#volume,Information Sources in Science and Technology,Technology,1986,1986,2,344.0,NOT_MATURE,NOT_FOR_SALE,Butterworth-Heinemann,,
books#volume,The End of Work,Technology,1995,1995,1,372.0,NOT_MATURE,NOT_FOR_SALE,Tarcher,,
books#volume,Operating Manual for Spaceship Earth,Technology,1971,1971,1,143.0,NOT_MATURE,NOT_FOR_SALE,,,
books#volume,Introduction to Fourier Optics,Technology,1996,1996,1,441.0,NOT_MATURE,NOT_FOR_SALE,McGraw-Hill Book Company Limited,,
books#volume,"Groundbreaking Scientific Experiments, Inventions, and Discoveries of the Middle Ages and the Renaissance",Technology,2004-03-30,2004,1,0.0,NOT_MATURE,NOT_FOR_SALE,Greenwood,,
books#volume,Bountiful Harvest,Technology,2002,2002,1,284.0,NOT_MATURE,FOR_SALE,Cato Institute,3.95,GBP
books#volume,The Gecko's Foot,Technology,2005,2005,1,298.0,NOT_MATURE,NOT_FOR_SALE,,,
books#volume,Positive Computing,Technology,2014-11-28,2014,2,299.0,NOT_MATURE,NOT_FOR_SALE,MIT Press,,
books#volume,Technology in Home Economics,Technology,1988,1988,1,16.0,NOT_MATURE,NOT_FOR_SALE,,,
books#volume,Lifelong Kindergarten,Technology,2017-08-25,2017,1,203.0,NOT_MATURE,NOT_FOR_SALE,MIT Press,,
books#volume,The Shock of the Old,Technology,2007,2007,1,289.0,NOT_MATURE,NOT_FOR_SALE,Oxford University Press,,
books#volume,From Machine Shop to Industrial Laboratory,Technology,1992-09,1992,1,272.0,NOT_MATURE,NOT_FOR_SALE,,,
books#volume,Science and Technology in the USA,Technology,1986,1986,2,440.0,NOT_MATURE,NOT_FOR_SALE,Longman Publishing Group,,
books#volume,Medieval Religion and Technology,Technology,2024-07-26,2024,1,432.0,NOT_MATURE,NOT_FOR_SALE,Univ of California Press,,
books#volume,Encyclopedia of Separation Science,Technology,2000,2000,4,476.0,NOT_MATURE,NOT_FOR_SALE,,,
books#volume,Science and Empire,Technology,2026,2026,1,0.0,NOT_MATURE,NOT_FOR_SALE,,,
books#volume,Everyday Mysteries,Technology,1923,1923,1,246.0,NOT_MATURE,NOT_FOR_SALE,,,
books#volume,The Children of Frankenstein,Technology,1970,1970,1,452.0,NOT_MATURE,NOT_FOR_SALE,Midland Books,,
books#volume,Scientific and Technological Communication,Technology,1969,1969,1,172.0,NOT_MATURE,NOT_FOR_SALE,Pergamon,,
books#volume,Visions Of Technology,Technology,2000-12-07,2000,1,400.0,NOT_MATURE,NOT_FOR_SALE,Simon and Schuster,,
books#volume,Megawatts and Megatons,Technology,2001,2001,2,440.0,NOT_MATURE,NOT_FOR_SALE,Knopf,,
books#volume,"The Mechanics' Magazine, Museum, Register, Journal, and Gazette",Technology,1841,1841,0,506.0,NOT_MATURE,FREE,,,
books#volume,International Library of Technology,Technology,1901,1901,0,0.0,NOT_MATURE,NOT_FOR_SALE,,,
books#volume,Fame,Technology,2011,2011,1,202.0,NOT_MATURE,NOT_FOR_SALE,Quercus Books,,
books#volume,Neural Networks,Technology,1990,1990,1,326.0,NOT_MATURE,NOT_FOR_SALE,,,
books#volume,A Guide to U.S. Government Scientific and Technical Resources,Technology,1983,1983,2,326.0,NOT_MATURE,NOT_FOR_SALE,,,
books#volume,Statistics on Science and Technology in Latin America,Technology,1976,1976,1,80.0,NOT_MATURE,NOT_FOR_SALE,,,
books#volume,Inventing the Modern World,Technology,2000,2000,1,224.0,NOT_MATURE,NOT_FOR_SALE,,,
books#volume,The Information Society,Technology,1988-01,1988,1,196.0,NOT_MATURE,NOT_FOR_SALE,Cambridge : Polity Press ; Oxford [Oxfordshire] ; New York : Blackwell,,
books#volume,Technopolis,Technology,1970,1970,1,408.0,NOT_MATURE,NOT_FOR_SALE,New York : Simon and Schuster,,
books#volume,When Religion Meets New Media,Technology,2010-04-05,2010,1,228.0,NOT_MATURE,NOT_FOR_SALE,Routledge,,
books#volume,Scientific and Technical Libraries in the Seventies,Technology,1981,1981,1,184.0,NOT_MATURE,NOT_FOR_SALE,"Detroit, Mich. : Gale Research Company",,
books#volume,A Dictionary of Chemical Engineering,Technology,2014,2014,1,449.0,NOT_MATURE,NOT_FOR_SALE,Oxford University Press,,
books#volume,Signals and Systems in Biomedical Engineering,Technology,2000,2000,1,364.0,NOT_MATURE,NOT_FOR_SALE,Springer Science & Business Media,,
books#volume,An Encyclopaedia of the History of Technology,Technology,1990,1990,1,1062.0,NOT_MATURE,NOT_FOR_SALE,London ; New York : Routledge,,
books#volume,The Age of Surveillance Capitalism,Technology,2019-01-17,2019,1,691.0,NOT_MATURE,NOT_FOR_SALE,,,
books#volume,Control Techniques Drives and Controls Handbook,Technology,2001,2001,1,436.0,NOT_MATURE,NOT_FOR_SALE,Univ. Press of Mississippi,,
books#volume,Engineering and the Liberal Arts,Technology,1968,1968,1,296.0,NOT_MATURE,NOT_FOR_SALE,McGraw-Hill Companies,,
books#volume,The Social Construction of Technological Systems,Technology,1989,1989,4,428.0,NOT_MATURE,NOT_FOR_SALE,MIT Press,,
books#volume,Ancient Inventions,Technology,1994,1994,3,704.0,NOT_MATURE,NOT_FOR_SALE,"Random House Digital, Inc.",,
books#volume,Viroid Life,Technology,1997,1997,1,232.0,NOT_MATURE,NOT_FOR_SALE,Psychology Press,,
books#volume,Neuroanatomy,Technology,2012-04-03,2012,1,477.0,NOT_MATURE,NOT_FOR_SALE,OUP USA,,
books#volume,America's Technology Slip,Technology,1980,1980,1,312.0,NOT_MATURE,NOT_FOR_SALE,John Wiley & Sons,,
books#volume,All about Coding,Technology,2017,2017,1,0.0,NOT_MATURE,NOT_FOR_SALE,Focus Readers,,
books#volume,All the Modern Conveniences,Technology,1996,1996,1,216.0,NOT_MATURE,NOT_FOR_SALE,,,
books#volume,T'ien-kung K'ai-wu,Technology,1966,1966,1,396.0,NOT_MATURE,NOT_FOR_SALE,,,
books#volume,One Thousand Technical Books,Technology,1919,1919,1,132.0,NOT_MATURE,NOT_FOR_SALE,,,
books#volume,Islamic Science and Engineering,Engineering,1993,1993,1,0.0,NOT_MATURE,NOT_FOR_SALE,,,
books#volume,"Sphere Packings, Lattices and Groups",Engineering,1998-12-07,1998,2,806.0,NOT_MATURE,NOT_FOR_SALE,Springer Science & Business Media,,
books#volume,Studies in Aeschylus,Engineering,1990,1990,1,428.0,NOT_MATURE,NOT_FOR_SALE,Vieweg+teubner Verlag,,
books#volume,Introduction to Optimal Estimation,Engineering,1999-09-30,1999,2,404.0,NOT_MATURE,NOT_FOR_SALE,Springer Science & Business Media,,
books#volume,Structuresor Why Things Don’t Fall Down,Engineering,1978-09,1978,1,436.0,NOT_MATURE,NOT_FOR_SALE,Springer,,
books#volume,Marine Painting Manual,Engineering,1989-10-31,1989,1,346.0,NOT_MATURE,NOT_FOR_SALE,Springer Science & Business Media,,
books#volume,Introduction to Contact Mechanics,Engineering,2000-04-27,2000,1,213.0,NOT_MATURE,NOT_FOR_SALE,Springer Science & Business Media,,
books#volume,Macro-Engineering,Engineering,2007-05-27,2007,3,322.0,NOT_MATURE,FOR_SALE_AND_RENTAL,Springer Science & Business Media,88.65,GBP
books#volume,"Tuning, Timbre, Spectrum, Scale",Engineering,2013-06-05,2013,1,346.0,NOT_MATURE,FOR_SALE_AND_RENTAL,Springer Science & Business Media,48.4,GBP
books#volume,Introduction to Fire Safety Management,Engineering,2007,2007,2,435.0,NOT_MATURE,NOT_FOR_SALE,Routledge,,
books#volume,The Ancient Engineers,Engineering,1963,1963,1,432.0,NOT_MATURE,NOT_FOR_SALE,Ballantine Books,,
books#volume,Science for All Americans,Engineering,1990,1990,2,276.0,NOT_MATURE,NOT_FOR_SALE,"Oxford University Press, USA",,
books#volume,Advanced Automotive Fault Diagnosis,Engineering,2006,2006,1,289.0,NOT_MATURE,NOT_FOR_SALE,Routledge,,
books#volume,Statistics for Technology,Engineering,1978,1978,1,424.0,NOT_MATURE,NOT_FOR_SALE,Chapman & Hall,,
books#volume,Low-Temperature Physics,Engineering,2005-04-05,2005,2,579.0,NOT_MATURE,NOT_FOR_SALE,Springer Science & Business Media,,
books#volume,Science for Engineering,Engineering,2013-01-17,2013,1,473.0,NOT_MATURE,NOT_FOR_SALE,Routledge,,
books#volume,Lives of the Engineers,Engineering,1862,1862,1,522.0,NOT_MATURE,FREE,,,
books#volume,Applied Electromagnetism and Materials,Engineering,2006-12-18,2006,1,354.0,NOT_MATURE,NOT_FOR_SALE,Springer Science & Business Media,,
books#volume,Upgrading and Repairing PCs,Engineering,1994,1994,1,1572.0,NOT_MATURE,NOT_FOR_SALE,Prentice Hall,,
books#volume,Spinning the Web,Engineering,2012-12-06,2012,1,543.0,NOT_MATURE,FOR_SALE_AND_RENTAL,Springer Science & Business Media,29.49,GBP
books#volume,Miscellaneous Scientific Papers,Engineering,1881,1881,2,638.0,NOT_MATURE,FREE,,,
books#volume,Introduction to Avionics Systems,Engineering,2002-12-31,2002,1,804.0,NOT_MATURE,NOT_FOR_SALE,Springer Science & Business Media,,
books#volume,Elements of Shipping,Engineering,1996,1996,1,560.0,NOT_MATURE,NOT_FOR_SALE,Springer,,
books#volume,Different Engines,Engineering,2007-11-04,2007,2,274.0,NOT_MATURE,NOT_FOR_SALE,Palgrave Macmillan,,
books#volume,Introduction to Stochastic Calculus with Applications,Engineering,2005,2005,1,431.0,NOT_MATURE,NOT_FOR_SALE,Imperial College Press,,
books#volume,Aerodynamic Theory,Engineering,2013-03-12,2013,1,453.0,NOT_MATURE,FOR_SALE,Springer-Verlag,23.39,GBP
books#volume,Civil Engineering Heritage,Engineering,1981,1981,1,200.0,NOT_MATURE,NOT_FOR_SALE,Thomas Telford Publishing,,
books#volume,Industrial Arts Index,Engineering,1951,1951,0,1916.0,NOT_MATURE,NOT_FOR_SALE,,,
books#volume,Wavelet Transforms and Their Applications,Engineering,2002,2002,1,586.0,NOT_MATURE,NOT_FOR_SALE,Springer Science & Business Media,,
books#volume,"Society of Engineers, London",Engineering,1865,1865,1,354.0,NOT_MATURE,FREE,,,
books#volume,Maintenance and Reliability Best Practices,Engineering,2009,2009,2,434.0,NOT_MATURE,NOT_FOR_SALE,Industrial Press Inc.,,
books#volume,Quantum Mechanics for Applied Physics and Engineering,Engineering,1981,1981,1,458.0,NOT_MATURE,NOT_FOR_SALE,,,
books#volume,How to Solve It: Modern Heuristics,Engineering,2004-09-21,2004,2,578.0,NOT_MATURE,NOT_FOR_SALE,Springer Science & Business Media,,
books#volume,The Mechanics of Engineering,Engineering,1902,1902,1,726.0,NOT_MATURE,NOT_FOR_SALE,,,
books#volume,The Engineer,Engineering,1869,1869,0,502.0,NOT_MATURE,FREE,,,
books#volume,Engineering,Engineering,1868,1868,0,758.0,NOT_MATURE,FREE,,,
books#volume,Energiya-Buran,Engineering,2007-10-04,2007,2,526.0,NOT_MATURE,NOT_FOR_SALE,Praxis,,
books#volume,The Computer - My Life,Engineering,1993-09-28,1993,1,268.0,NOT_MATURE,NOT_FOR_SALE,Springer Science & Business Media,,
books#volume,Comprehensive Dictionary of Electrical Engineering,Engineering,1999-01-01,1999,1,738.0,NOT_MATURE,NOT_FOR_SALE,Springer Science & Business Media,,
books#volume,Communication Satellites,Engineering,2007,2007,3,812.0,NOT_MATURE,NOT_FOR_SALE,,,
books#volume,Complex System Maintenance Handbook,Engineering,2008-04-18,2008,2,648.0,NOT_MATURE,NOT_FOR_SALE,Springer Science & Business Media,,
books#volume,Encyclopedia of Applied Physics,Engineering,1991,1991,1,640.0,NOT_MATURE,NOT_FOR_SALE,,,
books#volume,Overhead Power Lines,Engineering,2003-02-26,2003,4,798.0,NOT_MATURE,NOT_FOR_SALE,Springer Science & Business Media,,
books#volume,International Library of Technology,Engineering,1906,1906,0,480.0,NOT_MATURE,NOT_FOR_SALE,,,
books#volume,"Kinematics, statics, kinetics, statics of rigid bodies and of elastic solids",Engineering,1902,1902,1,686.0,NOT_MATURE,NOT_FOR_SALE,,,
books#volume,Physics of Semiconductor Devices,Engineering,2005-10-03,2005,2,460.0,NOT_MATURE,NOT_FOR_SALE,Springer Science & Business Media,,
books#volume,Wireless Sensor Networks,Engineering,2005-07-01,2005,3,421.0,NOT_MATURE,NOT_FOR_SALE,Springer Science & Business Media,,
books#volume,Handbook of Information and Communication Security,Engineering,2010-11-16,2010,2,867.0,NOT_MATURE,NOT_FOR_SALE,Springer,,
books#volume,International Library of Technology,Engineering,1903,1903,0,604.0,NOT_MATURE,NOT_FOR_SALE,,,
books#volume,A History of Engineering in Classical and Medieval Times,Engineering,1996,1996,1,263.0,NOT_MATURE,NOT_FOR_SALE,Psychology Press,,
books#volume,Space Shuttle Columbia,Engineering,2005,2005,1,516.0,NOT_MATURE,NOT_FOR_SALE,Springer Science & Business Media,,
books#volume,Exploring C for Microcontrollers,Engineering,2010-10-19,2010,4,157.0,NOT_MATURE,NOT_FOR_SALE,Springer,,
books#volume,ISA Handbook of Measurement Equations and Tables,Engineering,2006,2006,1,328.0,NOT_MATURE,NOT_FOR_SALE,,,
books#volume,Take-off,Engineering,2008,2008,2,321.0,NOT_MATURE,NOT_FOR_SALE,,,
books#volume,"Circuits, Devices, and Systems",Engineering,1966,1966,1,800.0,NOT_MATURE,NOT_FOR_SALE,,,
books#volume,Writing Testbenches using SystemVerilog,Engineering,2008-11-01,2008,1,412.0,NOT_MATURE,NOT_FOR_SALE,Springer,,
books#volume,Simulation-Based Case Studies in Logistics,Engineering,2010-10-13,2010,4,232.0,NOT_MATURE,NOT_FOR_SALE,Springer,,
books#volume,International Library of Technology,Engineering,1908,1908,0,646.0,NOT_MATURE,NOT_FOR_SALE,,,
books#volume,Solar Sailing,Engineering,2004-02-20,2004,1,332.0,NOT_MATURE,NOT_FOR_SALE,Springer Science & Business Media,,
books#volume,Wizard,Engineering,1996,1996,1,580.0,NOT_MATURE,NOT_FOR_SALE,,,
books#volume,Explosions in the Process Industries,Engineering,1994,1994,1,82.0,NOT_MATURE,NOT_FOR_SALE,IChemE,,
books#volume,The Engineering Index,Engineering,1901,1901,4,1060.0,NOT_MATURE,NOT_FOR_SALE,,,
books#volume,Wonders of the Ancient World,Engineering,2009,2009,1,200.0,NOT_MATURE,NOT_FOR_SALE,,,
books#volume,Handbook of Physics,Engineering,2006-01-13,2006,4,1183.0,NOT_MATURE,NOT_FOR_SALE,Springer Science & Business Media,,
books#volume,Modeling and Simulation,Engineering,2013-11-11,2013,1,497.0,NOT_MATURE,FOR_SALE,Springer-Verlag,23.39,GBP
books#volume,The Ancient Engineers,Engineering,1990,1990,1,408.0,NOT_MATURE,NOT_FOR_SALE,,,
books#volume,Intelligent Data Analysis,Engineering,1999-07-08,1999,2,424.0,NOT_MATURE,NOT_FOR_SALE,Springer,,
books#volume,Just-in-Time,Engineering,1989-09-06,1989,2,172.0,NOT_MATURE,NOT_FOR_SALE,Springer,,
books#volume,"Project Management for Business, Engineering, and Technology",Engineering,2008,2008,2,746.0,NOT_MATURE,NOT_FOR_SALE,Elsevier,,
books#volume,Fundamentals of Engineering Supplied-reference Handbook,Engineering,2008,2008,1,272.0,NOT_MATURE,NOT_FOR_SALE,,,
books#volume,Mathematics Handbook for Science and Engineering,Engineering,2010-12-05,2010,2,562.0,NOT_MATURE,NOT_FOR_SALE,Springer,,
books#volume,Fundamentals of Automotive and Engine Technology,Engineering,2014-07-10,2014,1,0.0,NOT_MATURE,NOT_FOR_SALE,Springer Vieweg,,
books#volume,Computational Methods in Physics and Engineering,Engineering,1997,1997,1,524.0,NOT_MATURE,NOT_FOR_SALE,World Scientific,,
books#volume,International Library of Technology,Engineering,1903,1903,0,782.0,NOT_MATURE,NOT_FOR_SALE,,,
books#volume,Fundamentals of Power Electronics,Engineering,2001-01-31,2001,2,882.0,NOT_MATURE,NOT_FOR_SALE,Springer Science & Business Media,,
books#volume,Circuit Design: Know It All,Engineering,2008-08-25,2008,1,1249.0,NOT_MATURE,NOT_FOR_SALE,Newnes,,
books#volume,Encyclopedia of Applied Physics,Engineering,1991,1991,1,114.0,NOT_MATURE,NOT_FOR_SALE,,,
books#volume,Deployable Structures,Engineering,2002-02-06,2002,1,380.0,NOT_MATURE,NOT_FOR_SALE,Springer Science & Business Media,,
books#volume,The Royal Engineers Journal,Engineering,1920,1920,0,344.0,NOT_MATURE,NOT_FOR_SALE,,,
books#volume,Handbook of Formulas and Tables for Signal Processing,Engineering,1998-09-29,1998,1,864.0,NOT_MATURE,NOT_FOR_SALE,CRC Press,,
books#volume,Instrumentation Reference Book,Engineering,2010,2010,1,936.0,NOT_MATURE,NOT_FOR_SALE,Butterworth-Heinemann,,
books#volume,Reinforcement Learning,Engineering,2012-03-14,2012,2,638.0,NOT_MATURE,NOT_FOR_SALE,Springer,,
books#volume,Engineering Tables and Data,Engineering,1991,1991,3,181.0,NOT_MATURE,NOT_FOR_SALE,Chapman & Hall,,
books#volume,Frontiers in Computer Education,Engineering,2012-02-29,2012,0,1196.0,NOT_MATURE,NOT_FOR_SALE,Springer,,
books#volume,Speaking with a Commonality Language,Engineering,2007,2007,3,56.0,NOT_MATURE,FOR_SALE,Rand Corporation,5.03,GBP
books#volume,The Locomotive,Engineering,1929,1929,0,344.0,NOT_MATURE,NOT_FOR_SALE,,,
books#volume,Emerging Space Powers,Engineering,2010-03-19,2010,3,732.0,NOT_MATURE,NOT_FOR_SALE,Praxis,,
books#volume,Circuits and Filters Handbook,Engineering,1995-06-29,1995,1,0.0,NOT_MATURE,NOT_FOR_SALE,CRC-Press,,
books#volume,Engineers,Engineering,2012,2012,1,0.0,NOT_MATURE,NOT_FOR_SALE,DK Publishing (Dorling Kindersley),,
books#volume,WDM Systems and Networks,Engineering,2011-12-07,2011,3,536.0,NOT_MATURE,NOT_FOR_SALE,Springer Science & Business Media,,
books#volume,On the Moon,Engineering,2007-04-13,2007,2,503.0,NOT_MATURE,NOT_FOR_SALE,Springer Science & Business Media,,
books#volume,CRC Handbook of Tables for Applied Engineering Science,Engineering,1970,1970,2,975.0,NOT_MATURE,NOT_FOR_SALE,,,
books#volume,"Food Oils and Fats: Technology, Utilization and Nutrition",Engineering,1995-12-31,1995,1,360.0,NOT_MATURE,NOT_FOR_SALE,Springer Science & Business Media,,
books#volume,McGraw-Hill Dictionary of Science and Engineering,Engineering,1984-01-01,1984,1,942.0,NOT_MATURE,NOT_FOR_SALE,McGraw-Hill Companies,,
books#volume,Engineering Science,Engineering,2015-10-06,2015,2,552.0,NOT_MATURE,NOT_FOR_SALE,,,
books#volume,Engineering as a Vocation,Engineering,1911,1911,1,220.0,NOT_MATURE,NOT_FOR_SALE,,,
books#volume,Laws and Models,Engineering,1999-09-28,1999,1,560.0,NOT_MATURE,NOT_FOR_SALE,CRC Press,,
books#volume,Acoustics of Wood,Engineering,2010-02-12,2010,1,0.0,NOT_MATURE,NOT_FOR_SALE,Springer,,
books#volume,Proceedings of the Royal Society of London,Engineering,1921,1921,1,560.0,NOT_MATURE,NOT_FOR_SALE,,,
books#volume,FinFETs and Other Multi-Gate Transistors,Engineering,2008-11-01,2008,1,0.0,NOT_MATURE,NOT_FOR_SALE,Springer,,
books#volume,Experimental Methods for Engineers,Engineering,1966,1966,1,436.0,NOT_MATURE,NOT_FOR_SALE,,,
books#volume,Robotics Research,Engineering,2007-02-05,2007,3,582.0,NOT_MATURE,NOT_FOR_SALE,Springer Science & Business Media,,
books#volume,Engineering Labour,Engineering,1996-08-17,1996,3,310.0,NOT_MATURE,NOT_FOR_SALE,Verso,,
books#volume,Newnes Engineering Science Pocket Book,Engineering,1983,1983,1,358.0,NOT_MATURE,NOT_FOR_SALE,,,
books#volume,The Engineering Handbook,Engineering,2005,2005,0,,NOT_MATURE,NOT_FOR_SALE,,,
books#volume,Take-off,Engineering,2008,2008,1,0.0,NOT_MATURE,NOT_FOR_SALE,,,
books#volume,Earthquake Resistant Buildings,Engineering,2011-08-19,2011,1,706.0,NOT_MATURE,NOT_FOR_SALE,Springer,,
books#volume,Biomedical Informatics,Engineering,2006-05-25,2006,1,1084.0,NOT_MATURE,NOT_FOR_SALE,Springer Science & Business Media,,
books#volume,The Mechanical Design Process,Engineering,2010,2010,1,456.0,NOT_MATURE,NOT_FOR_SALE,"McGraw-Hill Science, Engineering & Mathematics",,
books#volume,Encyclopedia of Applied Physics,Engineering,1996,1996,0,650.0,NOT_MATURE,NOT_FOR_SALE,,,
books#volume,Architecture of Systems Problem Solving,Engineering,1985-08-31,1985,1,568.0,NOT_MATURE,NOT_FOR_SALE,Springer,,
books#volume,The Ancient Engineers,Engineering,1980,1980,1,450.0,NOT_MATURE,NOT_FOR_SALE,Ballantine Books,,
books#volume,Space Mission Analysis and Design,Engineering,2013-10-05,2013,2,0.0,NOT_MATURE,NOT_FOR_SALE,Springer,,
books#volume,Gale Encyclopedia of Science,Engineering,2008,2008,2,4992.0,NOT_MATURE,NOT_FOR_SALE,Gale Cengage,,
books#volume,Semiconductor Device Physics and Design,Engineering,2007-11-28,2007,2,583.0,NOT_MATURE,NOT_FOR_SALE,Springer Science & Business Media,,
books#volume,History of Engineering and Technology,Engineering,2017,2017,1,,NOT_MATURE,NOT_FOR_SALE,,,
books#volume,Fatigue of Structures and Materials,Engineering,2001,2001,1,528.0,NOT_MATURE,NOT_FOR_SALE,Springer Science & Business Media,,
books#volume,Fundamentals of Semiconductors,Engineering,2010-05-17,2010,2,775.0,NOT_MATURE,NOT_FOR_SALE,Springer,,
books#volume,Advanced Materials and Application,Engineering,2022-10-10,2022,1,106.0,NOT_MATURE,FOR_SALE,Trans Tech Publications Ltd,115.99,GBP
books#volume,Principles of Digital Transmission,Engineering,1999-07-31,1999,2,871.0,NOT_MATURE,NOT_FOR_SALE,Springer Science & Business Media,,
books#volume,The Technical Arts and Sciences of the Ancients,Engineering,2003,2003,1,0.0,NOT_MATURE,NOT_FOR_SALE,Routledge,,
books#volume,The Engineer,Engineering,1907,1907,0,1276.0,NOT_MATURE,NOT_FOR_SALE,,,
books#volume,The International Handbook of Space Technology,Engineering,2014-03-11,2014,2,0.0,NOT_MATURE,NOT_FOR_SALE,Springer,,
books#volume,Chambers Science and Technology Dictionary,Engineering,1991,1991,1,1008.0,NOT_MATURE,NOT_FOR_SALE,Harrap's,,
books#volume,Modern Engineering Thermodynamics,Engineering,2010,2010,1,825.0,NOT_MATURE,NOT_FOR_SALE,,,
books#volume,The Internet for Scientists and Engineers,Engineering,1995,1995,1,476.0,NOT_MATURE,NOT_FOR_SALE,SPIE-International Society for Optical Engineering,,
books#volume,Internet Resources for Engineers,Engineering,1998,1998,1,308.0,NOT_MATURE,NOT_FOR_SALE,Elsevier,,
books#volume,Future Spacecraft Propulsion Systems,Engineering,2010-11-18,2010,2,0.0,NOT_MATURE,NOT_FOR_SALE,Springer,,
books#volume,International Handbook of Earthquake Engineering,Engineering,1994,1994,1,576.0,NOT_MATURE,NOT_FOR_SALE,Springer Science & Business Media,,
books#volume,Building Construction Handbook,Engineering,2006,2006,2,740.0,NOT_MATURE,NOT_FOR_SALE,Routledge,,
books#volume,Maxwell's Equations and the Principles of Electromagnetism,Engineering,2008,2008,1,451.0,NOT_MATURE,NOT_FOR_SALE,Jones & Bartlett Publishers,,
books#volume,Spacecraft Attitude Determination and Control,Engineering,1978-12-31,1978,1,886.0,NOT_MATURE,NOT_FOR_SALE,Springer Science & Business Media,,
books#volume,The Gecko's Foot,Engineering,2005,2005,1,298.0,NOT_MATURE,NOT_FOR_SALE,,,
books#volume,Lithium-Ion Batteries,Engineering,2015,2015,1,582.0,NOT_MATURE,NOT_FOR_SALE,,,
books#volume,Applied Statistics and Probability for Engineers,Engineering,2014-03-17,2014,2,792.0,NOT_MATURE,NOT_FOR_SALE,,,
books#volume,The Seven Lamps of Architecture,Engineering,1961,1961,1,210.0,NOT_MATURE,NOT_FOR_SALE,,,
books#volume,It's ONLY Rocket Science,Engineering,2008-03-21,2008,1,358.0,NOT_MATURE,NOT_FOR_SALE,Springer Science & Business Media,,
books#volume,Contracts in Engineering,Engineering,1922,1922,1,398.0,NOT_MATURE,NOT_FOR_SALE,,,
books#volume,Theory of Elasticity for Scientists and Engineers,Engineering,2012-10-04,2012,2,0.0,NOT_MATURE,NOT_FOR_SALE,Birkhäuser,,
books#volume,"Industrial Engineering, Management Science and Applications 2015",Engineering,2015,2015,1,1085.0,NOT_MATURE,NOT_FOR_SALE,,,
books#volume,Introduction to Modeling and Control of Internal Combustion Engine Systems,Engineering,2014-03-12,2014,2,300.0,NOT_MATURE,NOT_FOR_SALE,Springer,,
books#volume,AISE PROBABILITY & STATISTICSF,Engineering,2011,2011,1,,NOT_MATURE,NOT_FOR_SALE,,,
books#volume,Principles of Engineering Economy,Engineering,1930,1930,1,420.0,NOT_MATURE,NOT_FOR_SALE,,,
books#volume,Mr Hopkins' Men,Engineering,2007-08-14,2007,1,0.0,NOT_MATURE,NOT_FOR_SALE,Springer,,
books#volume,Science and Engineering Literature,Engineering,1976,1976,3,392.0,NOT_MATURE,NOT_FOR_SALE,,,
books#volume,Shape Optimization by the Homogenization Method,Engineering,2001-10-19,2001,1,482.0,NOT_MATURE,NOT_FOR_SALE,Springer Science & Business Media,,
books#volume,Information Technology in Construction Design,Engineering,1999,1999,1,248.0,NOT_MATURE,NOT_FOR_SALE,Thomas Telford,,
books#volume,The Mobile Communications Handbook,Engineering,1999-04,1999,1,744.0,NOT_MATURE,NOT_FOR_SALE,Springer Science & Business Media,,
books#volume,Design and Performance of 3G Wireless Networks and Wireless LANs,Engineering,2005-09-16,2005,2,384.0,NOT_MATURE,NOT_FOR_SALE,Springer Science & Business Media,,
books#volume,Handbook of Peer-to-Peer Networking,Engineering,2010-03-03,2010,4,1500.0,NOT_MATURE,NOT_FOR_SALE,Springer,,
books#volume,Practical Finite Element Analysis,Engineering,2008,2008,1,27.0,NOT_MATURE,NOT_FOR_SALE,FINITE TO INFINITE,,
books#volume,17th Edition IEE Wiring Regulations,Engineering,2008,2008,1,156.0,NOT_MATURE,NOT_FOR_SALE,Routledge,,
books#volume,The Ganges Canal,Engineering,1860,1860,0,1270.0,NOT_MATURE,NOT_FOR_SALE,,,
books#volume,Engineering in the Ancient World,Engineering,1978-01-01,1978,1,228.0,NOT_MATURE,NOT_FOR_SALE,Univ of California Press,,
books#volume,Papers on Subjects Connected with the Duties of the Corps of Royal Engineers ...,Engineering,1862,1862,1,306.0,NOT_MATURE,FREE,,,
books#volume,GPS,Engineering,2007-08-13,2007,1,340.0,NOT_MATURE,NOT_FOR_SALE,Springer,,
books#volume,Engineering and the Liberal Arts,Engineering,1968,1968,1,296.0,NOT_MATURE,NOT_FOR_SALE,McGraw-Hill Companies,,
books#volume,Technology Guide,Engineering,2009-06-02,2009,1,547.0,NOT_MATURE,NOT_FOR_SALE,Springer,,
books#volume,Statistics for Engineers and Scientists,Engineering,2024,2024,1,0.0,NOT_MATURE,NOT_FOR_SALE,,,
books#volume,Energy Storage,Engineering,2010-09-01,2010,1,424.0,NOT_MATURE,NOT_FOR_SALE,Springer Science & Business Media,,
books#volume,The Triune Brain in Evolution,Medical,1990-01-31,1990,1,718.0,NOT_MATURE,NOT_FOR_SALE,Springer Science & Business Media,,
books#volume,Cochrane Handbook for Systematic Reviews of Interventions,Medical,2011-08-24,2011,2,553.0,NOT_MATURE,NOT_FOR_SALE,John Wiley & Sons,,
books#volume,The Chaebol and Labour in Korea,Medical,2001,2001,2,246.0,NOT_MATURE,NOT_FOR_SALE,Psychology Press,,
books#volume,A Century of X-Rays and Radioactivity in Medicine,Medical,2018-02-06,2018,1,234.0,NOT_MATURE,NOT_FOR_SALE,CRC Press,,
books#volume,Choices for Living,Medical,2002-02-28,2002,1,315.0,NOT_MATURE,NOT_FOR_SALE,Springer Science & Business Media,,
books#volume,Lecture Notes Haematology,Medical,2008-12-10,2008,3,215.0,NOT_MATURE,NOT_FOR_SALE,John Wiley & Sons,,
books#volume,Macleod's Clinical Examination,Medical,2018-03-09,2018,3,402.0,NOT_MATURE,FOR_SALE,Elsevier Health Sciences,25.19,GBP
books#volume,Hidden Hunger,Medical,2016-05-24,2016,2,254.0,NOT_MATURE,NOT_FOR_SALE,Karger Medical and Scientific Publishers,,
books#volume,Essential Surgery E-Book,Medical,2013-08-06,2013,2,687.0,NOT_MATURE,NOT_FOR_SALE,Elsevier Health Sciences,,
books#volume,Managing in Health and Social Care,Medical,2010-02-25,2010,3,536.0,NOT_MATURE,FOR_SALE,Routledge,37.99,GBP
books#volume,Sodium Hunger,Medical,1991,1991,1,220.0,NOT_MATURE,NOT_FOR_SALE,Cambridge University Press,,
books#volume,Arts Therapies in Schools,Medical,2009-11-15,2009,1,292.0,NOT_MATURE,NOT_FOR_SALE,Jessica Kingsley Publishers,,
books#volume,Oxford Textbook of Global Public Health,Medical,2015-02-26,2015,4,4326.0,NOT_MATURE,FOR_SALE,Oxford University Press,92.94,GBP
books#volume,The Genesis of Neuroscience,Medical,1998,1998,1,390.0,NOT_MATURE,NOT_FOR_SALE,Thieme,,
books#volume,Helping Troubled Children,Medical,1975,1975,1,392.0,NOT_MATURE,NOT_FOR_SALE,Springer,,
books#volume,The Treatment of Epilepsy,Medical,2015-09-15,2015,3,1072.0,NOT_MATURE,FOR_SALE,John Wiley & Sons,253.99,GBP
books#volume,The ^AAltruistic Brain,Medical,2014-11-13,2014,1,313.0,NOT_MATURE,FOR_SALE,Oxford University Press,12.34,GBP
books#volume,Oxford Handbook of Clinical Haematology,Medical,2015-04-23,2015,4,770.0,NOT_MATURE,FOR_SALE,OUP Oxford,19.49,GBP
books#volume,Collaborative Inquiry in Practice,Medical,2000-03-15,2000,1,188.0,NOT_MATURE,NOT_FOR_SALE,SAGE,,
books#volume,Essentials of International Health,Medical,2010,2010,2,523.0,NOT_MATURE,NOT_FOR_SALE,Jones & Bartlett Learning,,
books#volume,Orthopaedic Neurology,Medical,2017-11-08,2017,2,205.0,NOT_MATURE,FOR_SALE,Lippincott Williams & Wilkins,75.88,GBP
books#volume,Koda-Kimble and Young's Applied Therapeutics,Medical,2012-02-01,2012,3,2562.0,NOT_MATURE,NOT_FOR_SALE,Lippincott Williams & Wilkins,,
books#volume,Vitiligo,Medical,2019-07-23,2019,2,496.0,NOT_MATURE,FOR_SALE_AND_RENTAL,Springer,74.65,GBP
books#volume,Biopsy Diagnosis of Peripheral Neuropathy,Medical,2014-11-05,2014,2,499.0,NOT_MATURE,FOR_SALE_AND_RENTAL,Springer,81.65,GBP
books#volume,Clinical Men's Health,Medical,2007-01-01,2007,3,622.0,NOT_MATURE,NOT_FOR_SALE,Elsevier Health Sciences,,
books#volume,Pocket Atlas of Nutrition,Medical,2005-03-09,2005,2,518.0,NOT_MATURE,NOT_FOR_SALE,Thieme,,
books#volume,Lung Surfactants,Medical,2000-07-18,2000,1,458.0,NOT_MATURE,FOR_SALE,CRC Press,163.58,GBP
books#volume,Veterinary Herbal Medicine,Medical,2006-12-06,2006,2,729.0,NOT_MATURE,FOR_SALE,Elsevier Health Sciences,53.19,GBP
books#volume,"How the Immune System Works, Includes Desktop Edition",Medical,2012-01-30,2012,1,153.0,NOT_MATURE,NOT_FOR_SALE,John Wiley & Sons,,
books#volume,Basics of Medical Physics,Medical,2018-02-01,2018,2,224.0,NOT_MATURE,FOR_SALE,"Charles University in Prague, Karolinum Press",6.99,GBP
books#volume,Medicine Through Time,Medical,2002,2002,3,144.0,NOT_MATURE,NOT_FOR_SALE,Heinemann,,
books#volume,The Science of Woman,Medical,1990-04-26,1990,1,288.0,NOT_MATURE,NOT_FOR_SALE,Cambridge University Press,,
books#volume,Treatment of Skin Disease E-Book,Medical,2021-09-17,2021,3,972.0,NOT_MATURE,FOR_SALE,Elsevier Health Sciences,117.27,GBP
books#volume,Molecular Diagnostics,Medical,2013-04-18,2013,2,387.0,NOT_MATURE,FOR_SALE_AND_RENTAL,Springer Science & Business Media,48.4,GBP
books#volume,Trauma Care Manual,Medical,2008-11-28,2008,3,347.0,NOT_MATURE,NOT_FOR_SALE,CRC Press,,
books#volume,Obsessive-Compulsive Personality Disorder,Medical,2019-10-15,2019,3,278.0,NOT_MATURE,NOT_FOR_SALE,American Psychiatric Pub,,
books#volume,Indirect Restorations,Medical,2019-03-19,2019,2,367.0,NOT_MATURE,FOR_SALE,Quintessence Publishing Company Limited,16.99,GBP
books#volume,"Medical Microbiology,With STUDENTCONSULT online access,18",Medical,2012-01-01,2012,1,795.0,NOT_MATURE,NOT_FOR_SALE,Elsevier Health Sciences,,
books#volume,Phobias,Medical,1997,1997,1,480.0,NOT_MATURE,NOT_FOR_SALE,John Wiley & Sons,,
books#volume,Fractals in Biology and Medicine,Medical,2013-03-07,2013,3,401.0,NOT_MATURE,FOR_SALE_AND_RENTAL,Birkhäuser,21.44,GBP
books#volume,The Common Lot,Medical,1998,1998,1,296.0,NOT_MATURE,NOT_FOR_SALE,Longman Publishing Group,,
books#volume,Full Catastrophe Living,Medical,1991,1991,1,500.0,NOT_MATURE,NOT_FOR_SALE,Delta,,
books#volume,"Insect Physiology and Biochemistry, Second Edition",Medical,2008-04-18,2008,1,576.0,NOT_MATURE,NOT_FOR_SALE,CRC Press,,
books#volume,"Iron, Nature's Universal Element",Medical,2000,2000,2,232.0,NOT_MATURE,NOT_FOR_SALE,Rutgers University Press,,
books#volume,Effectiveness and Efficiency: Random Reflections on Health Services,Medical,1972,1972,1,112.0,NOT_MATURE,NOT_FOR_SALE,,,
books#volume,Hematology in Clinical Practice,Medical,1998,1998,2,588.0,NOT_MATURE,NOT_FOR_SALE,McGraw-Hill Companies Health Professions Division,,
books#volume,Handbook of Spine Surgery,Medical,2024-12-04,2024,5,767.0,NOT_MATURE,NOT_FOR_SALE,Georg Thieme Verlag,,
books#volume,The Children who Lived,Medical,2008,2008,2,210.0,NOT_MATURE,NOT_FOR_SALE,Taylor & Francis,,
books#volume,The Developing Human,Medical,1982,1982,1,504.0,NOT_MATURE,NOT_FOR_SALE,W.B. Saunders Company,,
books#volume,Suckers,Medical,2008,2008,1,322.0,NOT_MATURE,NOT_FOR_SALE,Harvill Press,,
books#volume,Critical Care Medicine E-Book,Medical,2007-12-04,2007,2,4595.0,NOT_MATURE,NOT_FOR_SALE,Elsevier Health Sciences,,
books#volume,"Individual Self, Relational Self, Collective Self",Medical,2001,2001,2,360.0,NOT_MATURE,NOT_FOR_SALE,Psychology Press,,
books#volume,"An Account of Sir Isaac Newton's Philosophical Discoveries, in Four Books. by Colin Maclaurin, ... the Second Edition",Medical,2018-04-18,2018,1,458.0,NOT_MATURE,NOT_FOR_SALE,"Gale Ecco, Print Editions",,
books#volume,Matters of Life and Death,Medical,1998,1998,1,0.0,NOT_MATURE,NOT_FOR_SALE,,,
books#volume,Food & Nutrition,Medical,1986,1986,1,264.0,NOT_MATURE,NOT_FOR_SALE,"London ; Dover, N.H. : Croom Helm",,
books#volume,A History of Medical Bacteriology and Immunology,Medical,2014-05-20,2014,1,253.0,NOT_MATURE,FOR_SALE,Butterworth-Heinemann,28.59,GBP
books#volume,"Tintinalli's Emergency Medicine: A Comprehensive Study Guide, Seventh Edition (Book and DVD)",Medical,2010-10-22,2010,6,2208.0,NOT_MATURE,NOT_FOR_SALE,Mcgraw-hill,,
books#volume,Advanced Nutrition and Human Metabolism,Medical,1990,1990,2,622.0,NOT_MATURE,NOT_FOR_SALE,,,
books#volume,The Selective Mutism Resource Manual,Medical,2001,2001,2,300.0,NOT_MATURE,NOT_FOR_SALE,Speechmark Publishing,,
books#volume,Langman's Medical Embryology,Medical,2000,2000,2,532.0,NOT_MATURE,NOT_FOR_SALE,Lippincott Raven,,
books#volume,Ionic Equilibria in Analytical Chemistry,Medical,2012-03-30,2012,1,763.0,NOT_MATURE,FOR_SALE_AND_RENTAL,Springer Science & Business Media,123.65,GBP
books#volume,Television and the American Child,Medical,1991,1991,2,410.0,NOT_MATURE,NOT_FOR_SALE,,,
books#volume,Transcultural Concepts in Nursing Care,Medical,2019-08-14,2019,3,801.0,NOT_MATURE,NOT_FOR_SALE,Lippincott Williams & Wilkins,,
books#volume,Statistical Design and Analysis in Pharmaceutical Science,Medical,1995-02-22,1995,2,0.0,NOT_MATURE,NOT_FOR_SALE,CRC Press,,
books#volume,Management of Breast Diseases,Medical,2016-11-16,2016,2,656.0,NOT_MATURE,FOR_SALE_AND_RENTAL,Springer,74.65,GBP
books#volume,On the Motion of the Heart and Blood in Animals,Medical,2018-10-18,2018,1,200.0,NOT_MATURE,NOT_FOR_SALE,Franklin Classics Trade Press,,
books#volume,"Epileptic Syndromes in Infancy, Childhood and Adolescence",Medical,2019-06-11,2019,1,633.0,NOT_MATURE,NOT_FOR_SALE,,,
books#volume,Cardiac Drug Therapy,Medical,2007-05-22,2007,1,420.0,NOT_MATURE,NOT_FOR_SALE,Humana Press,,
books#volume,Chest Medicine,Medical,1983,1983,3,682.0,NOT_MATURE,NOT_FOR_SALE,,,
books#volume,Mims' Medical Microbiology,Medical,2008,2008,2,656.0,NOT_MATURE,NOT_FOR_SALE,Mosby Incorporated,,
books#volume,Health Promotion in Nursing Practice,Medical,2011,2011,3,349.0,NOT_MATURE,NOT_FOR_SALE,Prentice Hall,,
books#volume,"Encyclopaedia of the History of Science, Technology, and Medicine in Non-Western Cultures",Medical,2008-03-17,2008,1,2415.0,NOT_MATURE,NOT_FOR_SALE,Springer,,
books#volume,Health Promotion in the Workplace,Medical,1994,1994,2,588.0,NOT_MATURE,NOT_FOR_SALE,Delmar Thomson Learning,,
books#volume,Mathematical Principles of Natural Philosophy,Medical,2018-07-02,2018,1,374.0,NOT_MATURE,NOT_FOR_SALE,Createspace Independent Publishing Platform,,
books#volume,Flu,Medical,1999,1999,1,367.0,NOT_MATURE,NOT_FOR_SALE,Macmillan,,
books#volume,Clinical Ocular Pharmacology,Medical,1984,1984,2,1016.0,NOT_MATURE,NOT_FOR_SALE,Butterworth-Heinemann,,
books#volume,Psychiatry,Medical,2019,2019,3,553.0,NOT_MATURE,NOT_FOR_SALE,,,
books#volume,Step-Up to Medicine,Medical,2015-10,2015,1,0.0,NOT_MATURE,NOT_FOR_SALE,,,
books#volume,Embryology at a Glance,Medical,2012-08-20,2012,2,121.0,NOT_MATURE,NOT_FOR_SALE,John Wiley & Sons,,
books#volume,A Handbook for Medical Teachers,Medical,2013-11-27,2013,2,167.0,NOT_MATURE,FOR_SALE_AND_RENTAL,Springer Science & Business Media,46.99,GBP
books#volume,Textbook of Influenza,Medical,2014-01-06,2014,4,684.0,NOT_MATURE,FOR_SALE,John Wiley & Sons,148.99,GBP
books#volume,Definition of Suicide,Medical,2015-09-11,2015,1,254.0,NOT_MATURE,NOT_FOR_SALE,Createspace Independent Publishing Platform,,
books#volume,Medical Parasitology,Medical,2009-11-23,2009,4,331.0,NOT_MATURE,FOR_SALE,CRC Press,42.79,GBP
books#volume,Psychopathia sexualis,Medical,2017-01-06,2017,1,388.0,NOT_MATURE,NOT_FOR_SALE,Hansebooks,,
books#volume,Textbook of Family Medicine,Medical,2011,2011,2,1194.0,NOT_MATURE,NOT_FOR_SALE,Elsevier Health Sciences,,
books#volume,Fundamentals of Sports Injury Management,Medical,1997,1997,3,0.0,NOT_MATURE,NOT_FOR_SALE,Lippincott Williams & Wilkins,,
books#volume,Oxford Handbook of Nutrition and Dietetics,Medical,2012,2012,3,842.0,NOT_MATURE,NOT_FOR_SALE,"Oxford University Press, USA",,
books#volume,Clinical Anatomy by Regions,Medical,2011-10-28,2011,1,766.0,NOT_MATURE,NOT_FOR_SALE,Lippincott Williams & Wilkins,,
books#volume,Pharmaceutical Innovation,Medical,1999,1999,3,456.0,NOT_MATURE,NOT_FOR_SALE,Chemical Heritage Foundation,,
books#volume,"Gay, Straight, and In-between",Medical,1988,1988,1,276.0,MATURE,NOT_FOR_SALE,,,
books#volume,Boards and Wards,Medical,2009,2009,1,289.0,NOT_MATURE,NOT_FOR_SALE,Lippincott Williams & Wilkins,,
books#volume,Heptinstall's Pathology of the Kidney,Medical,2007,2007,1,752.0,NOT_MATURE,NOT_FOR_SALE,Lippincott Williams & Wilkins,,
books#volume,Modern Epidemiology,Medical,2020-12-11,2020,4,1343.0,NOT_MATURE,FOR_SALE,Lippincott Williams & Wilkins,80.1,GBP
books#volume,Tropical Diseases,Medical,2022-10-27,2022,1,0.0,NOT_MATURE,NOT_FOR_SALE,Legare Street Press,,
books#volume,Inventing AIDS,Medical,1990,1990,1,200.0,MATURE,NOT_FOR_SALE,,,
books#volume,Medical Insects and Arachnids,Medical,1993-07-31,1993,2,744.0,NOT_MATURE,NOT_FOR_SALE,Springer,,
books#volume,Pickard's Manual of Operative Dentistry,Medical,2011-01-13,2011,3,169.0,NOT_MATURE,NOT_FOR_SALE,"Oxford University Press, USA",,
books#volume,Psychodynamic Psychotherapy,Medical,2011-06-13,2011,4,319.0,NOT_MATURE,NOT_FOR_SALE,John Wiley & Sons,,
books#volume,Clinically Oriented Anatomy,Medical,2009,2009,3,1134.0,NOT_MATURE,NOT_FOR_SALE,,,
books#volume,The New Public Health and STD/HIV Prevention,Medical,2016-08-23,2016,3,439.0,NOT_MATURE,NOT_FOR_SALE,Springer,,
books#volume,Primary Care Medicine,Medical,2000,2000,3,0.0,NOT_MATURE,NOT_FOR_SALE,Lippincott Raven,,
books#volume,ADHD,Medical,2017,2017,2,313.0,NOT_MATURE,NOT_FOR_SALE,Oxford University Press,,
books#volume,Doing A Literature Review In Health And Social Care: A Practical Guide,Medical,2014-01-01,2014,1,210.0,NOT_MATURE,NOT_FOR_SALE,McGraw-Hill Education (UK),,
books#volume,Sir Frederick Treves,Medical,1989,1989,1,240.0,NOT_MATURE,NOT_FOR_SALE,,,
books#volume,The Will to Meaning,Medical,2014,2014,1,152.0,NOT_MATURE,NOT_FOR_SALE,,,
books#volume,Mucosal Immunology,Medical,2005,2005,1,0.0,NOT_MATURE,NOT_FOR_SALE,Academic Press,,
books#volume,"Bodily Changes in Pain, Hunger, Fear and Rage",Medical,2017-09-13,2017,1,324.0,NOT_MATURE,NOT_FOR_SALE,Forgotten Books,,
books#volume,Nursing Care Plans and Documentation,Medical,1991,1991,1,712.0,NOT_MATURE,NOT_FOR_SALE,Lippincott Williams & Wilkins,,
books#volume,Health Promotion Throughout the Lifespan,Medical,1986,1986,2,706.0,NOT_MATURE,NOT_FOR_SALE,Mosby,,
books#volume,Unwell Women,Medical,2021-06-10,2021,1,388.0,NOT_MATURE,FOR_SALE,Hachette UK,3.49,GBP
books#volume,Oxford Handbook of Clinical and Laboratory Investigation,Medical,2010-07-15,2010,1,925.0,NOT_MATURE,NOT_FOR_SALE,"Oxford University Press, USA",,
books#volume,Handbook of Burns Volume 1,Medical,2011-12-23,2011,4,493.0,NOT_MATURE,NOT_FOR_SALE,Springer,,
books#volume,Encyclopedia of Foods,Medical,2002,2002,2,600.0,NOT_MATURE,NOT_FOR_SALE,Academic Press,,
books#volume,Color Atlas of Veterinary Histology,Medical,2012-01-19,2012,2,370.0,NOT_MATURE,FOR_SALE,John Wiley & Sons,83.99,GBP
books#volume,Blaustein's Pathology of the Female Genital Tract,Medical,1987,1987,1,992.0,NOT_MATURE,NOT_FOR_SALE,Springer Science & Business Media,,
books#volume,Oxford Handbook of Psychiatry,Medical,2019,2019,3,1193.0,NOT_MATURE,NOT_FOR_SALE,,,
books#volume,Aristotle's Metaphysics,Medical,1971-01,1971,2,206.0,NOT_MATURE,NOT_FOR_SALE,Oxford University Press,,
books#volume,"History, Medicine, and the Traditions of Renaissance Learning",Medical,2007-11-05,2007,1,468.0,NOT_MATURE,NOT_FOR_SALE,University of Michigan Press,,
books#volume,DeJong's the Neurologic Examination,Medical,2005,2005,2,726.0,NOT_MATURE,NOT_FOR_SALE,Lippincott Williams & Wilkins,,
books#volume,Methods for Community-Based Participatory Research for Health,Medical,2012-09-20,2012,4,190.0,NOT_MATURE,FOR_SALE,John Wiley & Sons,62.99,GBP
books#volume,How to Break Bad News,Medical,1992-07,1992,1,244.0,NOT_MATURE,NOT_FOR_SALE,,,
books#volume,The Demon Under the Microscope,Medical,2006,2006,1,364.0,NOT_MATURE,NOT_FOR_SALE,Harmony,,
books#volume,Florida Ethnobotany,Medical,2004-11-29,2004,1,952.0,NOT_MATURE,NOT_FOR_SALE,CRC Press,,
books#volume,Greenfield's Surgery,Medical,2012-09-11,2012,6,6507.0,NOT_MATURE,NOT_FOR_SALE,Lippincott Williams & Wilkins,,
books#volume,Tissue Culture Techniques,Medical,2013-12-01,2013,1,251.0,NOT_MATURE,FOR_SALE_AND_RENTAL,Springer Science & Business Media,36.49,GBP
books#volume,Pocket Guide to Herbal Medicine,Medical,2004-04-28,2004,2,412.0,NOT_MATURE,NOT_FOR_SALE,Thieme,,
books#volume,Modern Perspectives in World Psychiatry,Medical,1971,1971,1,888.0,NOT_MATURE,NOT_FOR_SALE,,,
books#volume,Cocaine Fiends and Reefer Madness,Medical,1982,1982,1,264.0,NOT_MATURE,NOT_FOR_SALE,,,
books#volume,Pocket Atlas of Human Anatomy,Medical,1994,1994,2,477.0,NOT_MATURE,NOT_FOR_SALE,,,
books#volume,Mainstreaming Equality in the European Union,Medical,1998,1998,1,292.0,NOT_MATURE,NOT_FOR_SALE,Psychology Press,,
books#volume,Clinical Laboratory Medicine,Medical,2002,2002,1,258.0,NOT_MATURE,NOT_FOR_SALE,,,
books#volume,Kaplan & Sadock's Synopsis of Psychiatry,Medical,2015,2015,3,0.0,NOT_MATURE,NOT_FOR_SALE,LWW,,
books#volume,"My Psychosis, My Bicycle, and I",Medical,1996,1996,1,310.0,NOT_MATURE,NOT_FOR_SALE,"Jason Aronson, Incorporated",,
books#volume,Clinical Medicine,Medical,2018-07-18,2018,3,905.0,NOT_MATURE,FOR_SALE,John Wiley & Sons,31.99,GBP
books#volume,DeJong's The Neurologic Examination,Medical,2012-09-21,2012,1,833.0,NOT_MATURE,NOT_FOR_SALE,Lippincott Williams & Wilkins,,
books#volume,Biopharmaceutics and Clinical Pharmacokinetics,Medical,1977,1977,1,202.0,NOT_MATURE,NOT_FOR_SALE,,,
books#volume,Pharmacology for Midwives,Medical,2010-06-30,2010,1,508.0,NOT_MATURE,FOR_SALE,Bloomsbury Publishing,40.49,GBP
books#volume,Health Promotion Throughout the Life Span,Medical,2021-10-15,2021,1,0.0,NOT_MATURE,NOT_FOR_SALE,,,
books#volume,Diarrhea,Medical,2012-12-01,2012,2,500.0,NOT_MATURE,NOT_FOR_SALE,Humana Press,,
books#volume,Clinical Exercise Physiology,Medical,2018-11-07,2018,4,776.0,NOT_MATURE,NOT_FOR_SALE,Human Kinetics,,
books#volume,An Attributional Theory of Motivation and Emotion,Medical,1986,1986,1,332.0,NOT_MATURE,NOT_FOR_SALE,Springer,,
books#volume,Descriptive Phonetics,Medical,1986,1986,1,270.0,NOT_MATURE,NOT_FOR_SALE,Thieme Medical Publishers,,
books#volume,The Frontier Environment and Social Order,Medical,2000,2000,2,136.0,NOT_MATURE,NOT_FOR_SALE,Edward Elgar Publishing,,
books#volume,Oxford Textbook of Suicidology and Suicide Prevention,Medical,2020-11-13,2020,1,857.0,NOT_MATURE,FOR_SALE,Oxford University Press,75.84,GBP
books#volume,A Bed for the Night,Medical,2013-06-04,2013,1,402.0,NOT_MATURE,NOT_FOR_SALE,Simon and Schuster,,
books#volume,A Source Book Of Gestalt Psychology,Medical,2013-09-05,2013,1,428.0,NOT_MATURE,FOR_SALE,Routledge,46.79,GBP
books#volume,Type 2 Diabetes Mellitus:,Medical,2008-04-29,2008,2,469.0,NOT_MATURE,FOR_SALE_AND_RENTAL,Springer Science & Business Media,123.65,GBP
books#volume,"CURRENT Diagnosis & Treatment Obstetrics & Gynecology, Tenth Edition",Medical,2006-09-22,2006,4,0.0,NOT_MATURE,NOT_FOR_SALE,McGraw-Hill Medical,,
books#volume,Dahlin's Bone Tumors,Medical,2010,2010,2,416.0,NOT_MATURE,NOT_FOR_SALE,Lippincott Williams & Wilkins,,
books#volume,The Making of Addiction,Medical,2007,2007,1,218.0,NOT_MATURE,NOT_FOR_SALE,"Ashgate Publishing, Ltd.",,
books#volume,"Observations on the Deranged Manifestations of the Mind, Or Insanity",Medical,1970,1970,1,296.0,NOT_MATURE,NOT_FOR_SALE,Academic Resources Corp,,
books#volume,Ganong's Review of Medical Physiology 25th Edition,Medical,2015-10-28,2015,4,763.0,NOT_MATURE,NOT_FOR_SALE,McGraw Hill Professional,,
books#volume,The Construction of the Self,Medical,1999,1999,1,413.0,NOT_MATURE,NOT_FOR_SALE,Guilford Publications,,
books#volume,Biochemistry of the Phagocytic Process,Medical,1970,1970,1,152.0,NOT_MATURE,NOT_FOR_SALE,,,
books#volume,Oh's Intensive Care Manual E-Book,Medical,2018-08-15,2018,2,1713.0,NOT_MATURE,FOR_SALE,Elsevier Health Sciences,50.53,GBP
books#volume,Pharmaceuticals in the Environment,Medical,2016,2016,2,312.0,NOT_MATURE,NOT_FOR_SALE,Royal Society of Chemistry,,
books#volume,Religion and Mental Health,Medical,1992,1992,1,329.0,MATURE,NOT_FOR_SALE,,,
books#volume,Advances in Immunology,Medical,2005-07-21,2005,1,360.0,NOT_MATURE,FOR_SALE,Elsevier,98.0,GBP
books#volume,Diagnostic Histopathology of Tumors,Medical,2013-04-02,2013,1,2294.0,NOT_MATURE,NOT_FOR_SALE,Elsevier Health Sciences,,
books#volume,The Poison King,Medical,2011-03-27,2011,1,480.0,NOT_MATURE,NOT_FOR_SALE,Princeton University Press,,
books#volume,"Latin, Or, The Empire of the Sign",History,2001,2001,1,428.0,NOT_MATURE,NOT_FOR_SALE,,,
books#volume,Martin Frobisher,History,2001-01-01,2001,1,548.0,NOT_MATURE,NOT_FOR_SALE,Yale University Press,,
books#volume,Russia and the Russians,History,2001,2001,1,776.0,NOT_MATURE,NOT_FOR_SALE,Harvard University Press,,
books#volume,The Mandaeans,History,2002,2002,1,217.0,NOT_MATURE,NOT_FOR_SALE,"Oxford University Press, USA",,
books#volume,Bitter Glory,History,1979,1979,1,552.0,NOT_MATURE,NOT_FOR_SALE,,,
books#volume,"Soviet Intervention in Czechoslovakia, 1968",History,1979,1979,1,232.0,NOT_MATURE,NOT_FOR_SALE,Baltimore : Johns Hopkins University Press,,
books#volume,The Stuart Age,History,2014-01-14,2014,1,484.0,NOT_MATURE,NOT_FOR_SALE,Routledge,,
books#volume,The Wizard War,History,1978,1978,1,616.0,NOT_MATURE,NOT_FOR_SALE,Coward McCann,,
books#volume,Domesday Book,History,1975,1975,1,296.0,NOT_MATURE,NOT_FOR_SALE,,,
books#volume,The Thin Red Line of Balaclava,History,1970,1970,1,280.0,NOT_MATURE,NOT_FOR_SALE,Hamish Hamilton,,
books#volume,"London, Metropolis of the Slave Trade",History,2003,2003,1,212.0,NOT_MATURE,NOT_FOR_SALE,University of Missouri Press,,
books#volume,Bosworth Field and the Wars of the Roses,History,1966-06-18,1966,1,342.0,NOT_MATURE,FOR_SALE_AND_RENTAL,Springer,29.49,GBP
books#volume,METEOROLOGY,History,2017-04-20,2017,1,166.0,NOT_MATURE,FOR_SALE,右灰文化傳播有限公司可提供下載列印,2.29,GBP
books#volume,Studies in Public Enterprise,History,1987,1987,1,240.0,NOT_MATURE,NOT_FOR_SALE,Psychology Press,,
books#volume,The Library of Historic Characters and Famous Events of All Nations and All Ages,History,1906,1906,0,426.0,NOT_MATURE,NOT_FOR_SALE,,,
books#volume,"Gender and Power in Britain, 1640-1990",History,1999,1999,1,380.0,NOT_MATURE,NOT_FOR_SALE,Psychology Press,,
books#volume,Britain and Ireland 1914-23,History,1983-06,1983,1,314.0,NOT_MATURE,NOT_FOR_SALE,Rowman & Littlefield Publishers,,
books#volume,The Reforms of Peter the Great,History,2015-02-24,2015,2,338.0,NOT_MATURE,FOR_SALE,Routledge,45.19,GBP
books#volume,"Britain, Egypt, and Iraq During World War II",History,2023-03-23,2023,1,241.0,NOT_MATURE,NOT_FOR_SALE,Bloomsbury Publishing,,
books#volume,"Homer's Iliad, Books XX., XXI. and XXII., with Engl. Notes and a Literal Translation",History,2018-10-10,2018,1,232.0,NOT_MATURE,NOT_FOR_SALE,Franklin Classics,,
books#volume,Change in the Village,History,2020-10-16,2020,1,233.0,NOT_MATURE,FOR_SALE,Read Books Ltd,4.99,GBP
books#volume,A ^ACabinet of Byzantine Curiosities,History,2017-09-01,2017,1,249.0,NOT_MATURE,FOR_SALE,Oxford University Press,7.47,GBP
books#volume,The White Woman's Other Burden,History,1995,1995,1,324.0,NOT_MATURE,NOT_FOR_SALE,Psychology Press,,
books#volume,White Heat,History,1982,1982,1,360.0,NOT_MATURE,NOT_FOR_SALE,,,
books#volume,Titanic and Other Ships,History,2010-07-03,2010,1,278.0,NOT_MATURE,NOT_FOR_SALE,Lulu.com,,
books#volume,The Clash of Empires,History,2004-09-30,2004,1,344.0,NOT_MATURE,NOT_FOR_SALE,,,
books#volume,With Honour & Glory,History,2000,2000,1,347.0,NOT_MATURE,FOR_SALE,Lancer Publishers,8.82,GBP
books#volume,London,History,2006,2006,1,324.0,NOT_MATURE,NOT_FOR_SALE,"Oxford University Press, USA",,
books#volume,The Medici,History,2017-10-10,2017,1,0.0,NOT_MATURE,NOT_FOR_SALE,Pegasus Books,,
books#volume,The Black Hole,History,2006,2006,1,256.0,NOT_MATURE,NOT_FOR_SALE,Viking,,
books#volume,The History of Myddle,History,1979,1979,1,232.0,NOT_MATURE,NOT_FOR_SALE,Firle [Eng.] : Caliban Books,,
books#volume,The Past in Ruins,History,1992,1992,1,200.0,NOT_MATURE,NOT_FOR_SALE,Univ of Massachusetts Press,,
books#volume,Essays in Radical Empiricism,History,2013-03-05,2013,1,156.0,NOT_MATURE,FOR_SALE,Read Books Ltd,7.99,GBP
books#volume,Faust,History,2020-04-29,2020,1,362.0,NOT_MATURE,NOT_FOR_SALE,,,
books#volume,"The German Revolution, 1917-1923",History,2005,2005,1,1022.0,NOT_MATURE,NOT_FOR_SALE,BRILL,,
books#volume,In the Shadow of the Prophet,History,1998,1998,1,372.0,NOT_MATURE,NOT_FOR_SALE,Doubleday,,
books#volume,The Hedgehog and the Fox,History,1970,1970,1,100.0,NOT_MATURE,NOT_FOR_SALE,,,
books#volume,Singapore Burning,History,2005,2005,1,688.0,NOT_MATURE,NOT_FOR_SALE,,,
books#volume,The Anabasis,History,2020-02-18,2020,0,298.0,NOT_MATURE,NOT_FOR_SALE,,,
books#volume,The World's Religions,History,2004-01-14,2004,4,1010.0,NOT_MATURE,NOT_FOR_SALE,Routledge,,
books#volume,"Hobson-Jobson: a Glossary of Colloquial Anglo-Indian Words and Phrases, and of Kindred Terms, Etymological, Historical, Geographical and Discursive",History,1968,1968,2,1084.0,NOT_MATURE,NOT_FOR_SALE,Routledge & Kegan Paul Books,,
books#volume,Utopia,History,2011-01,2011,1,86.0,NOT_MATURE,NOT_FOR_SALE,,,
books#volume,Vitruvius; the Ten Books on Architecture,History,2013-09,2013,1,86.0,NOT_MATURE,NOT_FOR_SALE,Theclassics.Us,,
books#volume,Intellectuals and the State in Modern China,History,1981,1981,1,404.0,NOT_MATURE,NOT_FOR_SALE,,,
books#volume,Lost Illusions,History,2013-01,2013,1,398.0,NOT_MATURE,NOT_FOR_SALE,Hardpress Publishing,,
books#volume,A History Of Persia (Volume 2),History,2013-09-27,2013,1,672.0,NOT_MATURE,FOR_SALE,Routledge,38.79,GBP
books#volume,"Bureaucracy, Economy, and Leadership in China",History,1991-04-26,1991,1,286.0,NOT_MATURE,NOT_FOR_SALE,Cambridge University Press,,
books#volume,General Idea of the Revolution in the Nineteenth Century,History,2013-01-23,2013,1,324.0,NOT_MATURE,FOR_SALE,Courier Corporation,7.08,GBP
books#volume,The Construction of Homosexuality,History,1988-12-09,1988,1,658.0,MATURE,NOT_FOR_SALE,,,
books#volume,The Nature of Things,History,2015-08-22,2015,2,668.0,NOT_MATURE,NOT_FOR_SALE,Sagwan Press,,
books#volume,History of the Decline and Fall of the Roman Empire,History,2004-06-01,2004,1,,NOT_MATURE,NOT_FOR_SALE,,,
books#volume,The Protestant ethic and the spirit of capitalism,History,2015-07-20,2015,1,310.0,NOT_MATURE,NOT_FOR_SALE,,,
books#volume,The Descent of Man and Selection in Relation to Sex,History,2018-08,2018,1,688.0,NOT_MATURE,NOT_FOR_SALE,,,
books#volume,Empire's End,History,1997,1997,1,424.0,NOT_MATURE,NOT_FOR_SALE,Scribner Book Company,,
books#volume,Post-Soviet Chaos,History,2001-11-20,2001,1,0.0,NOT_MATURE,NOT_FOR_SALE,Pluto Press,,
books#volume,Father Goriot,History,2018,2018,1,230.0,NOT_MATURE,NOT_FOR_SALE,,,
books#volume,Cargoes of the East,History,1978,1978,2,286.0,NOT_MATURE,NOT_FOR_SALE,Hamish Hamilton,,
books#volume,The Reign of Quantity and the Signs of the Times,History,1972,1972,1,376.0,NOT_MATURE,NOT_FOR_SALE,Penguin Group,,
books#volume,The Art of War Annotated,History,2020-11-25,2020,1,64.0,NOT_MATURE,NOT_FOR_SALE,,,
books#volume,Ideology and Experience,History,1982,1982,1,844.0,NOT_MATURE,NOT_FOR_SALE,"Rutherford, [N.J.] : Fairleigh Dickinson University Press ; London : Associated University Presses",,
books#volume,On the Motion of the Heart and Blood in Animals,History,2018-10-18,2018,1,200.0,NOT_MATURE,NOT_FOR_SALE,Franklin Classics Trade Press,,
books#volume,The Government of the Ottoman Empire in the Time of Suleiman the Magnificent,History,1913,1913,1,412.0,NOT_MATURE,NOT_FOR_SALE,"Cambridge, Harvard U.P",,
books#volume,"Essex People, 1750-1900",History,1972,1972,1,240.0,NOT_MATURE,NOT_FOR_SALE,,,
books#volume,New Directions in the Study of Meiji Japan,History,1997,1997,2,882.0,NOT_MATURE,NOT_FOR_SALE,BRILL,,
books#volume,The Lady from the Sea,History,2018,2018,1,102.0,NOT_MATURE,NOT_FOR_SALE,,,
books#volume,ELEM LATIN DICT,History,2016-08-25,2016,1,974.0,NOT_MATURE,NOT_FOR_SALE,,,
books#volume,Library of Philosophy. Time and Free Will,History,2017-09-16,2017,2,274.0,NOT_MATURE,NOT_FOR_SALE,Trieste Publishing,,
books#volume,The Pilgrim's Progress: From This World to That Which Is to Come,History,2019-03-06,2019,1,316.0,NOT_MATURE,NOT_FOR_SALE,Wentworth Press,,
books#volume,With Fire and Sword: An Historical Novel of Poland and Russia,History,2022-10-26,2022,1,0.0,NOT_MATURE,NOT_FOR_SALE,Legare Street Press,,
books#volume,Elements of Hindu Iconography,History,2018-10-14,2018,1,748.0,NOT_MATURE,NOT_FOR_SALE,Franklin Classics,,
books#volume,The Synoptic Gospels and the Book of Acts,History,2019-03-06,2019,1,354.0,NOT_MATURE,NOT_FOR_SALE,Wentworth Press,,
books#volume,Man's Place in Nature,History,2015-07-09,2015,1,394.0,NOT_MATURE,NOT_FOR_SALE,,,
books#volume,Bunyan's Pilgrim's Progress,History,2022-10-27,2022,1,0.0,NOT_MATURE,NOT_FOR_SALE,Legare Street Press,,
books#volume,The Beginnings of National Politics,History,1979,1979,1,520.0,NOT_MATURE,NOT_FOR_SALE,Random House (NY),,
books#volume,"The Origin of the Family, Private Property and the State (Classic Reprint)",History,2017-09-16,2017,1,220.0,NOT_MATURE,NOT_FOR_SALE,Forgotten Books,,
books#volume,The Cure of Consumption,History,2019-08-06,2019,1,42.0,NOT_MATURE,NOT_FOR_SALE,Hardpress Publishing,,
books#volume,The History and Literature of the Crusades (Classic Reprint),History,2017-05-27,2017,1,380.0,NOT_MATURE,NOT_FOR_SALE,Forgotten Books,,
books#volume,Ethiopia and the Red Sea,History,1980,1980,1,251.0,NOT_MATURE,NOT_FOR_SALE,Routledge,,
books#volume,"Thoughts Out of Season, Part II",History,2025-03-28,2025,2,0.0,NOT_MATURE,NOT_FOR_SALE,Anson Street Press,,
books#volume,Utopia Illustrated,History,2021-06-27,2021,1,132.0,NOT_MATURE,NOT_FOR_SALE,,,
books#volume,"The Life of Samuel Johnson, Ll.D",History,2020-04-16,2020,0,520.0,NOT_MATURE,NOT_FOR_SALE,,,
books#volume,"Introduction to Modern Chemistry, Experimental and Theoretic; Embodying Twelve Lectures Delivered in the Royal College of Chemistry, London",History,2017-08-20,2017,1,264.0,NOT_MATURE,NOT_FOR_SALE,Trieste Publishing,,
books#volume,Medieval Marriage,History,1978,1978,1,170.0,NOT_MATURE,NOT_FOR_SALE,Baltimore : Johns Hopkins University Press,,
books#volume,A Record of Buddhistic Kingdoms,History,2026-05-14,2026,2,0.0,NOT_MATURE,NOT_FOR_SALE,Xpresspress,,
books#volume,Joachim of Fiore,History,1983,1983,2,168.0,NOT_MATURE,NOT_FOR_SALE,,,
books#volume,Thoughts of Marcus Aurelius Antoninus,History,2023-07-18,2023,2,0.0,NOT_MATURE,NOT_FOR_SALE,,,
books#volume,"The Velveteen Rabbit; Or, How Toys Become Real",History,2018-10-13,2018,2,50.0,NOT_MATURE,NOT_FOR_SALE,Franklin Classics,,
books#volume,Alexander the Great,History,2015-11-06,2015,1,566.0,NOT_MATURE,NOT_FOR_SALE,Arkose Press,,
books#volume,"White Jacket; Or, the World in a Man-Of-War",History,2020-05-11,2020,1,342.0,NOT_MATURE,NOT_FOR_SALE,,,
books#volume,The Cambridge History of Turkey,History,2006,2006,3,19.0,NOT_MATURE,NOT_FOR_SALE,Cambridge University Press,,
books#volume,Shinto - The Ancient Religion of Japan,History,2011-08,2011,1,88.0,NOT_MATURE,NOT_FOR_SALE,Husain Press,,
books#volume,Undoing Gender,History,2004,2004,1,292.0,MATURE,NOT_FOR_SALE,Psychology Press,,
books#volume,Genealogie of the Sainteclaires of Rosslyn,History,2020-01-24,2020,0,224.0,NOT_MATURE,NOT_FOR_SALE,,,
books#volume,Autour de la Lune,History,2018,2018,1,148.0,NOT_MATURE,NOT_FOR_SALE,,,
books#volume,The Oriental Biographical Dictionary (Classic Reprint),History,2018-09-23,2018,1,302.0,NOT_MATURE,NOT_FOR_SALE,Forgotten Books,,
books#volume,What's Wrong with the World,History,2020-12-28,2020,1,122.0,NOT_MATURE,NOT_FOR_SALE,,,
books#volume,Representative Men,History,2017-10-02,2017,1,246.0,NOT_MATURE,NOT_FOR_SALE,Trieste Publishing,,
books#volume,Great Soviet Encyclopedia,History,1982-02-01,1982,2,823.0,NOT_MATURE,NOT_FOR_SALE,Macmillan Reference USA,,
books#volume,Southey on Nelson,History,2004,2004,1,364.0,NOT_MATURE,NOT_FOR_SALE,HarperPerennial,,
books#volume,The Uses of Literacy,History,2017-09-29,2017,1,515.0,NOT_MATURE,FOR_SALE,Routledge,41.19,GBP
books#volume,Politics and Ideology in the Age of the Civil War,History,1981-05-28,1981,1,0.0,NOT_MATURE,FOR_SALE,Oxford University Press,13.64,GBP
books#volume,The CIA and the Marshall Plan,History,1991,1991,1,208.0,NOT_MATURE,NOT_FOR_SALE,,,
books#volume,"Ballads, Songs, and Snatches",History,1999,1999,1,248.0,NOT_MATURE,NOT_FOR_SALE,Routledge,,
books#volume,Ambassador Morgenthau's Story,History,2018-06-16,2018,1,618.0,NOT_MATURE,NOT_FOR_SALE,Createspace Independent Publishing Platform,,
books#volume,The Twentieth-century American West,History,1977,1977,1,228.0,NOT_MATURE,NOT_FOR_SALE,,,
books#volume,An Introduction to Book History,History,2013,2013,2,178.0,NOT_MATURE,NOT_FOR_SALE,Routledge,,
books#volume,Wingless Eagle,History,2001,2001,1,326.0,NOT_MATURE,NOT_FOR_SALE,Univ of North Carolina Press,,
books#volume,Landmarks in English Industrial History,History,2019-03-05,2019,1,376.0,NOT_MATURE,NOT_FOR_SALE,Wentworth Press,,
books#volume,The Market and the City,History,2004,2004,1,340.0,NOT_MATURE,NOT_FOR_SALE,Routledge,,
books#volume,Criminal Sociology. Authorized Edition,History,2017-09-27,2017,1,314.0,NOT_MATURE,NOT_FOR_SALE,Trieste Publishing,,
books#volume,The Roman Imperial Army of the First and Second Centuries A.D.,History,1979,1979,1,374.0,NOT_MATURE,NOT_FOR_SALE,A & C Black,,
books#volume,Madness and Civilization,History,1988-11-28,1988,1,318.0,NOT_MATURE,NOT_FOR_SALE,Vintage,,
books#volume,A Text-Book of Colloquial Japanese (Classic Reprint),History,2016-06-30,2016,1,610.0,NOT_MATURE,NOT_FOR_SALE,Forgotten Books,,
books#volume,"The Bible, the Koran, and the Talmud, Or, Biblical Legends of the Mussulmans",History,2017-07-26,2017,1,276.0,NOT_MATURE,NOT_FOR_SALE,Trieste Publishing,,
books#volume,Adventures Among Books,History,2016-05-11,2016,1,222.0,NOT_MATURE,NOT_FOR_SALE,Createspace Independent Publishing Platform,,
books#volume,1001 Battles That Changed the Course of History,History,2011,2011,1,960.0,NOT_MATURE,NOT_FOR_SALE,,,
books#volume,Sacrifice and Other Plays,History,2012-01,2012,1,234.0,NOT_MATURE,NOT_FOR_SALE,Hardpress Publishing,,
books#volume,The First Six Books of the Elements of Euclid,History,2019-07-31,2019,1,212.0,NOT_MATURE,NOT_FOR_SALE,,,
books#volume,Military Power,History,2004,2004,1,364.0,NOT_MATURE,NOT_FOR_SALE,Princeton University Press,,
books#volume,Introduction to the Study of History,History,1907,1907,2,349.0,NOT_MATURE,NOT_FOR_SALE,,,
books#volume,New Movements in the Study and Teaching of History,History,1970,1970,1,248.0,NOT_MATURE,NOT_FOR_SALE,,,
books#volume,New School,History,1986,1986,2,372.0,NOT_MATURE,NOT_FOR_SALE,New York : Free Press ; London : Collier Macmillan,,
books#volume,The Palestinian Diaspora,History,2003,2003,2,296.0,NOT_MATURE,NOT_FOR_SALE,Psychology Press,,
books#volume,The Prince,History,2017-03,2017,1,258.0,NOT_MATURE,NOT_FOR_SALE,Knickerbocker Classics,,
books#volume,The Almanac of British Politics,History,2002,2002,2,943.0,NOT_MATURE,NOT_FOR_SALE,Psychology Press,,
books#volume,The Cambridge Ancient History,History,1970,1970,4,960.0,NOT_MATURE,NOT_FOR_SALE,Cambridge University Press,,
books#volume,Notes of a Son and Brother,History,2015-08-24,2015,1,544.0,NOT_MATURE,NOT_FOR_SALE,Sagwan Press,,
books#volume,Contemporary American Opinion of the French Revolution,History,2017-09-25,2017,1,344.0,NOT_MATURE,NOT_FOR_SALE,Trieste Publishing,,
books#volume,The Discarded Image,History,1994-08-26,1994,1,248.0,NOT_MATURE,NOT_FOR_SALE,Cambridge University Press,,
books#volume,"The History of the Decline and Fall of the Roman Empire, Vol. 2",History,2010-02-03,2010,1,582.0,NOT_MATURE,NOT_FOR_SALE,,,
books#volume,Searching for the Invisible Man,History,1978,1978,2,472.0,NOT_MATURE,NOT_FOR_SALE,"Cambridge, Mass. ; London : Harvard University Press",,
books#volume,The Day of the Scorpion,History,1968,1968,1,504.0,NOT_MATURE,NOT_FOR_SALE,Heinemann Educational Books,,
books#volume,"American Refugee Policy and European Jewry, 1933-1945",History,1987,1987,2,328.0,NOT_MATURE,NOT_FOR_SALE,Indiana University Press,,
books#volume,The Second World War,History,1979,1979,1,250.0,NOT_MATURE,NOT_FOR_SALE,Perigee Books,,
books#volume,Peace in the Western World,History,1984,1984,2,224.0,NOT_MATURE,NOT_FOR_SALE,,,
books#volume,Invisible Empire,History,2001,2001,1,426.0,NOT_MATURE,NOT_FOR_SALE,McGill-Queen's Press - MQUP,,
books#volume,Atomic Cover-Up,History,2012-01-05,2012,1,152.0,NOT_MATURE,NOT_FOR_SALE,CreateSpace,,
books#volume,Rethinking German History (Routledge Revivals),History,2015-08-11,2015,1,341.0,NOT_MATURE,FOR_SALE,Routledge,33.19,GBP
books#volume,"Charles Kingsley, His Letters and Memories of His Life",History,2011-11-10,2011,1,519.0,NOT_MATURE,NOT_FOR_SALE,Cambridge University Press,,
books#volume,Intermittent Diplomat,History,1988,1988,1,344.0,NOT_MATURE,NOT_FOR_SALE,Melbourne University,,
books#volume,The Fall of the House of Labor,History,1987-08-28,1987,1,508.0,NOT_MATURE,NOT_FOR_SALE,Cambridge University Press,,
books#volume,From Beirut to Jerusalem,History,1991-09,1991,1,564.0,NOT_MATURE,NOT_FOR_SALE,Macmillan,,
books#volume,A Tale of Two Cities,History,2021-04-22,2021,1,454.0,NOT_MATURE,NOT_FOR_SALE,,,
books#volume,The Battle for Palestine 1917,History,2006,2006,1,312.0,NOT_MATURE,NOT_FOR_SALE,,,
books#volume,The Inn of Tranquillity,History,2017-10-02,2017,1,298.0,NOT_MATURE,NOT_FOR_SALE,Trieste Publishing,,
books#volume,Out of the Ashes,History,1989,1989,1,372.0,NOT_MATURE,NOT_FOR_SALE,Pergamon,,
books#volume,Toxophilus,History,2018-10-22,2018,1,174.0,NOT_MATURE,NOT_FOR_SALE,Franklin Classics Trade Press,,
books#volume,The Dark Side of Zionism,History,2009-02-16,2009,1,285.0,NOT_MATURE,FOR_SALE,Bloomsbury Publishing USA,40.49,GBP
books#volume,The Falklands War,History,2015-08-01,2015,1,217.0,NOT_MATURE,FOR_SALE,McFarland,15.09,GBP
books#volume,The Five Books of Youth,History,2019-03-15,2019,2,128.0,NOT_MATURE,NOT_FOR_SALE,Wentworth Press,,
books#volume,Accidental City,History,1995,1995,1,256.0,NOT_MATURE,NOT_FOR_SALE,MacFarlane Walter & Ross,,
books#volume,Beyond War,History,2007-02-16,2007,1,353.0,NOT_MATURE,NOT_FOR_SALE,Oxford University Press,,
books#volume,"Scotland, A Very Peculiar History – Volume 1",History,2011-12-13,2011,1,106.0,NOT_MATURE,FOR_SALE,Andrews UK Limited,7.99,GBP
books#volume,The Goddess and the Nation,History,2010-04-09,2010,1,402.0,NOT_MATURE,FOR_SALE,Duke University Press,20.61,GBP
books#volume,Unspeakable Love,History,2006,2006,1,272.0,MATURE,NOT_FOR_SALE,Saqi Books,,
books#volume,Violent Entrepreneurs,History,2002-08-08,2002,1,232.0,NOT_MATURE,NOT_FOR_SALE,Cornell University Press,,
books#volume,Histories,History,2017-07-28,2017,1,202.0,NOT_MATURE,NOT_FOR_SALE,Forgotten Books,,
books#volume,"Alaska, a History of the 49th State",History,1979,1979,2,404.0,NOT_MATURE,NOT_FOR_SALE,William B. Eerdmans Publishing Company,,
books#volume,Away from Home,History,1977,1977,2,178.0,NOT_MATURE,NOT_FOR_SALE,Simon & Schuster,,
books#volume,Damascus,History,2005,2005,1,409.0,NOT_MATURE,NOT_FOR_SALE,Psychology Press,,
books#volume,The Birth of Tragedy,Philosophy,2012-03-01,2012,1,99.0,NOT_MATURE,FOR_SALE,Courier Corporation,1.85,GBP
books#volume,Taking Rights Seriously,Philosophy,1977,1977,1,320.0,NOT_MATURE,NOT_FOR_SALE,Cambridge : Harvard University Press,,
books#volume,The Prince,Philosophy,2005-02-10,2005,1,187.0,NOT_MATURE,NOT_FOR_SALE,OUP Oxford,,
books#volume,The Capacity to Govern,Philosophy,2001,2001,1,275.0,NOT_MATURE,NOT_FOR_SALE,Psychology Press,,
books#volume,The Development of Metaphysics in Persia,Philosophy,1964,1964,1,180.0,NOT_MATURE,NOT_FOR_SALE,,,
books#volume,Developing Student Autonomy in Learning,Philosophy,1988,1988,1,278.0,NOT_MATURE,NOT_FOR_SALE,Psychology Press,,
books#volume,Lull & Bruno,Philosophy,1982,1982,1,332.0,NOT_MATURE,NOT_FOR_SALE,Routledge & Kegan Paul Books,,
books#volume,Modernism - Dada - Postmodernism,Philosophy,2000,2000,1,516.0,NOT_MATURE,NOT_FOR_SALE,Northwestern University Press,,
books#volume,Phenomenology of Spirit,Philosophy,1998,1998,1,648.0,NOT_MATURE,NOT_FOR_SALE,Motilal Banarsidass Publ.,,
books#volume,Simulacra and Simulation,Philosophy,1994,1994,1,184.0,NOT_MATURE,NOT_FOR_SALE,,,
books#volume,"Objectivity, Relativism, and Truth",Philosophy,1991,1991,1,244.0,NOT_MATURE,NOT_FOR_SALE,Cambridge University Press,,
books#volume,The Nature of Morality,Philosophy,1977,1977,1,200.0,NOT_MATURE,NOT_FOR_SALE,"Oxford University Press, USA",,
books#volume,The Dhammapada,Philosophy,2001-08-09,2001,0,130.0,NOT_MATURE,NOT_FOR_SALE,Parallax Press,,
books#volume,Poetics,Philosophy,1987-12-15,1987,1,263.0,NOT_MATURE,FOR_SALE,Hackett Publishing,7.46,GBP
books#volume,Thus Spoke Zarathustra,Philosophy,2005,2005,1,388.0,NOT_MATURE,NOT_FOR_SALE,"Oxford University Press, USA",,
books#volume,Groundwork for the Metaphysics of Morals,Philosophy,2019-11-26,2019,1,136.0,NOT_MATURE,FOR_SALE,Oxford University Press,5.57,GBP
books#volume,Rethinking the Politics of Commercial Society,Philosophy,1985-12-05,1985,1,270.0,NOT_MATURE,NOT_FOR_SALE,Cambridge University Press,,
books#volume,Dante and Philosophy,Philosophy,2011-03-23,2011,1,433.0,NOT_MATURE,FOR_SALE,Read Books Ltd,7.99,GBP
books#volume,History of Philosophy,Philosophy,1967-06,1967,1,558.0,NOT_MATURE,NOT_FOR_SALE,Courier Dover Publications,,
books#volume,Letters from a Stoic,Philosophy,1969-07-30,1969,1,294.0,NOT_MATURE,NOT_FOR_SALE,Penguin UK,,
books#volume,Heidegger on Being and Acting,Philosophy,1987,1987,1,424.0,NOT_MATURE,NOT_FOR_SALE,,,
books#volume,Toward a Science of Human Nature,Philosophy,1982,1982,2,258.0,NOT_MATURE,NOT_FOR_SALE,,,
books#volume,Indian Philosophy,Philosophy,2019-07-31,2019,1,281.0,NOT_MATURE,FOR_SALE,Edinburgh University Press,20.8,GBP
books#volume,A Companion to Dharmaśāstra,Philosophy,1998,1998,1,288.0,NOT_MATURE,NOT_FOR_SALE,,,
books#volume,The Divided Self of William James,Philosophy,1999-02-28,1999,1,388.0,NOT_MATURE,NOT_FOR_SALE,Cambridge University Press,,
books#volume,The Limits of Experience,Philosophy,1994,1994,1,302.0,NOT_MATURE,NOT_FOR_SALE,,,
books#volume,The Story of Philosophy,Philosophy,1926,1926,1,660.0,NOT_MATURE,NOT_FOR_SALE,,,
books#volume,Lucretius - Poem on Nature,Philosophy,2003,2003,1,0.0,NOT_MATURE,NOT_FOR_SALE,Carcanet Press,,
books#volume,The Society of the Spectacle,Philosophy,2021-04-01,2021,1,227.0,NOT_MATURE,NOT_FOR_SALE,Unredacted Word,,
books#volume,A Short History of African Philosophy,Philosophy,2002,2002,1,148.0,NOT_MATURE,NOT_FOR_SALE,Indiana University Press,,
books#volume,THE ART OF WAR,Philosophy,2021-09-03,2021,1,28.0,NOT_MATURE,NOT_FOR_SALE,,,
books#volume,Animal Farm,Philosophy,2018-03-24,2018,1,110.0,NOT_MATURE,NOT_FOR_SALE,Createspace Independent Publishing Platform,,
books#volume,The Past in Ruins,Philosophy,1992,1992,1,200.0,NOT_MATURE,NOT_FOR_SALE,Univ of Massachusetts Press,,
books#volume,The Communist Manifesto,Philosophy,2006-05-30,2006,2,132.0,NOT_MATURE,NOT_FOR_SALE,Penguin,,
books#volume,Introduction to Mathematical Philosophy,Philosophy,2013-01-21,2013,1,213.0,NOT_MATURE,NOT_FOR_SALE,Read Books Ltd,,
books#volume,Thus Spake Zarathustra Annotated,Philosophy,2021-03-02,2021,1,433.0,NOT_MATURE,NOT_FOR_SALE,,,
books#volume,Intellectual Development of Voltaire,Philosophy,2015-12-08,2015,1,830.0,NOT_MATURE,FOR_SALE,Princeton University Press,81.3,GBP
books#volume,Structures of Knowing,Philosophy,1989-03-31,1989,1,454.0,NOT_MATURE,NOT_FOR_SALE,Springer Science & Business Media,,
books#volume,A Treatise of Human Nature,Philosophy,2003-01-01,2003,1,484.0,NOT_MATURE,NOT_FOR_SALE,Courier Corporation,,
books#volume,"Romanticism, Hermeneutics, and the Crisis of the Human Sciences",Philosophy,2004,2004,1,241.0,NOT_MATURE,NOT_FOR_SALE,"Aldershot, England : Ashgate",,
books#volume,Greek Philosophical Terms,Philosophy,1967,1967,1,249.0,NOT_MATURE,NOT_FOR_SALE,NYU Press,,
books#volume,The Problems of Philosophy Illustrated,Philosophy,2020-10-17,2020,1,156.0,NOT_MATURE,NOT_FOR_SALE,,,
books#volume,The Republic,Philosophy,2021-02-20,2021,1,684.0,NOT_MATURE,NOT_FOR_SALE,,,
books#volume,Thus Spake Zarathustra,Philosophy,1964,1964,1,0.0,NOT_MATURE,NOT_FOR_SALE,Castrovilli Giuseppe,,
books#volume,The Varieties of Religious Experience,Philosophy,1936,1936,1,556.0,NOT_MATURE,NOT_FOR_SALE,Modern Library,,
books#volume,Individual Morality,Philosophy,1969,1969,1,288.0,NOT_MATURE,NOT_FOR_SALE,,,
books#volume,After Virtue,Philosophy,2013-10-21,2013,1,361.0,NOT_MATURE,FOR_SALE,A&amp;C Black,21.59,GBP
books#volume,Thus Spoke Zarathustra,Philosophy,1974-02-28,1974,1,437.0,NOT_MATURE,FOR_SALE,Penguin UK,2.99,GBP
books#volume,Art in Its Time,Philosophy,2003,2003,1,202.0,NOT_MATURE,NOT_FOR_SALE,Psychology Press,,
books#volume,Protagoras,Philosophy,2018,2018,1,,NOT_MATURE,NOT_FOR_SALE,,,
books#volume,Tully's Five Books de Finibus: Or Concerning the Last Object of Desire and Aversion (1702),Philosophy,2009-05,2009,1,448.0,NOT_MATURE,NOT_FOR_SALE,,,
books#volume,Mindfulness,Philosophy,1989-01-21,1989,1,258.0,NOT_MATURE,NOT_FOR_SALE,Da Capo Press,,
books#volume,The Communist Manifesto,Philosophy,2024-03-12,2024,2,0.0,NOT_MATURE,NOT_FOR_SALE,,,
books#volume,The Field of Zen,Philosophy,1969,1969,1,130.0,NOT_MATURE,NOT_FOR_SALE,,,
books#volume,Critical Theory; Selected Essays,Philosophy,1972,1972,1,320.0,NOT_MATURE,NOT_FOR_SALE,New York : Herder and Herder,,
books#volume,The Artist and the City,Philosophy,1982,1982,1,180.0,NOT_MATURE,NOT_FOR_SALE,,,
books#volume,The Art of War Annotated,Philosophy,2020-11-25,2020,1,64.0,NOT_MATURE,NOT_FOR_SALE,,,
books#volume,The Evolution of the Sikh Community,Philosophy,1976,1976,1,136.0,NOT_MATURE,NOT_FOR_SALE,Delhi : Oxford University Press,,
books#volume,The Communist Manifesto,Philosophy,2019-02-28,2019,2,80.0,NOT_MATURE,NOT_FOR_SALE,Independently Published,,
books#volume,The Origin of Species,Philosophy,2018-10-11,2018,1,570.0,NOT_MATURE,NOT_FOR_SALE,Franklin Classics,,
books#volume,Democracy Past and Future,Philosophy,2006,2006,1,324.0,NOT_MATURE,NOT_FOR_SALE,Columbia University Press,,
books#volume,Tao Te Ching,Philosophy,2000,2000,1,136.0,NOT_MATURE,NOT_FOR_SALE,Counterpoint LLC,,
books#volume,A Progress of Sentiments,Philosophy,1991-04,1991,1,362.0,NOT_MATURE,NOT_FOR_SALE,,,
books#volume,Siddhartha,Philosophy,2021-01-18,2021,1,86.0,NOT_MATURE,NOT_FOR_SALE,,,
books#volume,Utopia,Philosophy,2017-11-17,2017,1,108.0,NOT_MATURE,NOT_FOR_SALE,Createspace Independent Publishing Platform,,
books#volume,Pride and Prejudice by Jane Austen,Philosophy,2021-02-19,2021,1,158.0,NOT_MATURE,NOT_FOR_SALE,Independently Published,,
books#volume,John Dewey's Pragmatic Technology,Philosophy,1990,1990,1,264.0,NOT_MATURE,NOT_FOR_SALE,,,
books#volume,For the Sake of the Argument,Philosophy,1996-01-26,1996,1,361.0,NOT_MATURE,NOT_FOR_SALE,Cambridge University Press,,
books#volume,The Presuppositions of Critical History,Philosophy,2025-05-22,2025,1,0.0,NOT_MATURE,NOT_FOR_SALE,Hutson Street Press,,
books#volume,The Passion for Happiness,Philosophy,2000,2000,1,276.0,NOT_MATURE,NOT_FOR_SALE,Cornell University Press,,
books#volume,The Authoritarian Personality,Philosophy,2019-08-27,2019,4,1073.0,NOT_MATURE,NOT_FOR_SALE,Verso Books,,
books#volume,Truth and Other Enigmas,Philosophy,1978,1978,1,470.0,NOT_MATURE,NOT_FOR_SALE,,,
books#volume,The Problems of Philosophy,Philosophy,1977,1977,1,167.0,NOT_MATURE,NOT_FOR_SALE,,,
books#volume,Aristotle's History of Animals. in Ten Books,Philosophy,2015-08-09,2015,3,364.0,NOT_MATURE,NOT_FOR_SALE,Andesite Press,,
books#volume,Parmenides,Philosophy,2019-12-29,2019,1,150.0,NOT_MATURE,NOT_FOR_SALE,,,
books#volume,A Philosophical Inquiry Into the Origin of Our Ideas of the Sublime and Beautiful,Philosophy,2016-07-04,2016,1,284.0,NOT_MATURE,NOT_FOR_SALE,Forgotten Books,,
books#volume,Posterior Analytics (Classic Reprint),Philosophy,2016-06-13,2016,1,142.0,NOT_MATURE,NOT_FOR_SALE,Forgotten Books,,
books#volume,The Philosophy of History (Classic Reprint),Philosophy,2017-11-08,2017,1,494.0,NOT_MATURE,NOT_FOR_SALE,Forgotten Books,,
books#volume,Sources of the Self,Philosophy,1989,1989,1,628.0,NOT_MATURE,NOT_FOR_SALE,Harvard University Press,,
books#volume,The Concept of the Political,Philosophy,2008-12-01,2008,1,159.0,NOT_MATURE,FOR_SALE,University of Chicago Press,21.99,GBP
books#volume,Utilitarianism,Philosophy,2013-12,2013,1,106.0,NOT_MATURE,NOT_FOR_SALE,CreateSpace,,
books#volume,"System of Logic Ratiocinative and Inductive, Vol. 2 of 2",Philosophy,2015-06-26,2015,1,640.0,NOT_MATURE,NOT_FOR_SALE,Forgotten Books,,
books#volume,The New Dictionary of Existentialism,Philosophy,1971,1971,1,184.0,NOT_MATURE,NOT_FOR_SALE,,,
books#volume,Taking Animals Seriously,Philosophy,1996-07-13,1996,1,316.0,NOT_MATURE,NOT_FOR_SALE,Cambridge University Press,,
books#volume,The Philosophy of Nature,Philosophy,1986,1986,1,240.0,NOT_MATURE,NOT_FOR_SALE,,,
books#volume,The Power of Dialogue,Philosophy,1996,1996,1,322.0,NOT_MATURE,NOT_FOR_SALE,MIT Press (MA),,
books#volume,"Ideology and Utopia, an Introduction to the Sociology of Knowledge (Classic Reprint)",Philosophy,2017-12,2017,1,354.0,NOT_MATURE,NOT_FOR_SALE,Forgotten Books,,
books#volume,Enquiries Concerning the Human Understanding,Philosophy,2017-10-11,2017,1,482.0,NOT_MATURE,NOT_FOR_SALE,Forgotten Books,,
books#volume,The Step Not Beyond,Philosophy,1992-01-01,1992,0,166.0,NOT_MATURE,NOT_FOR_SALE,SUNY Press,,
books#volume,On the Shortness of Life,Philosophy,2018-03-30,2018,1,38.0,NOT_MATURE,NOT_FOR_SALE,,,
books#volume,The Individual and the Cosmos in Renaissance Philosophy,Philosophy,2010-04,2010,1,215.0,NOT_MATURE,NOT_FOR_SALE,University of Chicago Press,,
books#volume,Philosophy for Africa,Philosophy,1995,1995,1,212.0,NOT_MATURE,NOT_FOR_SALE,,,
books#volume,The Meditations of Marcus Aurelius,Philosophy,1891,1891,1,212.0,NOT_MATURE,NOT_FOR_SALE,,,
books#volume,Humanism and Platonism in the Italian Renaissance,Philosophy,2003,2003,1,684.0,NOT_MATURE,NOT_FOR_SALE,Edizioni di Storia e Letteratura,,
books#volume,Novum Organum (Classic Reprint),Philosophy,2017-10-13,2017,1,290.0,NOT_MATURE,NOT_FOR_SALE,Forgotten Books,,
books#volume,Undoing Gender,Philosophy,2004,2004,1,292.0,MATURE,NOT_FOR_SALE,Psychology Press,,
books#volume,Philosophy in a Time of Terror,Philosophy,2003-06-15,2003,3,236.0,NOT_MATURE,NOT_FOR_SALE,University of Chicago Press,,
books#volume,Process Metaphysics and Hua-yen Buddhism,Philosophy,1982-01-01,1982,1,282.0,NOT_MATURE,NOT_FOR_SALE,SUNY Press,,
books#volume,On Collective Memory,Philosophy,1992-09,1992,1,262.0,NOT_MATURE,NOT_FOR_SALE,University of Chicago Press,,
books#volume,The Book of Five Rings,Philosophy,2017-04-13,2017,1,50.0,NOT_MATURE,NOT_FOR_SALE,,,
books#volume,The Theory of Moral Sentiments,Philosophy,1982,1982,1,484.0,NOT_MATURE,NOT_FOR_SALE,,,
books#volume,Critical Thinking,Philosophy,1989,1989,1,564.0,NOT_MATURE,NOT_FOR_SALE,"Oxford University Press, USA",,
books#volume,The Glasgow Edition of the Works and Correspondence of Adam Smith: VI: Correspondence,Philosophy,1987,1987,1,500.0,NOT_MATURE,NOT_FOR_SALE,Oxford University Press,,
books#volume,An Honest Thief,Philosophy,2019-02-08,2019,1,22.0,NOT_MATURE,FOR_SALE,Read Books Ltd,4.99,GBP
books#volume,Candide,Philosophy,2020-02,2020,1,130.0,NOT_MATURE,NOT_FOR_SALE,Indoeuropeanpublishing.com,,
books#volume,Scientific Progress,Philosophy,1994,1994,1,242.0,NOT_MATURE,NOT_FOR_SALE,Kluwer Academic Pub,,
books#volume,Discourses on Livy,Philosophy,2026-01-16,2026,1,0.0,NOT_MATURE,NOT_FOR_SALE,,,
books#volume,First Principles (Classic Reprint),Philosophy,2016-08-21,2016,1,656.0,NOT_MATURE,NOT_FOR_SALE,Forgotten Books,,
books#volume,Human Action and Its Explanation,Philosophy,1977-11-30,1977,1,456.0,NOT_MATURE,NOT_FOR_SALE,Springer,,
books#volume,Ethics and the History of Indian Philosophy,Philosophy,2007,2007,1,436.0,NOT_MATURE,NOT_FOR_SALE,Motilal Banarsidass Publishing House,,
books#volume,Madness and Civilization,Philosophy,1988-11-28,1988,1,318.0,NOT_MATURE,NOT_FOR_SALE,Vintage,,
books#volume,In Praise of Idleness,Philosophy,2020-08-26,2020,1,202.0,NOT_MATURE,FOR_SALE,Routledge,15.59,GBP
books#volume,On Christian Doctrine,Philosophy,2018-04-03,2018,1,154.0,NOT_MATURE,NOT_FOR_SALE,,,
books#volume,A Passion for Justice,Philosophy,1990,1990,1,360.0,NOT_MATURE,NOT_FOR_SALE,Addison Wesley Publishing Company,,
books#volume,After Virtue,Philosophy,2007-03-06,2007,1,426.0,NOT_MATURE,NOT_FOR_SALE,University of Notre Dame Pess,,
books#volume,The Normative Web,Philosophy,2007-09-06,2007,1,271.0,NOT_MATURE,NOT_FOR_SALE,Oxford University Press,,
books#volume,Complexity and Postmodernism,Philosophy,1998,1998,1,170.0,NOT_MATURE,NOT_FOR_SALE,Psychology Press,,
books#volume,The Development of Plato's Political Theory,Philosophy,2006-12-07,2006,1,306.0,NOT_MATURE,NOT_FOR_SALE,Oxford University Press,,
books#volume,Purposes of Art,Philosophy,1981,1981,1,468.0,NOT_MATURE,NOT_FOR_SALE,Harcourt Brace College Publishers,,
books#volume,Politics of Security,Philosophy,1996,1996,1,266.0,NOT_MATURE,NOT_FOR_SALE,Psychology Press,,
books#volume,The Donghak Concept of God/heaven,Philosophy,2007,2007,1,168.0,NOT_MATURE,NOT_FOR_SALE,Peter Lang,,
books#volume,The Rejected Body,Philosophy,1996,1996,1,216.0,NOT_MATURE,NOT_FOR_SALE,Routledge,,
books#volume,Tractatus Logico-Philosophicus,Philosophy,2012-09-19,2012,1,143.0,NOT_MATURE,NOT_FOR_SALE,Courier Corporation,,
books#volume,Hegel's Philosophy of Religion,Philosophy,1977,1977,1,174.0,NOT_MATURE,NOT_FOR_SALE,London : Macmillan,,
books#volume,Plato's Gorgias,Philosophy,2015-06-16,2015,1,242.0,NOT_MATURE,NOT_FOR_SALE,Forgotten Books,,
books#volume,Art as Experience,Philosophy,2005-07-05,2005,1,385.0,NOT_MATURE,NOT_FOR_SALE,Penguin,,
books#volume,The Prince,Philosophy,2017-03,2017,1,258.0,NOT_MATURE,NOT_FOR_SALE,Knickerbocker Classics,,
books#volume,Fear and Trembling,Philosophy,2006-05-30,2006,1,0.0,NOT_MATURE,NOT_FOR_SALE,Penguin,,
books#volume,Hittite Texts and Greek Religion,Philosophy,2020,2020,1,404.0,NOT_MATURE,NOT_FOR_SALE,,,
books#volume,The Contemplation of the World,Philosophy,1996,1996,1,151.0,NOT_MATURE,NOT_FOR_SALE,,,
books#volume,The Categories,Philosophy,2022-09-16,2022,1,48.0,NOT_MATURE,NOT_FOR_SALE,DigiCat,,
books#volume,The Enchiridion,Philosophy,2020-01-21,2020,1,32.0,NOT_MATURE,NOT_FOR_SALE,"Wyatt North Publishing, LLC",,
books#volume,Aristotle on Perception,Philosophy,1997-02-13,1997,1,336.0,NOT_MATURE,NOT_FOR_SALE,,,
books#volume,Embracing Mind,Philosophy,2008,2008,2,274.0,NOT_MATURE,NOT_FOR_SALE,Shambhala Publications,,
books#volume,The Parasite,Philosophy,1982,1982,1,255.0,NOT_MATURE,NOT_FOR_SALE,,,
books#volume,Journey to a Revolution,Philosophy,2009-10-13,2009,1,260.0,NOT_MATURE,FOR_SALE,Harper Collins,5.99,GBP
books#volume,Philosophy Of Biology,Philosophy,1993-04-19,1993,1,260.0,NOT_MATURE,NOT_FOR_SALE,Westview Press,,
books#volume,Plato's Republic,Philosophy,1974,1974,1,292.0,NOT_MATURE,NOT_FOR_SALE,,,
books#volume,The Hermeneutics of Life History,Philosophy,1990,1990,1,186.0,NOT_MATURE,NOT_FOR_SALE,,,
books#volume,Myth and Tragedy in Ancient Greece,Philosophy,1988,1988,2,536.0,NOT_MATURE,NOT_FOR_SALE,Princeton University Press,,
books#volume,Explorations in Language and Meaning,Philosophy,1976,1976,1,232.0,NOT_MATURE,NOT_FOR_SALE,John Wiley & Sons,,
books#volume,Islam in India and Pakistan,Philosophy,1982,1982,1,96.0,NOT_MATURE,NOT_FOR_SALE,BRILL,,
books#volume,The Critique of Pure Reason,Philosophy,2012-12-10,2012,1,722.0,NOT_MATURE,FOR_SALE,Simon and Schuster,1.99,GBP
books#volume,Calliope's Sisters,Philosophy,1990,1990,1,344.0,NOT_MATURE,NOT_FOR_SALE,,,
books#volume,An Introduction to Rights,Philosophy,2004-03-08,2004,1,223.0,NOT_MATURE,NOT_FOR_SALE,,,
books#volume,An Introduction to the Philosophy of Law,Philosophy,2003,2003,1,308.0,NOT_MATURE,NOT_FOR_SALE,"The Lawbook Exchange, Ltd.",,
books#volume,The Scenic Imagination,Philosophy,2008,2008,1,240.0,NOT_MATURE,NOT_FOR_SALE,,,
books#volume,Philosophical Tales,Philosophy,2009-01-21,2009,1,296.0,NOT_MATURE,FOR_SALE,John Wiley & Sons,65.99,GBP
books#volume,The Authority of Law,Philosophy,2009-06-18,2009,1,364.0,NOT_MATURE,NOT_FOR_SALE,Oxford University Press,,
books#volume,Threads of Life,Philosophy,2001-02,2001,1,416.0,NOT_MATURE,NOT_FOR_SALE,University of Chicago Press,,
books#volume,Historical Essays,Philosophy,2002,2002,1,1250.0,NOT_MATURE,NOT_FOR_SALE,Univ of California Press,,
books#volume,Imperialism and Ideology,Philosophy,2000,2000,1,220.0,NOT_MATURE,NOT_FOR_SALE,,,
books#volume,A Shestov Anthology,Philosophy,1971,1971,1,360.0,NOT_MATURE,NOT_FOR_SALE,,,
books#volume,On Free Choice of the Will,Philosophy,1993-01-01,1993,2,164.0,NOT_MATURE,NOT_FOR_SALE,Hackett Publishing,,
books#volume,The Book of Miracles,Philosophy,2001-07-10,2001,1,436.0,NOT_MATURE,NOT_FOR_SALE,Simon and Schuster,,
books#volume,The Nature of Love,Philosophy,1984,1984,1,492.0,MATURE,NOT_FOR_SALE,University of Chicago Press,,
books#volume,"Zadig: Or, The Book of Fate",Philosophy,2021-01-13,2021,1,123.0,NOT_MATURE,FOR_SALE,Otbebookpublishing,1.69,GBP
books#volume,"Language, Truth and Logic",Philosophy,2012-04-18,2012,1,175.0,NOT_MATURE,NOT_FOR_SALE,Courier Corporation,,
books#volume,Kant's Life and Thought,Philosophy,1981,1981,1,429.0,NOT_MATURE,NOT_FOR_SALE,New Haven : Yale University Press,,
books#volume,Embracing Mind,Philosophy,2008,2008,2,274.0,NOT_MATURE,NOT_FOR_SALE,Shambhala Publications,,
books#volume,Motivation to Work,Psychology,2017-07-28,2017,1,186.0,NOT_MATURE,FOR_SALE,Routledge,41.19,GBP
books#volume,Playway to English Level 1 Pupil's Book,Psychology,2009-03-12,2009,2,88.0,NOT_MATURE,NOT_FOR_SALE,Cambridge University Press,,
books#volume,Situated Learning,Psychology,1991-09-27,1991,2,123.0,NOT_MATURE,FOR_SALE,Cambridge University Press,29.99,GBP
books#volume,From Cliche to Archetype,Psychology,1970,1970,2,254.0,NOT_MATURE,NOT_FOR_SALE,New York : Viking Press,,
books#volume,Personality Types,Psychology,1987,1987,1,132.0,NOT_MATURE,NOT_FOR_SALE,Inner City Books,,
books#volume,The Course of Gay and Lesbian Lives,Psychology,2000-08,2000,2,539.0,MATURE,NOT_FOR_SALE,University of Chicago Press,,
books#volume,Vision and Art,Psychology,2002-05-07,2002,1,216.0,NOT_MATURE,NOT_FOR_SALE,Abradale Press,,
books#volume,Choices for Living,Psychology,2002-02-28,2002,1,315.0,NOT_MATURE,NOT_FOR_SALE,Springer Science & Business Media,,
books#volume,The Expression of the Emotions in Man and Animals,Psychology,1890,1890,2,406.0,NOT_MATURE,FREE,,,
books#volume,"Handbook of Psychology, Biological Psychology",Psychology,2003-03-11,2003,2,748.0,NOT_MATURE,NOT_FOR_SALE,John Wiley & Sons,,
books#volume,Medios narrativos para fines terapéuticos,Psychology,1993,1993,2,228.0,NOT_MATURE,NOT_FOR_SALE,Grupo Planeta (GBS),,
books#volume,Why Not Kill Them All?,Psychology,2010-07-01,2010,2,287.0,NOT_MATURE,FOR_SALE,Princeton University Press,19.5,GBP
books#volume,"Sex, Politics, and Society",Psychology,1981,1981,1,336.0,MATURE,NOT_FOR_SALE,Longman Publishing Group,,
books#volume,The Principles of Psychology (Vol. 1&2),Psychology,2018-05-11,2018,1,1245.0,NOT_MATURE,FOR_SALE,e-artnow,1.99,GBP
books#volume,A Study of Thinking,Psychology,2017-07-12,2017,1,351.0,NOT_MATURE,NOT_FOR_SALE,Routledge,,
books#volume,Altered Traits,Psychology,2017-09-05,2017,2,338.0,NOT_MATURE,NOT_FOR_SALE,Penguin,,
books#volume,Brain and Visual Perception,Psychology,2005,2005,2,752.0,NOT_MATURE,NOT_FOR_SALE,OUP USA,,
books#volume,Sodium Hunger,Psychology,1991,1991,1,220.0,NOT_MATURE,NOT_FOR_SALE,Cambridge University Press,,
books#volume,"Language, the Loaded Weapon",Psychology,1980,1980,1,232.0,NOT_MATURE,NOT_FOR_SALE,Longman Publishing Group,,
books#volume,Interpretative Phenomenological Analysis,Psychology,2021-12-01,2021,3,264.0,NOT_MATURE,FOR_SALE_AND_RENTAL,SAGE,38.99,GBP
books#volume,Helping Troubled Children,Psychology,1975,1975,1,392.0,NOT_MATURE,NOT_FOR_SALE,Springer,,
books#volume,Revolution in Mind,Psychology,2008,2008,1,626.0,NOT_MATURE,NOT_FOR_SALE,Melbourne Univ. Publishing,,
books#volume,The Science of Getting Rich,Psychology,2007-04,2007,1,161.0,NOT_MATURE,NOT_FOR_SALE,Book Tree,,
books#volume,Psychology and the Conduct of Everyday Life,Psychology,2015-08-11,2015,2,273.0,NOT_MATURE,FOR_SALE,Routledge,31.83,GBP
books#volume,Toward a Science of Human Nature,Psychology,1982,1982,2,258.0,NOT_MATURE,NOT_FOR_SALE,,,
books#volume,The Creative Process,Psychology,1952,1952,1,268.0,NOT_MATURE,NOT_FOR_SALE,Signet Book,,
books#volume,A Study in Scarlet by Arthur Conan Doyle,Psychology,2020-12-02,2020,1,78.0,NOT_MATURE,NOT_FOR_SALE,,,
books#volume,Perception and Communication,Psychology,2013-10-22,2013,1,345.0,NOT_MATURE,FOR_SALE,Elsevier,28.59,GBP
books#volume,A Theory of Human Motivation,Psychology,2013-06,2013,1,22.0,NOT_MATURE,NOT_FOR_SALE,,,
books#volume,Handbook of Parametric and Nonparametric Statistical Procedures,Psychology,1997,1997,1,760.0,NOT_MATURE,NOT_FOR_SALE,CRC Press,,
books#volume,The Complete MRCPsych,Psychology,2006-01-27,2006,1,866.0,NOT_MATURE,NOT_FOR_SALE,CRC Press,,
books#volume,The Bipolar Book,Psychology,2015,2015,3,710.0,NOT_MATURE,NOT_FOR_SALE,"Oxford University Press, USA",,
books#volume,Despine and the Evolution of Psychology,Psychology,2008-11-15,2008,1,296.0,NOT_MATURE,NOT_FOR_SALE,Palgrave MacMillan,,
books#volume,Beyond Alcoholism,Psychology,1980,1980,1,248.0,NOT_MATURE,NOT_FOR_SALE,,,
books#volume,"Introduction to Mediation, Moderation, and Conditional Process Analysis",Psychology,2013-04-22,2013,1,527.0,NOT_MATURE,NOT_FOR_SALE,Guilford Press,,
books#volume,The Psychology of Adolescence,Psychology,1978,1978,3,642.0,NOT_MATURE,NOT_FOR_SALE,New York : Macmillan,,
books#volume,Statistics,Psychology,1986,1986,1,464.0,NOT_MATURE,NOT_FOR_SALE,Psychology Press,,
books#volume,Pleasures Taken,Psychology,1995,1995,1,212.0,MATURE,NOT_FOR_SALE,Duke University Press,,
books#volume,Happiness,Psychology,1990,1990,1,152.0,MATURE,NOT_FOR_SALE,Lawrence Erlbaum Associates,,
books#volume,Statistics for Psychology,Psychology,1994,1994,2,650.0,NOT_MATURE,NOT_FOR_SALE,,,
books#volume,Schizophrenia and the Family,Psychology,1986-05-12,1986,3,382.0,NOT_MATURE,NOT_FOR_SALE,Guilford Press,,
books#volume,Fascism and Democracy in the Human Mind,Psychology,2006-01-01,2006,1,492.0,NOT_MATURE,NOT_FOR_SALE,U of Nebraska Press,,
books#volume,Sex and Destiny,Psychology,1984,1984,1,570.0,MATURE,NOT_FOR_SALE,New York : Harper & Row,,
books#volume,The Children who Lived,Psychology,2008,2008,2,210.0,NOT_MATURE,NOT_FOR_SALE,Taylor & Francis,,
books#volume,Psychology and Industrial Efficiency,Psychology,2019-01-30,2019,1,156.0,NOT_MATURE,FOR_SALE,BoD – Books on Demand,2.49,GBP
books#volume,The Kama Sutra of Vatsyayana,Psychology,2012-03-16,2012,1,148.0,NOT_MATURE,NOT_FOR_SALE,,,
books#volume,The Construction of Homosexuality,Psychology,1988-12-09,1988,1,658.0,MATURE,NOT_FOR_SALE,,,
books#volume,Art as Therapy with Children,Psychology,1972,1972,1,272.0,MATURE,NOT_FOR_SALE,Schocken Books Incorporated,,
books#volume,Mindfulness,Psychology,1989-01-21,1989,1,258.0,NOT_MATURE,NOT_FOR_SALE,Da Capo Press,,
books#volume,The Interpretation of Dreams (Hardcover Library Edition),Psychology,2021-06-10,2021,1,586.0,NOT_MATURE,NOT_FOR_SALE,,,
books#volume,Fascinating Womanhood,Psychology,1982-02,1982,1,324.0,NOT_MATURE,NOT_FOR_SALE,Bantam,,
books#volume,Risk Analysis in Theory and Practice,Psychology,2004-06-04,2004,1,258.0,NOT_MATURE,NOT_FOR_SALE,Elsevier,,
books#volume,Television and the American Child,Psychology,1991,1991,2,410.0,NOT_MATURE,NOT_FOR_SALE,,,
books#volume,A Sexual Odyssey,Psychology,1996-08-21,1996,1,338.0,MATURE,NOT_FOR_SALE,Springer,,
books#volume,The Family's Construction of Reality,Psychology,1981,1981,1,448.0,NOT_MATURE,NOT_FOR_SALE,"Cambridge, Mass. : Harvard University Press",,
books#volume,A Mind that Found Itself,Psychology,1907,1907,1,384.0,NOT_MATURE,NOT_FOR_SALE,,,
books#volume,The Ethics of Psychoanalysis 1959-1960,Psychology,2013-11-19,2013,1,351.0,NOT_MATURE,NOT_FOR_SALE,Routledge,,
books#volume,As a Man Thinketh,Psychology,2016-05-14,2016,2,38.0,NOT_MATURE,NOT_FOR_SALE,Createspace Independent Publishing Platform,,
books#volume,The Developmental Psychology of Music,Psychology,1986-12-18,1986,1,276.0,NOT_MATURE,NOT_FOR_SALE,Cambridge University Press,,
books#volume,Ties That Stress,Psychology,1994,1994,1,280.0,NOT_MATURE,NOT_FOR_SALE,,,
books#volume,"Handbook of Psychology, 12 Volume Set",Psychology,2003-01-09,2003,0,7800.0,NOT_MATURE,NOT_FOR_SALE,Wiley,,
books#volume,Prejudices,Psychology,2004-06,2004,1,,NOT_MATURE,NOT_FOR_SALE,,,
books#volume,Power Through Constructive Thinking,Psychology,1940,1940,1,304.0,NOT_MATURE,NOT_FOR_SALE,HarperCollins Publishers,,
books#volume,The First Three Years of Life,Psychology,1985,1985,1,368.0,NOT_MATURE,NOT_FOR_SALE,Prentice Hall,,
books#volume,Children and Adolescents; Interpretive Essays on Jean Piaget,Psychology,1970,1970,1,194.0,NOT_MATURE,NOT_FOR_SALE,,,
books#volume,Developmental Psycholinguistics,Psychology,1983-04,1983,2,288.0,NOT_MATURE,NOT_FOR_SALE,Springer,,
books#volume,Lesbians and Lesbianisms,Psychology,1997,1997,1,260.0,MATURE,NOT_FOR_SALE,Psychology Press,,
books#volume,The Metaphorical Brain,Psychology,1972,1972,1,264.0,NOT_MATURE,NOT_FOR_SALE,John Wiley & Sons,,
books#volume,Definition of Suicide,Psychology,2015-09-11,2015,1,254.0,NOT_MATURE,NOT_FOR_SALE,Createspace Independent Publishing Platform,,
books#volume,The Authoritarian Personality,Psychology,2019-08-27,2019,4,1073.0,NOT_MATURE,NOT_FOR_SALE,Verso Books,,
books#volume,Sources of the Self,Psychology,1989,1989,1,628.0,NOT_MATURE,NOT_FOR_SALE,Harvard University Press,,
books#volume,Theory of Psychoanalytic Technique,Psychology,2020-10-09,2020,1,341.0,NOT_MATURE,FOR_SALE,Barakaldo Books,2.23,GBP
books#volume,The Power of Habit,Psychology,2012-02-28,2012,1,322.0,NOT_MATURE,NOT_FOR_SALE,Random House,,
books#volume,Driven To Distraction,Psychology,1995-03-02,1995,2,340.0,NOT_MATURE,NOT_FOR_SALE,Simon and Schuster,,
books#volume,Being There,Psychology,1998-01-23,1998,1,308.0,NOT_MATURE,NOT_FOR_SALE,MIT Press,,
books#volume,"Psychology, Briefer Course",Psychology,1984,1984,1,606.0,NOT_MATURE,NOT_FOR_SALE,Harvard University Press,,
books#volume,The Crowd,Psychology,2010-09-01,2010,1,120.0,NOT_MATURE,NOT_FOR_SALE,CreateSpace,,
books#volume,"Gay, Straight, and In-between",Psychology,1988,1988,1,276.0,MATURE,NOT_FOR_SALE,,,
books#volume,The Roots of Prosocial Behavior in Children,Psychology,1989-09-29,1989,2,208.0,NOT_MATURE,NOT_FOR_SALE,Cambridge University Press,,
books#volume,"Correspondence Analysis in Practice, Second Edition",Psychology,2007-05-07,2007,1,296.0,NOT_MATURE,NOT_FOR_SALE,Chapman and Hall/CRC,,
books#volume,Parenting from the Inside Out,Psychology,2013-12-26,2013,2,338.0,NOT_MATURE,NOT_FOR_SALE,TarcherPerigee,,
books#volume,Adaptive Mentalization-based Integrative Treatment,Psychology,2017,2017,4,433.0,NOT_MATURE,NOT_FOR_SALE,Oxford University Press,,
books#volume,Romantic Longings,Psychology,1991,1991,1,272.0,MATURE,NOT_FOR_SALE,Other,,
books#volume,Cybernetics Or Control and Communication in the Animal and the Machine,Psychology,1961,1961,1,244.0,NOT_MATURE,NOT_FOR_SALE,MIT Press,,
books#volume,"Boredom, Self, and Culture",Psychology,1984,1984,1,168.0,NOT_MATURE,NOT_FOR_SALE,,,
books#volume,The Varieties of Religious Experience,Psychology,1969*,1969*,1,406.0,NOT_MATURE,NOT_FOR_SALE,,,
books#volume,Dilemmas of Desire,Psychology,2002-11-19,2002,1,282.0,MATURE,NOT_FOR_SALE,,,
books#volume,ADHD,Psychology,2017,2017,2,313.0,NOT_MATURE,NOT_FOR_SALE,Oxford University Press,,
books#volume,Family Therapy,Psychology,1993,1993,2,428.0,NOT_MATURE,NOT_FOR_SALE,Allyn & Bacon,,
books#volume,Ordeal Therapy,Psychology,1984-03-27,1984,1,240.0,NOT_MATURE,NOT_FOR_SALE,Jossey-Bass,,
books#volume,Diagnosis and Treatment Planning in Counseling,Psychology,1986,1986,1,362.0,NOT_MATURE,NOT_FOR_SALE,,,
books#volume,Undoing Gender,Psychology,2004,2004,1,292.0,MATURE,NOT_FOR_SALE,Psychology Press,,
books#volume,Teaching Listening Comprehension,Psychology,1984-02-09,1984,1,202.0,NOT_MATURE,NOT_FOR_SALE,,,
books#volume,On Collective Memory,Psychology,1992-09,1992,1,262.0,NOT_MATURE,NOT_FOR_SALE,University of Chicago Press,,
books#volume,Critical Thinking,Psychology,1989,1989,1,564.0,NOT_MATURE,NOT_FOR_SALE,"Oxford University Press, USA",,
books#volume,The Will to Meaning,Psychology,1970-04-01,1970,1,,NOT_MATURE,NOT_FOR_SALE,Plume,,
books#volume,Affective Neuroscience,Psychology,2004-10-28,2004,1,480.0,NOT_MATURE,NOT_FOR_SALE,OUP USA,,
books#volume,Greed is Good,Psychology,2009,2009,2,158.0,NOT_MATURE,NOT_FOR_SALE,Bloomsbury Publishing PLC,,
books#volume,Abilities,Psychology,1971,1971,1,616.0,NOT_MATURE,NOT_FOR_SALE,,,
books#volume,How Fathers Care for the Next Generation,Psychology,1993,1993,1,426.0,NOT_MATURE,NOT_FOR_SALE,,,
books#volume,The Fundamentals of Abnormal Psychology,Psychology,2001-07,2001,1,,NOT_MATURE,NOT_FOR_SALE,,,
books#volume,The Interpretation Of Dreams,Psychology,1955-01-21,1955,1,736.0,NOT_MATURE,NOT_FOR_SALE,,,
books#volume,Language and Woman's Place,Psychology,1975,1975,1,102.0,NOT_MATURE,NOT_FOR_SALE,HarperCollins Publishers,,
books#volume,A Dictionary of Psychology,Psychology,2009,2009,1,882.0,NOT_MATURE,NOT_FOR_SALE,"Oxford University Press, USA",,
books#volume,Youth Studies,Psychology,2012-11-12,2012,1,314.0,NOT_MATURE,FOR_SALE,Routledge,37.99,GBP
books#volume,Qualitative Interviewing,Psychology,2013-04-25,2013,1,192.0,NOT_MATURE,FOR_SALE,Oxford University Press,15.7,GBP
books#volume,The Wimp Factor,Psychology,2004,2004,1,310.0,NOT_MATURE,NOT_FOR_SALE,Beacon Press,,
books#volume,Program Evaluation,Psychology,1988-07-31,1988,2,294.0,NOT_MATURE,NOT_FOR_SALE,Springer Science & Business Media,,
books#volume,Self-Help (llustrated),Psychology,2011,2011,1,358.0,NOT_MATURE,FOR_SALE,Laurus - Lexecon Kft.,0.75,GBP
books#volume,New Approaches to Learning Disabilities,Psychology,1988,1988,1,312.0,NOT_MATURE,NOT_FOR_SALE,"Grune & Stratton, Incorporated",,
books#volume,The Protestant Work Ethic,Psychology,1990,1990,1,305.0,NOT_MATURE,NOT_FOR_SALE,Routledge,,
books#volume,Prometheus Rising,Psychology,2003,2003,1,292.0,NOT_MATURE,NOT_FOR_SALE,,,
books#volume,Making Sense,Psychology,1980,1980,1,234.0,NOT_MATURE,NOT_FOR_SALE,"Oxford University Press, USA",,
books#volume,Exploring Human Sexuality,Psychology,2001,2001,2,734.0,MATURE,NOT_FOR_SALE,Allyn & Bacon,,
books#volume,Raising An Emotionally Intelligent Child,Psychology,2011-09-20,2011,1,240.0,NOT_MATURE,NOT_FOR_SALE,Simon and Schuster,,
books#volume,Letters to Simon: on the Conduct of Psychotherapy,Psychology,1973,1973,1,368.0,NOT_MATURE,NOT_FOR_SALE,,,
books#volume,"My Psychosis, My Bicycle, and I",Psychology,1996,1996,1,310.0,NOT_MATURE,NOT_FOR_SALE,"Jason Aronson, Incorporated",,
books#volume,The Parasite,Psychology,1982,1982,1,255.0,NOT_MATURE,NOT_FOR_SALE,,,
books#volume,The Culture Code,Psychology,2018-01-30,2018,1,305.0,NOT_MATURE,NOT_FOR_SALE,Bantam,,
books#volume,"Playing, Laughing and Learning with Children on the Autism Spectrum",Psychology,2008-07-15,2008,1,306.0,NOT_MATURE,FOR_SALE,Jessica Kingsley Publishers,12.99,GBP
books#volume,Just Looking,Psychology,1989,1989,1,232.0,NOT_MATURE,NOT_FOR_SALE,New York : Knopf,,
books#volume,The Limits of Imagination,Psychology,1976,1976,1,232.0,NOT_MATURE,NOT_FOR_SALE,"Ithaca, N.Y. : Cornell University Press",,
books#volume,A History of Autism,Psychology,2011-07-07,2011,1,401.0,NOT_MATURE,FOR_SALE,John Wiley & Sons,35.99,GBP
books#volume,A Dictionary of Symbols,Psychology,2020-09-22,2020,1,577.0,NOT_MATURE,NOT_FOR_SALE,New York Review of Books,,
books#volume,Fun Home,Psychology,2007,2007,1,248.0,NOT_MATURE,NOT_FOR_SALE,Houghton Mifflin Harcourt,,
books#volume,Psychopathology of Everyday Life,Psychology,2021-05-01,2021,1,211.0,NOT_MATURE,FOR_SALE,Prakash Books India Pvt Ltd,1.49,GBP
books#volume,Culture's Consequences,Psychology,2001-04-20,2001,2,620.0,NOT_MATURE,NOT_FOR_SALE,"SAGE Publications, Incorporated",,
books#volume,"The Thematic Apperception Test, the Children's Apperception Test, and the Senior Apperception Technique in Clinical Use",Psychology,1986,1986,2,420.0,NOT_MATURE,NOT_FOR_SALE,Thomas Allen Publishers,,
books#volume,I Want to Die but I Still Want to Eat Tteokbokki,Psychology,2024-06-06,2024,1,225.0,NOT_MATURE,FOR_SALE,Bloomsbury Publishing,10.49,GBP
books#volume,Explanation and Power,Psychology,1979,1979,1,318.0,NOT_MATURE,NOT_FOR_SALE,,,
books#volume,Childhood And Society,Psychology,2014-08-21,2014,1,402.0,MATURE,FOR_SALE,Random House,7.99,GBP
books#volume,An Attributional Theory of Motivation and Emotion,Psychology,1986,1986,1,332.0,NOT_MATURE,NOT_FOR_SALE,Springer,,
books#volume,Rules of Desire,Psychology,1992,1992,1,376.0,MATURE,NOT_FOR_SALE,Random House (UK),,
books#volume,Child Development and Education,Psychology,1976,1976,1,296.0,NOT_MATURE,NOT_FOR_SALE,New York : Oxford University Press,,
books#volume,Journey Into Sexuality,Psychology,1986,1986,1,312.0,MATURE,NOT_FOR_SALE,Prentice Hall,,
books#volume,Personality Disorders,Psychology,2007-05-23,2007,3,417.0,NOT_MATURE,FOR_SALE_AND_RENTAL,SAGE Publications,61.4,GBP
books#volume,Psychopathology,Psychology,2024-09-02,2024,2,0.0,NOT_MATURE,NOT_FOR_SALE,,,
books#volume,The Social Neuroscience of Empathy,Psychology,2011-01-21,2011,2,269.0,NOT_MATURE,FOR_SALE,MIT Press,26.78,GBP
books#volume,Philosophical Explanations,Psychology,1981,1981,1,788.0,NOT_MATURE,NOT_FOR_SALE,Harvard University Press,,
books#volume,Beyond War,Psychology,2007-02-16,2007,1,353.0,NOT_MATURE,NOT_FOR_SALE,Oxford University Press,,
books#volume,The Handbook of Individual Therapy,Psychology,2013-11-15,2013,2,1441.0,NOT_MATURE,FOR_SALE_AND_RENTAL,SAGE,47.99,GBP
books#volume,The Infancy of Atomic Physics,Psychology,1983,1983,1,250.0,NOT_MATURE,NOT_FOR_SALE,"Oxford University Press, USA",,
books#volume,A Counselor's Guide to the Dissertation Process,Psychology,2017-05-24,2017,4,233.0,NOT_MATURE,FOR_SALE,John Wiley & Sons,29.99,GBP
books#volume,The Cambridge Handbook of Cognitive Linguistics,Psychology,2017-06-01,2017,1,1427.0,NOT_MATURE,FOR_SALE,Cambridge University Press,47.99,GBP
books#volume,Lifting the Veil,Psychology,1993,1993,1,356.0,NOT_MATURE,NOT_FOR_SALE,Shambhala Publications,,
books#volume,"Recurrent Education, Earnings and Well-being",Psychology,1989,1989,1,294.0,NOT_MATURE,NOT_FOR_SALE,,,
books#volume,Personal Autonomy,Psychology,2005-01-10,2005,1,370.0,NOT_MATURE,FOR_SALE,Cambridge University Press,30.99,GBP
books#volume,Universal Design for Learning in the Classroom,Psychology,2012-08-24,2012,3,177.0,NOT_MATURE,NOT_FOR_SALE,Guilford Press,,
books#volume,Mass Communication Theory,Psychology,1987,1987,1,368.0,NOT_MATURE,NOT_FOR_SALE,Sage Publications (CA),,
books#volume,The Construction of the Self,Psychology,1999,1999,1,413.0,NOT_MATURE,NOT_FOR_SALE,Guilford Publications,,
books#volume,Psychology and Deterrence,Psychology,1985-12,1985,3,290.0,NOT_MATURE,NOT_FOR_SALE,,,
books#volume,Emotional Schema Therapy,Psychology,2015-04-06,2015,1,401.0,NOT_MATURE,FOR_SALE,Guilford Publications,24.69,GBP
books#volume,The Trauma of Freud,Psychology,2002,2002,1,301.0,NOT_MATURE,NOT_FOR_SALE,Routledge,,
books#volume,Sexuality: A Very Short Introduction,Psychology,2008-04-24,2008,1,169.0,MATURE,NOT_FOR_SALE,"Oxford University Press, USA",,
books#volume,Mind Bugs,Psychology,1990,1990,1,286.0,NOT_MATURE,NOT_FOR_SALE,MIT Press,,
books#volume,The Path to Purpose,Psychology,2009-04-07,2009,1,241.0,NOT_MATURE,NOT_FOR_SALE,Simon and Schuster,,
books#volume,Planning and Human Survival,Psychology,1992-06-16,1992,1,200.0,NOT_MATURE,NOT_FOR_SALE,Praeger,,
books#volume,Too Young to Die,Psychology,1976,1976,1,250.0,NOT_MATURE,NOT_FOR_SALE,Boston : Houghton Mifflin,,
books#volume,Psychoanaly Behav Therapy,Psychology,1977-02-28,1977,1,344.0,NOT_MATURE,NOT_FOR_SALE,,,
books#volume,Theories of Counseling and Psychotherapy,Psychology,2020-04,2020,2,624.0,NOT_MATURE,NOT_FOR_SALE,,,
books#volume,政治心理形成與政治參與行為,Political Science,1989,1989,1,356.0,NOT_MATURE,NOT_FOR_SALE,臺灣商務印書館,,
books#volume,The Global War on Morris,Political Science,2014-12-30,2014,1,304.0,NOT_MATURE,NOT_FOR_SALE,Simon and Schuster,,
books#volume,The Macmillan Dictionary of Australian Politics,Political Science,1992,1992,2,264.0,NOT_MATURE,NOT_FOR_SALE,,,
books#volume,Polish Democratic Thought from the Renaissance to the Great Emigration,Political Science,1990,1990,2,272.0,NOT_MATURE,NOT_FOR_SALE,,,
books#volume,Socialist Parties in Postwar Japan,Political Science,1966,1966,3,536.0,NOT_MATURE,NOT_FOR_SALE,,,
books#volume,Hands-on Democracy,Political Science,1993,1993,2,132.0,NOT_MATURE,NOT_FOR_SALE,,,
books#volume,Die geteilte Vergangenheit,Political Science,1995,1995,1,280.0,NOT_MATURE,NOT_FOR_SALE,De Gruyter Akademie Forschung,,
books#volume,Parteienlandschaften in Osteuropa,Political Science,1994,1994,1,204.0,NOT_MATURE,NOT_FOR_SALE,,,
books#volume,I gamla Svitjod åter,Political Science,1962,1962,1,150.0,NOT_MATURE,NOT_FOR_SALE,,,
books#volume,A Guidebook of Statistical Software for the Social and Behavioral Sciences,Social Science,1998,1998,2,484.0,NOT_MATURE,NOT_FOR_SALE,Prentice Hall,,
books#volume,Toward a Biocritical Sociology,Social Science,1996,1996,1,232.0,NOT_MATURE,NOT_FOR_SALE,,,
books#volume,Modernization and Stress in Japan,Social Science,1975,1975,1,112.0,NOT_MATURE,NOT_FOR_SALE,BRILL,,
books#volume,Justice and Egalitarian Relations,Social Science,2021,2021,1,337.0,NOT_MATURE,NOT_FOR_SALE,Oxford University Press,,
books#volume,Planning in India,Social Science,1990,1990,1,140.0,NOT_MATURE,NOT_FOR_SALE,,,
books#volume,Scientific Research Outlook in the Arab World and the New Millenium: Science and Technology,Social Science,2000,2000,0,1033.0,NOT_MATURE,NOT_FOR_SALE,,,
books#volume,Handbook in Research and Evaluation,Social Science,1982,1982,2,234.0,NOT_MATURE,NOT_FOR_SALE,,,
books#volume,Policy Development,Social Science,1972,1972,1,234.0,NOT_MATURE,NOT_FOR_SALE,"Gower Publishing Company, Limited",,
books#volume,A Guidebook of Statistical Software for the Social and Behavioral Sciences,Social Science,1998,1998,2,484.0,NOT_MATURE,NOT_FOR_SALE,Prentice Hall,,
books#volume,Społeczeństwo Polski współczesnej,Social Science,1993,1993,1,264.0,NOT_MATURE,NOT_FOR_SALE,,,
books#volume,Toward a Biocritical Sociology,Social Science,1996,1996,1,232.0,NOT_MATURE,NOT_FOR_SALE,,,
books#volume,Commentaries on the Laws of England,Law,1890,1890,1,830.0,NOT_MATURE,FREE,,,
books#volume,Taking Rights Seriously,Law,1977,1977,1,320.0,NOT_MATURE,NOT_FOR_SALE,Cambridge : Harvard University Press,,
books#volume,Domesday Book,Law,1975,1975,1,296.0,NOT_MATURE,NOT_FOR_SALE,,,
books#volume,Commentaries on the Laws of England,Law,1872,1872,1,780.0,NOT_MATURE,FREE,,,
books#volume,Protection of Children During Armed Political Conflict,Law,2006,2006,3,515.0,NOT_MATURE,NOT_FOR_SALE,Intersentia nv,,
books#volume,Commentaries on the Laws of England,Law,1900,1900,1,928.0,NOT_MATURE,FREE,,,
books#volume,"Eliot, Joyce, and Company",Law,1987,1987,1,362.0,NOT_MATURE,NOT_FOR_SALE,"Oxford University Press, USA",,
books#volume,The Role of Collective Bargaining in the Global Economy,Law,2011-01-01,2011,1,337.0,NOT_MATURE,FOR_SALE,Edward Elgar Publishing,18.0,GBP
books#volume,Theory of Legislation,Law,1891,1891,1,496.0,NOT_MATURE,FREE,,,
books#volume,Release from Prison,Law,2010,2010,3,476.0,NOT_MATURE,NOT_FOR_SALE,Taylor & Francis,,
books#volume,"Libya, the Responsibility to Protect and the Future of Humanitarian Intervention",Law,2013-05-29,2013,2,256.0,NOT_MATURE,FOR_SALE_AND_RENTAL,Springer,29.49,GBP
books#volume,Sourcebook on Public International Law,Law,1998-02-14,1998,1,920.0,NOT_MATURE,NOT_FOR_SALE,Routledge,,
books#volume,Policing and Punishment in Nineteenth Century Britain,Law,2015-08-20,2015,1,256.0,NOT_MATURE,FOR_SALE,Routledge,33.19,GBP
books#volume,Directors' and Officers' Liability Insurance,Law,2020-11-25,2020,2,225.0,NOT_MATURE,FOR_SALE,Taylor & Francis,374.0,GBP
books#volume,Non-State Actors as Standard Setters,Law,2009-09-24,2009,4,609.0,NOT_MATURE,FOR_SALE,Cambridge University Press,98.99,GBP
books#volume,"Israel, the West Bank and International Law",Law,2012-11-12,2012,1,298.0,NOT_MATURE,FOR_SALE,Routledge,127.59,GBP
books#volume,Collectanea de Rebus Hibernicus,Law,1786,1786,1,648.0,NOT_MATURE,FREE,,,
books#volume,A Practical Approach to Family Law,Law,1998,1998,3,610.0,NOT_MATURE,NOT_FOR_SALE,Gaunt,,
books#volume,Brexit,Law,2018-02-19,2018,3,286.0,NOT_MATURE,FOR_SALE_AND_RENTAL,Springer,74.65,GBP
books#volume,The Islamic Law of Personal Status,Law,2020-06-02,2020,1,288.0,NOT_MATURE,NOT_FOR_SALE,BRILL,,
books#volume,The International Taxation System,Law,2012-12-06,2012,2,319.0,NOT_MATURE,FOR_SALE_AND_RENTAL,Springer Science & Business Media,88.65,GBP
books#volume,The Oxford Handbook of Conflict Management in Organizations,Law,2014-05,2014,3,577.0,NOT_MATURE,NOT_FOR_SALE,Oxford Handbooks,,
books#volume,Commentaries on the Laws of England,Law,1771,1771,1,504.0,NOT_MATURE,FREE,,,
books#volume,EU Private International Law,Law,2014-09-26,2014,1,587.0,NOT_MATURE,FOR_SALE,Edward Elgar Publishing,24.85,GBP
books#volume,A Companion to Dharmaśāstra,Law,1998,1998,1,288.0,NOT_MATURE,NOT_FOR_SALE,,,
books#volume,Encyclopædia of the Laws of England with Forms and Precedents by the Most Eminent Legal Authorities,Law,1906,1906,0,0.0,NOT_MATURE,NOT_FOR_SALE,,,
books#volume,Human Trafficking,Law,2011-12-05,2011,3,321.0,NOT_MATURE,FOR_SALE,CRC Press,29.99,GBP
books#volume,A General View of the Criminal Law of England,Law,1863,1863,1,532.0,NOT_MATURE,FREE,,,
books#volume,Martin Eden,Law,2020-12-15,2020,1,246.0,NOT_MATURE,NOT_FOR_SALE,,,
books#volume,Implementation of Law in the People's Republic of China,Law,2021-08-04,2021,3,386.0,NOT_MATURE,NOT_FOR_SALE,BRILL,,
books#volume,An Introduction to the Philosophy of Law,Law,2003,2003,1,308.0,NOT_MATURE,NOT_FOR_SALE,"The Lawbook Exchange, Ltd.",,
books#volume,Acting for Endangered Species,Law,2002,2002,1,192.0,NOT_MATURE,NOT_FOR_SALE,,,
books#volume,The New Palgrave Dictionary of Economics,Law,2008-05-11,2008,0,7300.0,NOT_MATURE,NOT_FOR_SALE,Palgrave Macmillan,,
books#volume,Histories of State Surveillance in Europe and Beyond,Law,2014-05-09,2014,4,264.0,NOT_MATURE,FOR_SALE,Routledge,38.79,GBP
books#volume,The Solicitors' Journal,Law,1883,1883,0,884.0,NOT_MATURE,FREE,,,
books#volume,Butterworths Company Law Handbook,Law,2007,2007,1,4221.0,NOT_MATURE,NOT_FOR_SALE,,,
books#volume,The Oxford Handbook of Contemporary Philosophy,Law,2005-10-27,2005,2,932.0,NOT_MATURE,NOT_FOR_SALE,Oxford Handbooks Online,,
books#volume,The New Terrorism,Law,2019-05-07,2019,2,142.0,NOT_MATURE,FOR_SALE_AND_RENTAL,Springer,43.49,GBP
books#volume,The Paris Agreement on Climate Change,Law,2017-07-26,2017,5,462.0,NOT_MATURE,FOR_SALE,Oxford University Press,25.99,GBP
books#volume,Rob Roy,Law,2009-12-30,2009,1,0.0,NOT_MATURE,NOT_FOR_SALE,Taylor & Francis,,
books#volume,Bleak House,Law,1853,1853,1,,NOT_MATURE,NOT_FOR_SALE,,,
books#volume,Lectures on the Early History of Institutions,Law,1878,1878,1,436.0,NOT_MATURE,FREE,,,
books#volume,Criminal Law,Law,1999,1999,2,624.0,NOT_MATURE,NOT_FOR_SALE,,,
books#volume,Voluntary Environmental Management,Law,1999-02-25,1999,1,184.0,NOT_MATURE,NOT_FOR_SALE,CRC Press,,
books#volume,Handbook of New Institutional Economics,Law,2025-03-17,2025,2,1154.0,NOT_MATURE,FOR_SALE_AND_RENTAL,Springer Nature,0.0,GBP
books#volume,Great Jurists of the World,Law,1914,1914,1,686.0,NOT_MATURE,NOT_FOR_SALE,,,
books#volume,Cutting the Rose,Law,1994,1994,1,216.0,MATURE,NOT_FOR_SALE,Minority Rights Group Publications,,
books#volume,The Birth of the English Common Law,Law,1988-11-24,1988,1,184.0,NOT_MATURE,NOT_FOR_SALE,Cambridge University Press,,
books#volume,"Speeches of Henry Lord Brougham, Upon Questions Relating to Public Rights, Duties, and Interests",Law,1838,1838,1,708.0,NOT_MATURE,FREE,,,
books#volume,Speech and Harm,Law,2012-05-31,2012,2,276.0,NOT_MATURE,NOT_FOR_SALE,"Oxford University Press, USA",,
books#volume,The World Court:What It Is and How It Works,Law,1995-03-09,1995,1,394.0,NOT_MATURE,NOT_FOR_SALE,Springer,,
books#volume,Lloyd's List Law Reports,Law,1941,1941,0,224.0,NOT_MATURE,NOT_FOR_SALE,,,
books#volume,"McKean Genealogies From the Early Settlement of McKeans Or Mc@keens in America to the Present Time, 1902",Law,2017-10-12,2017,1,326.0,NOT_MATURE,NOT_FOR_SALE,Forgotten Books,,
books#volume,The Abolition of the Death Penalty in International Law,Law,1997-03-06,1997,1,445.0,NOT_MATURE,NOT_FOR_SALE,Cambridge University Press,,
books#volume,Economic Analysis of Law,Law,2007,2007,1,787.0,NOT_MATURE,NOT_FOR_SALE,Aspen Publishers,,
books#volume,The Law Magazine,Law,1832,1832,0,540.0,NOT_MATURE,FREE,,,
books#volume,Constitutional & Administrative Law,Law,2006,2006,1,0.0,NOT_MATURE,NOT_FOR_SALE,Routledge Cavendish,,
books#volume,Elements of Law Considered with Reference to Principles of General Jurisprudence,Law,1905,1905,1,472.0,NOT_MATURE,NOT_FOR_SALE,,,
books#volume,Marxism and Law,Law,1982,1982,2,404.0,NOT_MATURE,NOT_FOR_SALE,John Wiley & Sons,,
books#volume,"Religion, Law, and Learning in Classical Islam",Law,1991,1991,1,344.0,NOT_MATURE,NOT_FOR_SALE,Routledge,,
books#volume,The Vienna Conventions on the Law of Treaties,Law,2025-10-29,2025,0,2357.0,NOT_MATURE,FOR_SALE,Oxford University Press,225.54,GBP
books#volume,The Law of War and Peace,Law,2026-02-14,2026,1,0.0,NOT_MATURE,NOT_FOR_SALE,Tradd Street Press,,
books#volume,Commentaries on the laws of England,Law,1778,1778,1,,NOT_MATURE,NOT_FOR_SALE,,,
books#volume,The Selected Writings and Speeches of Sir Edward Coke,Law,2003,2003,1,694.0,NOT_MATURE,NOT_FOR_SALE,,,
books#volume,Organizational Behavior,Law,1994,1994,1,324.0,NOT_MATURE,NOT_FOR_SALE,Psychology Press,,
books#volume,Law and Identity in Mandate Palestine,Law,2006,2006,1,327.0,NOT_MATURE,NOT_FOR_SALE,Univ of North Carolina Press,,
books#volume,"Prostitution, Politics and Policy",Law,2008,2008,1,157.0,MATURE,NOT_FOR_SALE,Routledge Cavendish,,
books#volume,The Mind and Method of the Legal Academic,Law,2012-01-01,2012,1,193.0,NOT_MATURE,FOR_SALE,Edward Elgar Publishing,13.36,GBP
books#volume,The Province of Jurisprudence Determined,Law,1970,1970,1,472.0,NOT_MATURE,NOT_FOR_SALE,,,
books#volume,Forensic Analysis of Fire Debris and Explosives,Law,2019-10-08,2019,2,360.0,NOT_MATURE,FOR_SALE_AND_RENTAL,Springer Nature,36.49,GBP
books#volume,Law-Latin,Law,2015-08-08,2015,1,260.0,NOT_MATURE,NOT_FOR_SALE,Andesite Press,,
books#volume,Psychology and Crime,Law,2026-05-29,2026,2,0.0,NOT_MATURE,NOT_FOR_SALE,Routledge,,
books#volume,The Law of Nations,Law,2011-12-15,2011,1,663.0,NOT_MATURE,NOT_FOR_SALE,Cambridge University Press,,
books#volume,Commentaries on the Laws of England,Law,1768,1768,1,488.0,NOT_MATURE,NOT_FOR_SALE,,,
books#volume,Foreign Relations of the United States,Law,2016-03-15,2016,1,870.0,NOT_MATURE,FREE,Foreign Relations of the Unite,,
books#volume,"Elements of Law, Considered With Reference to Principles of General Jurisprudence",Law,2023-07-18,2023,1,0.0,NOT_MATURE,NOT_FOR_SALE,Legare Street Press,,
books#volume,The Chief Sources of English Legal History,Law,1925,1925,1,400.0,NOT_MATURE,NOT_FOR_SALE,,,
books#volume,Mental Health Law,Law,1990,1990,1,444.0,NOT_MATURE,NOT_FOR_SALE,,,
books#volume,Translation Issues in Language and Law,Law,2009-03-19,2009,3,264.0,NOT_MATURE,NOT_FOR_SALE,Palgrave MacMillan,,
books#volume,The New-Hampshire Town Officer,Law,2016-05-18,2016,1,326.0,NOT_MATURE,NOT_FOR_SALE,Palala Press,,
books#volume,The Art of Playwriting,Law,2017-10-04,2017,1,224.0,NOT_MATURE,NOT_FOR_SALE,Trieste Publishing,,
books#volume,"The Spirit of Laws, with D'Alembert's Analysis of the Work",Law,1878,1878,0,,NOT_MATURE,NOT_FOR_SALE,,,
books#volume,Pornography and Public Health,Law,2021-08-10,2021,1,265.0,MATURE,FOR_SALE,Oxford University Press,24.69,GBP
books#volume,Unjust Seizure,Law,2001,2001,1,264.0,NOT_MATURE,NOT_FOR_SALE,Cornell University Press,,
books#volume,Literature and Complaint in England 1272-1553,Law,2007-03-29,2007,1,244.0,NOT_MATURE,NOT_FOR_SALE,Oxford University Press,,
books#volume,Select Passages from the Works of Bracton and Azo,Law,1895,1895,2,310.0,NOT_MATURE,FREE,,,
books#volume,Digital Witness,Law,2019-12-19,2019,3,560.0,NOT_MATURE,FOR_SALE,Oxford University Press,20.79,GBP
books#volume,Right to Manage & Service Charges,Law,2014-03-18,2014,1,195.0,NOT_MATURE,FOR_SALE,Taylor & Francis,31.83,GBP
books#volume,"The First Amendment, Democracy, and Romance",Law,2014-07-14,2014,1,0.0,NOT_MATURE,NOT_FOR_SALE,,,
books#volume,Two Treatises On Civil Government,Law,2022-10-26,2022,2,0.0,NOT_MATURE,NOT_FOR_SALE,Legare Street Press,,
books#volume,The Law Times,Law,1922,1922,0,470.0,NOT_MATURE,NOT_FOR_SALE,,,
books#volume,State Crime,Law,2011,2011,2,358.0,NOT_MATURE,NOT_FOR_SALE,,,
books#volume,The Constitutional Structure of the Commonwealth,Law,1982-11-15,1982,1,0.0,NOT_MATURE,NOT_FOR_SALE,Praeger,,
books#volume,Revolution and Counter-Revolution,Law,2022-10-27,2022,2,0.0,NOT_MATURE,NOT_FOR_SALE,Legare Street Press,,
books#volume,Elements of International Law,Law,2018-10-21,2018,2,790.0,NOT_MATURE,NOT_FOR_SALE,Franklin Classics Trade Press,,
books#volume,Weapons Proliferation and World Order,Law,1996-02-07,1996,1,410.0,NOT_MATURE,NOT_FOR_SALE,Martinus Nijhoff Publishers,,
books#volume,Outlines of Lectures on Jurisprudence,Law,1920,1920,1,152.0,NOT_MATURE,NOT_FOR_SALE,,,
books#volume,The Fifth Witness,Law,2023-01-02,2023,1,0.0,NOT_MATURE,NOT_FOR_SALE,,,
books#volume,Rectifying International Injustice,Law,2009,2009,1,227.0,NOT_MATURE,NOT_FOR_SALE,"Oxford University Press, USA",,
books#volume,"Introduction to International Criminal Law, 2nd Revised Edition",Law,2012-11-09,2012,1,1258.0,NOT_MATURE,NOT_FOR_SALE,Martinus Nijhoff Publishers,,
books#volume,Principles of Sociology,Law,2015-09-17,2015,1,922.0,NOT_MATURE,NOT_FOR_SALE,Palala Press,,
books#volume,"The League of Nations and the Rule of Law, 1918-1935",Law,1998,1998,2,554.0,NOT_MATURE,NOT_FOR_SALE,,,
books#volume,Privacy and Human Rights,Law,1994,1994,1,216.0,NOT_MATURE,NOT_FOR_SALE,"Aldershot, [England) : Dartmouth",,
books#volume,Studies in History and Jurisprudence,Law,2025-05-22,2025,1,0.0,NOT_MATURE,NOT_FOR_SALE,Hutson Street Press,,
books#volume,Textbook on Criminal Law,Law,1997,1997,1,457.0,NOT_MATURE,NOT_FOR_SALE,,,
books#volume,"A Digest of English Civil Law: Law of property, by Edward Jenks",Law,1913,1913,4,272.0,NOT_MATURE,NOT_FOR_SALE,,,
books#volume,A Book about Lawyers,Law,2012-07,2012,1,278.0,NOT_MATURE,NOT_FOR_SALE,Rarebooksclub.com,,
books#volume,LC21,Law,2001-02-23,2001,4,285.0,NOT_MATURE,NOT_FOR_SALE,National Academies Press,,
books#volume,Clinical Aspects of Sexual Harassment and Gender Discrimination,Law,2016-01-31,2016,1,0.0,NOT_MATURE,NOT_FOR_SALE,,,
books#volume,Goodbye Lizzie Borden,Law,1974,1974,1,264.0,NOT_MATURE,NOT_FOR_SALE,,,
books#volume,Select Charters and Other Illustrations of English Constitutional History; from the Earliest Times to the Reign of Edward the First,Law,2013-09,2013,1,228.0,NOT_MATURE,NOT_FOR_SALE,Theclassics.Us,,
books#volume,The Law,Law,2013-09-21,2013,1,70.0,NOT_MATURE,NOT_FOR_SALE,,,
books#volume,Criminal Sociology. Authorized Edition,Law,2017-09-27,2017,1,314.0,NOT_MATURE,NOT_FOR_SALE,Trieste Publishing,,
books#volume,International Human Rights in a Nutshell,Law,1995,1995,1,408.0,NOT_MATURE,NOT_FOR_SALE,,,
books#volume,The Law of Nations,Law,2017-11-20,2017,1,654.0,NOT_MATURE,NOT_FOR_SALE,Forgotten Books,,
books#volume,"Pensions, Employment, and the Law",Law,1993,1993,1,296.0,NOT_MATURE,NOT_FOR_SALE,"Oxford University Press, USA",,
books#volume,The Statutes at Large,Law,1765,1765,1,578.0,NOT_MATURE,FREE,,,
books#volume,Engineering Analysis of Vehicular Accidents,Law,2024-11-01,2024,1,251.0,NOT_MATURE,NOT_FOR_SALE,CRC Press,,
books#volume,Women In Law,Law,1981-12-17,1981,1,480.0,NOT_MATURE,NOT_FOR_SALE,,,
books#volume,Directives and Norms,Law,1968,1968,1,220.0,NOT_MATURE,NOT_FOR_SALE,,,
books#volume,Bloody Sunday and the Rule of Law in Northern Ireland,Law,2000-03-01,2000,1,363.0,NOT_MATURE,FOR_SALE_AND_RENTAL,Springer,28.79,GBP
books#volume,"Civilization, Taxation, and Representation",Law,2008-06-01,2008,1,188.0,NOT_MATURE,NOT_FOR_SALE,,,
books#volume,Introduction to Corporate and Personal Insolvency Law,Law,1998-01-01,1998,1,429.0,NOT_MATURE,NOT_FOR_SALE,,,
books#volume,Ethics in the Public Service,Law,1999,1999,2,216.0,NOT_MATURE,NOT_FOR_SALE,,,
books#volume,The Federalist,Law,2009-10-15,2009,3,648.0,NOT_MATURE,NOT_FOR_SALE,Harvard University Press,,
books#volume,Concise Introduction to EU Private International Law,Law,2019,2019,2,0.0,NOT_MATURE,NOT_FOR_SALE,,,
books#volume,The Third Part of the Institutes of the Laws of England,Law,1817,1817,1,330.0,NOT_MATURE,FREE,,,
books#volume,The Antitrust Revolution,Law,2009,2009,2,0.0,NOT_MATURE,NOT_FOR_SALE,"Oxford University Press, USA",,
books#volume,Latin Fascist Elites,Law,2002-12-30,2002,1,232.0,NOT_MATURE,NOT_FOR_SALE,Praeger,,
books#volume,The Papers & the Papers,Law,1972,1972,1,328.0,NOT_MATURE,NOT_FOR_SALE,New York : Dutton,,
books#volume,A Guide to Students' Law Books and to Both Branches of the Legal Profession,Law,1906,1906,1,194.0,NOT_MATURE,NOT_FOR_SALE,,,
books#volume,The Constitutional Review,Law,2013,2013,1,0.0,NOT_MATURE,NOT_FOR_SALE,Vandeplas Pub.,,
books#volume,The Idea of Justice and the Problem of Argument,Law,1977,1977,1,232.0,NOT_MATURE,NOT_FOR_SALE,Humanities Press International,,
books#volume,"China Energy Policy, Laws and Regulation Handbook Volume 1 Strategic Information and Basic Laws",Law,2015-03-10,2015,1,0.0,NOT_MATURE,NOT_FOR_SALE,,,
books#volume,Theory of Legislation,Law,1890,1890,2,472.0,NOT_MATURE,NOT_FOR_SALE,,,
books#volume,EU Criminal Law,Law,2009-03-24,2009,1,366.0,NOT_MATURE,NOT_FOR_SALE,Hart Publishing,,
books#volume,Secret Intelligence,Law,2019,2019,3,624.0,NOT_MATURE,NOT_FOR_SALE,,,
books#volume,Routledge Handbook of Heritage in Asia,Law,2012,2012,2,0.0,NOT_MATURE,NOT_FOR_SALE,,,
books#volume,History Of Court Fools,Law,2020-04-10,2020,1,260.0,NOT_MATURE,NOT_FOR_SALE,,,
books#volume,Legal Education and the Reproduction of Hierarchy,Law,2004-07-01,2004,1,231.0,NOT_MATURE,NOT_FOR_SALE,NYU Press,,
books#volume,International Law,Law,2019,2019,1,385.0,NOT_MATURE,NOT_FOR_SALE,"Oxford University Press, USA",,
books#volume,The Great Tax Wars,Law,2002,2002,1,444.0,NOT_MATURE,NOT_FOR_SALE,,,
books#volume,Poole's Casebook on Contract Law,Law,2021,2021,3,857.0,NOT_MATURE,NOT_FOR_SALE,Oxford University Press,,
books#volume,Fraud Examination 2/e Ise,Law,2006,2006,1,672.0,NOT_MATURE,NOT_FOR_SALE,,,
books#volume,West's Encyclopedia of American Law,Law,2005,2005,0,482.0,NOT_MATURE,NOT_FOR_SALE,,,
books#volume,Principles of Cybercrime,Law,2015-09-23,2015,1,581.0,NOT_MATURE,FOR_SALE,Cambridge University Press,50.99,GBP
books#volume,Between Equal Rights,Law,2005,2005,1,388.0,NOT_MATURE,NOT_FOR_SALE,BRILL,,
books#volume,The Impact of EU Law on Minority Rights,Law,2011-01-12,2011,1,246.0,NOT_MATURE,FOR_SALE,Bloomsbury Publishing,85.5,GBP
books#volume,The Forms of Action at Common Law,Law,1936-01-03,1936,1,92.0,NOT_MATURE,NOT_FOR_SALE,Cambridge University Press,,
books#volume,National Security Law and the Power of the Purse,Law,1994,1994,2,278.0,NOT_MATURE,NOT_FOR_SALE,,,
books#volume,The Catholic Tradition of the Law of Nations,Law,2012-04,2012,1,548.0,NOT_MATURE,FOR_SALE,"The Lawbook Exchange, Ltd.",4.78,GBP
books#volume,International Law in Historical Perspective,Law,1972-12-31,1972,1,542.0,NOT_MATURE,NOT_FOR_SALE,Martinus Nijhoff Publishers,,
books#volume,Secretary or General?,Law,2007-01-29,2007,1,15.0,NOT_MATURE,FOR_SALE,Cambridge University Press,30.99,GBP
books#volume,Imperial Citizen,Law,2011-11-28,2011,1,206.0,NOT_MATURE,NOT_FOR_SALE,Syracuse University Press,,
books#volume,The Constitutional State,Law,2012-09-27,2012,1,384.0,NOT_MATURE,FOR_SALE,OUP Oxford,29.89,GBP
books#volume,A Critical Introduction to Law,Law,2015-06-26,2015,3,220.0,NOT_MATURE,NOT_FOR_SALE,Routledge,,
books#volume,Compulsory Purchase and Compensation,Law,2019,2019,1,0.0,NOT_MATURE,NOT_FOR_SALE,,,
books#volume,International Law in Historical Perspective:Vol. XII:Index,Law,1998-10-08,1998,1,0.0,NOT_MATURE,NOT_FOR_SALE,Springer,,
books#volume,The Ethics of Aristotle,Law,2017-06,2017,1,,NOT_MATURE,NOT_FOR_SALE,,,
books#volume,Penal Philosophy,Law,2015-10-27,2015,2,616.0,NOT_MATURE,NOT_FOR_SALE,Arkose Press,,
books#volume,Promoting Effective Group Work in the Primary Classroom,Education,2016-07-22,2016,3,179.0,NOT_MATURE,FOR_SALE,Routledge,23.19,GBP
books#volume,Understanding Schools and Schooling,Education,2002-09-09,2002,1,196.0,NOT_MATURE,FOR_SALE,Routledge,35.59,GBP
books#volume,Teaching and Learning in the Early Years,Education,2008-03-06,2008,3,455.0,NOT_MATURE,NOT_FOR_SALE,Routledge,,
books#volume,Learning to Teach,Education,1988,1988,1,628.0,NOT_MATURE,NOT_FOR_SALE,,,
books#volume,Athleticism in the Victorian and Edwardian Public School,Education,1981-07-23,1981,1,372.0,NOT_MATURE,NOT_FOR_SALE,Cambridge University Press,,
books#volume,Adult Education and the State,Education,2005-06-21,2005,1,171.0,NOT_MATURE,NOT_FOR_SALE,Routledge,,
books#volume,Developing Student Autonomy in Learning,Education,1988,1988,1,278.0,NOT_MATURE,NOT_FOR_SALE,Psychology Press,,
books#volume,The Audit of War,Education,1986,1986,1,380.0,NOT_MATURE,NOT_FOR_SALE,,,
books#volume,Key Ideas in Politics,Education,2003,2003,1,200.0,NOT_MATURE,NOT_FOR_SALE,Nelson Thornes,,
books#volume,Schools Must Speak for Themselves,Education,2005-06-23,2005,1,247.0,NOT_MATURE,FOR_SALE,Routledge,35.59,GBP
books#volume,Reading Series Fiction,Education,2013-04-15,2013,1,234.0,NOT_MATURE,FOR_SALE,Routledge,41.99,GBP
books#volume,Organizing For Learning In The Primary Classroom,Education,1992-12-01,1992,1,207.0,NOT_MATURE,NOT_FOR_SALE,McGraw-Hill Education (UK),,
books#volume,Absolutism and the Eighteenth-Century Origins of Compulsory Schooling in Prussia and Austria,Education,2003-11-13,2003,1,292.0,NOT_MATURE,NOT_FOR_SALE,Cambridge University Press,,
books#volume,An Inspector Calls,Education,,,1,59.0,NOT_MATURE,NOT_FOR_SALE,,,
books#volume,Israel's Wars,Education,2002,2002,1,299.0,NOT_MATURE,NOT_FOR_SALE,Psychology Press,,
books#volume,The Other Child Grows Up,Education,1977,1977,1,296.0,NOT_MATURE,NOT_FOR_SALE,Crown,,
books#volume,Nuance,Education,2018-11-20,2018,1,138.0,NOT_MATURE,NOT_FOR_SALE,Corwin Press,,
books#volume,The Education of Man,Education,1887,1887,1,376.0,NOT_MATURE,FREE,,,
books#volume,Successful Study for Degrees,Education,2013-05-13,2013,1,190.0,NOT_MATURE,NOT_FOR_SALE,Routledge,,
books#volume,Working Class Radicalism in Mid-Victorian England,Education,2020-03-09,2020,1,335.0,NOT_MATURE,FOR_SALE,Routledge,21.75,GBP
books#volume,The Century of the Child,Education,1909,1909,1,366.0,NOT_MATURE,NOT_FOR_SALE,New York ; London : G.P. Putnam,,
books#volume,Interior Castle (The Mansion),Education,2014-02-05,2014,2,219.0,NOT_MATURE,NOT_FOR_SALE,"Wyatt North Publishing, LLC",,
books#volume,Visible Learning and the Science of How We Learn,Education,2013-10-08,2013,2,380.0,NOT_MATURE,FOR_SALE,Routledge,22.79,GBP
books#volume,Complexities of Teaching,Education,1997,1997,1,272.0,NOT_MATURE,NOT_FOR_SALE,Psychology Press,,
books#volume,"Introduction to Mediation, Moderation, and Conditional Process Analysis",Education,2013-04-22,2013,1,527.0,NOT_MATURE,NOT_FOR_SALE,Guilford Press,,
books#volume,Free Time around the World (Oxford Read and Discover Level 3),Education,2015-02-05,2015,1,50.0,NOT_MATURE,FOR_SALE,Oxford University Press,5.03,GBP
books#volume,Vocationalisation of Secondary Education Revisited,Education,2006-03-30,2006,2,387.0,NOT_MATURE,FOR_SALE_AND_RENTAL,Springer Science & Business Media,88.65,GBP
books#volume,Phonological Skills and Learning to Read,Education,2016-03-23,2016,2,180.0,NOT_MATURE,FOR_SALE,Psychology Press,71.59,GBP
books#volume,Metal-catalysis in Industrial Organic Processes,Education,2008,2008,2,312.0,NOT_MATURE,NOT_FOR_SALE,Royal Society of Chemistry,,
books#volume,Readings in the History of Education,Education,1920,1920,1,710.0,NOT_MATURE,NOT_FOR_SALE,,,
books#volume,The Principles of Teaching,Education,1906,1906,1,320.0,NOT_MATURE,NOT_FOR_SALE,,,
books#volume,Effective Learning and Teaching of Writing,Education,2007-11-23,2007,3,662.0,NOT_MATURE,FOR_SALE_AND_RENTAL,Springer Science & Business Media,200.65,GBP
books#volume,Questioning in the Secondary School,Education,2017-09-11,2017,1,,NOT_MATURE,NOT_FOR_SALE,Routledge,,
books#volume,A Guide to Student-centred Learning,Education,1996,1996,2,292.0,NOT_MATURE,NOT_FOR_SALE,Nelson Thornes,,
books#volume,How Gertrude Teaches Her Children,Education,1898,1898,1,408.0,NOT_MATURE,FREE,,,
books#volume,The Secret of Childhood,Education,1977,1977,1,248.0,NOT_MATURE,NOT_FOR_SALE,Orient Blackswan,,
books#volume,Assessing Student Learning in Higher Education,Education,1997,1997,3,340.0,NOT_MATURE,NOT_FOR_SALE,Psychology Press,,
books#volume,The Politics of International Economic Relations,Education,1970,1970,2,424.0,NOT_MATURE,NOT_FOR_SALE,Wadsworth Publishing Company,,
books#volume,Serious Games,Education,2009-09-10,2009,3,642.0,NOT_MATURE,FOR_SALE,Routledge,47.59,GBP
books#volume,Alcuin,Education,2003-12-01,2003,1,597.0,NOT_MATURE,NOT_FOR_SALE,BRILL,,
books#volume,Democracy and Education,Education,2008-10,2008,1,0.0,NOT_MATURE,NOT_FOR_SALE,,,
books#volume,"BABADADA black-and-white, español - Kurdish Sorani (in arabic script), diccionario visual - visual dictionary (in arabic script)",Education,2020-09-20,2020,1,94.0,NOT_MATURE,NOT_FOR_SALE,BoD – Books on Demand,,
books#volume,The Snow Queen,Education,2012-10-01,2012,1,42.0,NOT_MATURE,NOT_FOR_SALE,Createspace Independent Pub,,
books#volume,School Bullying and Mental Health,Education,2017-07-20,2017,2,258.0,NOT_MATURE,FOR_SALE,Routledge,37.99,GBP
books#volume,I Love to Keep My Room Clean Îmi place să am camera curată,Education,2019-03-27,2019,2,80.0,NOT_MATURE,FOR_SALE,KidKiddos Books Ltd.,4.49,GBP
books#volume,Moving the Centre,Education,1992,1992,1,216.0,NOT_MATURE,NOT_FOR_SALE,Heinemann Educational Publishers,,
books#volume,The Power of Pedagogy,Education,2008-09-17,2008,2,226.0,NOT_MATURE,FOR_SALE_AND_RENTAL,SAGE,47.99,GBP
books#volume,Risk Analysis in Theory and Practice,Education,2004-06-04,2004,1,258.0,NOT_MATURE,NOT_FOR_SALE,Elsevier,,
books#volume,Rescuing Socrates,Education,2021-11-16,2021,1,248.0,NOT_MATURE,FOR_SALE,Princeton University Press,19.5,GBP
books#volume,Reading Instruction That Works,Education,2023-05-05,2023,3,490.0,NOT_MATURE,NOT_FOR_SALE,Guilford Publications,,
books#volume,The Art of War,Education,2016-09-22,2016,1,46.0,NOT_MATURE,NOT_FOR_SALE,Value Classic Reprints,,
books#volume,The Error of Narcissus,Education,,,1,133.0,NOT_MATURE,FOR_SALE,TOLDO EDITORIAL,3.49,GBP
books#volume,The Process of Science,Education,2010-08-18,2010,1,286.0,NOT_MATURE,NOT_FOR_SALE,Lulu.com,,
books#volume,How To Teach A Foreign Language,Education,2023-10-01,2023,1,207.0,NOT_MATURE,FOR_SALE,Prabhat Prakashan,2.31,GBP
books#volume,Donald School Textbook of Transvaginal Sonography,Education,2018-08-16,2018,2,537.0,NOT_MATURE,NOT_FOR_SALE,JP Medical Ltd,,
books#volume,The Art of Public Speaking,Education,2018-10-10,2018,2,532.0,NOT_MATURE,NOT_FOR_SALE,Franklin Classics,,
books#volume,Experience and Education,Education,1976,1976,1,112.0,NOT_MATURE,NOT_FOR_SALE,,,
books#volume,Rethinking Case Study Research,Education,2016-11-10,2016,2,144.0,NOT_MATURE,FOR_SALE,Routledge,25.19,GBP
books#volume,Surpassing Ourselves,Education,1993,1993,2,0.0,NOT_MATURE,NOT_FOR_SALE,,,
books#volume,International Education,Education,1998,1998,2,315.0,NOT_MATURE,NOT_FOR_SALE,Psychology Press,,
books#volume,A Course in Language Teaching Trainee Book Trainee's Book,Education,1999-09-30,1999,1,166.0,NOT_MATURE,NOT_FOR_SALE,Cambridge University Press,,
books#volume,Inclusion: Developing An Effective Whole School Approach,Education,2009-09-01,2009,2,176.0,NOT_MATURE,NOT_FOR_SALE,McGraw-Hill Education (UK),,
books#volume,Multicultural Education,Education,2013-07-16,2013,1,469.0,NOT_MATURE,FOR_SALE,Cambridge Scholars Publishing,65.99,GBP
books#volume,Don Quixote,Education,1994-06-01,1994,1,64.0,NOT_MATURE,NOT_FOR_SALE,Ags Pub,,
books#volume,Relativity,Education,2022-10-26,2022,1,0.0,NOT_MATURE,NOT_FOR_SALE,Legare Street Press,,
books#volume,De Bello Gallico,Education,2004-05-01,2004,1,112.0,NOT_MATURE,NOT_FOR_SALE,,,
books#volume,The School and Society,Education,2013-09,2013,1,24.0,NOT_MATURE,NOT_FOR_SALE,Theclassics.Us,,
books#volume,How to Get a PhD,Education,2005,2005,2,220.0,NOT_MATURE,NOT_FOR_SALE,McGraw-Hill International,,
books#volume,The Ballad in Literature,Education,2016-07-25,2016,1,140.0,NOT_MATURE,NOT_FOR_SALE,,,
books#volume,Understanding How We Learn,Education,2018-08-22,2018,3,259.0,NOT_MATURE,FOR_SALE,Routledge,13.99,GBP
books#volume,Handbook of Effective Inclusive Schools,Education,2014-05-16,2014,4,565.0,NOT_MATURE,NOT_FOR_SALE,Routledge,,
books#volume,"Sex Roles, Women's Work, and Marital Conflict",Education,1978,1978,1,200.0,NOT_MATURE,NOT_FOR_SALE,Great Source Education Group,,
books#volume,Castles and Dragons,Education,2012-01-01,2012,1,66.0,NOT_MATURE,NOT_FOR_SALE,A&C Black,,
books#volume,Handbook of Moral Development,Education,2022,2022,2,0.0,NOT_MATURE,NOT_FOR_SALE,Routledge,,
books#volume,Teaching Translation from Spanish to English,Education,1996,1996,2,288.0,NOT_MATURE,NOT_FOR_SALE,,,
books#volume,Chapter Zero,Education,1996,1996,1,184.0,NOT_MATURE,NOT_FOR_SALE,Addison Wesley Publishing Company,,
books#volume,International Handbook of English Language Teaching,Education,2007-06-26,2007,2,1201.0,NOT_MATURE,NOT_FOR_SALE,Springer,,
books#volume,God and Reason in the Middle Ages,Education,2001-07-30,2001,1,412.0,NOT_MATURE,NOT_FOR_SALE,Cambridge University Press,,
books#volume,The Absorbent Mind,Education,1984,1984,1,298.0,NOT_MATURE,NOT_FOR_SALE,Laurel,,
books#volume,The Philosophy of Teaching,Education,2017-04-21,2017,1,298.0,NOT_MATURE,NOT_FOR_SALE,,,
books#volume,Education in Ancient Israel,Education,1998,1998,1,328.0,NOT_MATURE,NOT_FOR_SALE,Anchor Bible,,
books#volume,Development and Planning of Modern Education,Education,1982,1982,1,458.0,NOT_MATURE,NOT_FOR_SALE,Vikas Publishing House Private,,
books#volume,Music in Childhood,Education,1995,1995,2,424.0,NOT_MATURE,NOT_FOR_SALE,Schirmer Trade Books,,
books#volume,Maths Problem Solving Year 5,Education,2012-11-29,2012,1,89.0,NOT_MATURE,FOR_SALE,Andrews UK Limited,16.49,GBP
books#volume,Students in Short-cycle Higher Education,Education,1976,1976,2,228.0,NOT_MATURE,NOT_FOR_SALE,"Organisation for Economic Co-operation and Development ; [Washington, D.C. : sold by OECD Publications]",,
books#volume,Children as Readers in Children's Literature,Education,2015-10-05,2015,2,262.0,NOT_MATURE,FOR_SALE,Routledge,41.99,GBP
books#volume,Human Physiology,Education,2013-07-23,2013,1,1026.0,NOT_MATURE,NOT_FOR_SALE,,,
books#volume,Teaching Fundamental Motor Skills,Education,2022-02-28,2022,3,0.0,NOT_MATURE,NOT_FOR_SALE,Human Kinetics,,
books#volume,A Text-book in the History of Education,Education,1916,1916,1,0.0,NOT_MATURE,NOT_FOR_SALE,,,
books#volume,Youth Studies,Education,2012-11-12,2012,1,314.0,NOT_MATURE,FOR_SALE,Routledge,37.99,GBP
books#volume,Pinocchio,Education,2003,2003,1,16.0,NOT_MATURE,NOT_FOR_SALE,,,
books#volume,Aristotle and Ancient Educational Ideals,Education,2016-05-10,2016,1,276.0,NOT_MATURE,NOT_FOR_SALE,Palala Press,,
books#volume,Conceptual Chemistry,Education,2006-07,2006,2,0.0,NOT_MATURE,NOT_FOR_SALE,Prentice Hall,,
books#volume,New School,Education,1986,1986,2,372.0,NOT_MATURE,NOT_FOR_SALE,New York : Free Press ; London : Collier Macmillan,,
books#volume,Changing the Way We Teach,Education,2005,2005,1,264.0,NOT_MATURE,NOT_FOR_SALE,SIU Press,,
books#volume,"Supporting Children with Social, Emotional and Mental Health Needs in the Early Years",Education,2021-06-29,2021,1,141.0,NOT_MATURE,FOR_SALE,Routledge,14.79,GBP
books#volume,Handbook of Research on Learning and Instruction,Education,2017,2017,2,0.0,NOT_MATURE,NOT_FOR_SALE,Routledge,,
books#volume,"Learn Swahili English Chinese Speaking 10,000 Sentences with Useful 46 Patterns",Education,2019-12-17,2019,1,278.0,NOT_MATURE,NOT_FOR_SALE,,,
books#volume,New Approaches to Learning Disabilities,Education,1988,1988,1,312.0,NOT_MATURE,NOT_FOR_SALE,"Grune & Stratton, Incorporated",,
books#volume,The Middle East For Dummies,Education,2011-03-10,2011,1,411.0,NOT_MATURE,FOR_SALE,John Wiley & Sons,10.99,GBP
books#volume,Multiple Case Study Analysis,Education,2013-04-29,2013,1,494.0,NOT_MATURE,FOR_SALE,Guilford Press,35.79,GBP
books#volume,A Practical Guide to Teaching History in the Secondary School,Education,2006-10-16,2006,1,120.0,NOT_MATURE,NOT_FOR_SALE,Routledge,,
books#volume,Instruction,Education,2010-02-15,2010,3,356.0,NOT_MATURE,NOT_FOR_SALE,,,
books#volume,An Introduction to Distance Education,Education,2020,2020,2,288.0,NOT_MATURE,NOT_FOR_SALE,Routledge,,
books#volume,Cursive Alphabet Book,Education,2016-11-09,2016,1,54.0,NOT_MATURE,NOT_FOR_SALE,,,
books#volume,Educational Research: Networks and Technologies,Education,2007-10-08,2007,2,228.0,NOT_MATURE,NOT_FOR_SALE,Springer,,
books#volume,A Curriculum for the Pre-school Child,Education,1986,1986,1,177.0,NOT_MATURE,NOT_FOR_SALE,Delmar Pub,,
books#volume,The Complete Handbook of Coaching,Education,2014-03-30,2014,3,1154.0,NOT_MATURE,NOT_FOR_SALE,SAGE,,
books#volume,Knowledge and the Future School,Education,2014-10-10,2014,4,243.0,NOT_MATURE,FOR_SALE,Bloomsbury Publishing,26.09,GBP
books#volume,Busing,Education,1976,1976,1,152.0,NOT_MATURE,NOT_FOR_SALE,,,
books#volume,Distributed Leadership,Education,2012-06-29,2012,1,150.0,NOT_MATURE,FOR_SALE,John Wiley & Sons,21.99,GBP
books#volume,American College Fraternities,Education,2022-10-27,2022,1,0.0,NOT_MATURE,NOT_FOR_SALE,Legare Street Press,,
books#volume,Embedded Microcontrollers,Education,2001,2001,1,712.0,NOT_MATURE,NOT_FOR_SALE,,,
books#volume,The Farmer's Boy,Education,2017-09-04,2017,2,168.0,NOT_MATURE,NOT_FOR_SALE,Trieste Publishing,,
books#volume,Regulating Utilities with Management Incentives,Education,1989-12-11,1989,2,224.0,NOT_MATURE,NOT_FOR_SALE,Praeger,,
books#volume,"A New Approach to REASONING Verbal , Non-Verbal & Analytical",Education,2021-05-26,2021,2,1100.0,NOT_MATURE,NOT_FOR_SALE,Arihant Publications India limited,,
books#volume,Introductory Electronic Devices and Circuits,Education,2003,2003,1,1016.0,NOT_MATURE,NOT_FOR_SALE,,,
books#volume,Teaching the Holocaust,Education,2000-04-01,2000,1,194.0,NOT_MATURE,FOR_SALE,Bloomsbury Publishing,72.0,GBP
books#volume,Child Development and Education,Education,1976,1976,1,296.0,NOT_MATURE,NOT_FOR_SALE,New York : Oxford University Press,,
books#volume,Hegemonies Compared,Education,2002,2002,1,308.0,NOT_MATURE,NOT_FOR_SALE,Psychology Press,,
books#volume,Lyulph Stanley,Education,1979-11-26,1979,1,216.0,NOT_MATURE,NOT_FOR_SALE,Wilfrid Laurier Univ. Press,,
books#volume,Threads of Life,Education,2001-02,2001,1,416.0,NOT_MATURE,NOT_FOR_SALE,University of Chicago Press,,
books#volume,Measurement and Assessment in Teaching Plus Myeducationlab with Pearson Etext -- Access Card Package,Education,2012-08-09,2012,3,576.0,NOT_MATURE,NOT_FOR_SALE,Pearson College Division,,
books#volume,Creative Reading,Education,1997,1997,1,184.0,NOT_MATURE,NOT_FOR_SALE,,,
books#volume,A History of Elementary Mathematics,Education,2026-02-14,2026,1,0.0,NOT_MATURE,NOT_FOR_SALE,Tradd Street Press,,
books#volume,Achieving Educational Excellence,Education,1985-04-30,1985,1,292.0,NOT_MATURE,NOT_FOR_SALE,Jossey-Bass,,
books#volume,Level 6,Education,2018-03,2018,2,144.0,NOT_MATURE,NOT_FOR_SALE,,,
books#volume,Fire and Life Safety Inspection Manual,Education,2012,2012,1,878.0,NOT_MATURE,NOT_FOR_SALE,Jones & Bartlett Publishers,,
books#volume,Lectures on the English Poets,Education,2019-02-25,2019,1,336.0,NOT_MATURE,NOT_FOR_SALE,Wentworth Press,,
books#volume,"We're Friends, Right?",Education,2003-10-19,2003,1,268.0,NOT_MATURE,NOT_FOR_SALE,Joseph Henry Press,,
books#volume,The Curriculum,Education,2009-02-03,2009,1,338.0,NOT_MATURE,NOT_FOR_SALE,SAGE,,
books#volume,Universal Design for Learning in the Classroom,Education,2012-08-24,2012,3,177.0,NOT_MATURE,NOT_FOR_SALE,Guilford Press,,
books#volume,Education Through Art,Education,1969,1969,1,328.0,NOT_MATURE,NOT_FOR_SALE,,,
books#volume,Aristotle Dictionary,Education,2018-06-19,2018,1,571.0,NOT_MATURE,FOR_SALE,Open Road Media,14.99,GBP
books#volume,ABC Tracing Books For Toddlers,Education,2019-05-03,2019,1,56.0,NOT_MATURE,NOT_FOR_SALE,Independently Published,,
books#volume,Print Is Dead,Education,2007-11-13,2007,1,221.0,NOT_MATURE,NOT_FOR_SALE,,,
books#volume,Planning and Human Survival,Education,1992-06-16,1992,1,200.0,NOT_MATURE,NOT_FOR_SALE,Praeger,,
books#volume,The Child Is the Teacher,Education,2022-03-01,2022,1,369.0,NOT_MATURE,FOR_SALE,"Other Press, LLC",10.41,GBP
books#volume,The Human Machine,Education,2016-05-09,2016,1,134.0,NOT_MATURE,NOT_FOR_SALE,Palala Press,,
books#volume,Teacher Education for Sustainable Development and Global Citizenship,Education,2019-06-13,2019,1,259.0,NOT_MATURE,FOR_SALE,Routledge,0.0,GBP
books#volume,Mind and Media,Education,2014-11-20,2014,1,171.0,NOT_MATURE,FOR_SALE,Psychology Press,42.79,GBP
books#volume,Unit Pass Guide for the Award in Education and Training,Education,2015-05-17,2015,1,32.0,NOT_MATURE,NOT_FOR_SALE,CreateSpace,,
books#volume,Children's Literature in the Elementary School,Education,1976,1976,1,858.0,NOT_MATURE,NOT_FOR_SALE,"New York; Montreal: Holt, Rinehart and Winston",,
books#volume,Supporting Mathematical Development In The Early Years,Education,2006-05-01,2006,1,177.0,NOT_MATURE,NOT_FOR_SALE,McGraw-Hill Education (UK),,
books#volume,The Research Student's Guide to Success,Education,2000-10,2000,1,292.0,NOT_MATURE,NOT_FOR_SALE,Open University Press,,
books#volume,Helping Children Cope with Loss and Change,Education,2019-08-19,2019,1,299.0,NOT_MATURE,FOR_SALE,Routledge,20.39,GBP
books#volume,Discovering Statistics Using IBM SPSS Statistics,Education,2017-11-03,2017,1,2026.0,NOT_MATURE,NOT_FOR_SALE,SAGE,,
books#volume,Report of the Superintendent of Public Instruction,Education,1881,1881,1,90.0,NOT_MATURE,FREE,,,
books#volume,History's Moments Revealed,Education,2006-08,2006,2,278.0,NOT_MATURE,NOT_FOR_SALE,iUniverse,,
books#volume,GMAT Complete 2021,Education,2020-06-02,2020,1,709.0,NOT_MATURE,NOT_FOR_SALE,Kaplan Test Prep,,
books#volume,A Brief Course in the History of Education (Classic Reprint),Education,2018-03-17,2018,1,462.0,NOT_MATURE,NOT_FOR_SALE,Forgotten Books,,
books#volume,The Psychology of Musical Talent,Education,2013-09,2013,1,74.0,NOT_MATURE,NOT_FOR_SALE,Theclassics.Us,,
books#volume,The Novel After Theory,Education,2012,2012,1,274.0,NOT_MATURE,NOT_FOR_SALE,Columbia University Press,,
books#volume,"Primary Composition Book, Draw and Write Story Journal",Education,2018-08-11,2018,1,150.0,NOT_MATURE,NOT_FOR_SALE,Createspace Independent Publishing Platform,,
books#volume,EBOOK: Higher Education And Social Justice,Education,2009-06-16,2009,2,159.0,NOT_MATURE,NOT_FOR_SALE,McGraw-Hill Education (UK),,
books#volume,Psychological Foundations of Education/,Education,1981-08-01,1981,1,,NOT_MATURE,NOT_FOR_SALE,,,
books#volume,Thinking Through Geography,Education,1998,1998,1,176.0,NOT_MATURE,NOT_FOR_SALE,,,
books#volume,"The SAGE Handbook of Curriculum, Pedagogy and Assessment",Education,2015-12-03,2015,3,1095.0,NOT_MATURE,FOR_SALE_AND_RENTAL,SAGE,185.0,GBP
books#volume,"Managerial Economics: Applications, Strategy and Tactics",Education,2010-08-03,2010,3,768.0,NOT_MATURE,NOT_FOR_SALE,Cengage Learning,,
books#volume,Shaping the Story,Education,2019-04-09,2019,0,254.0,NOT_MATURE,NOT_FOR_SALE,BRILL,,
books#volume,The Cambridge Companion to Adam Smith,Language Arts & Disciplines,2006-03-06,2006,1,442.0,NOT_MATURE,NOT_FOR_SALE,Cambridge University Press,,
books#volume,Identity Meets Nationality,Language Arts & Disciplines,2011,2011,3,314.0,NOT_MATURE,NOT_FOR_SALE,African Books Collective,,
books#volume,Musico-poetics in Perspective,Language Arts & Disciplines,2000,2000,2,344.0,NOT_MATURE,FOR_SALE,Rodopi,34.22,GBP
books#volume,Dwelling Poetically,Language Arts & Disciplines,2000,2000,1,146.0,NOT_MATURE,FOR_SALE,Rodopi,12.58,GBP
books#volume,Adorno and the Need in Thinking,Language Arts & Disciplines,2007-01-01,2007,3,377.0,NOT_MATURE,NOT_FOR_SALE,University of Toronto Press,,
books#volume,Contemporary Themes and Issues in Language Pedagogy,Language Arts & Disciplines,2006,2006,1,330.0,NOT_MATURE,NOT_FOR_SALE,,,
books#volume,Lectures on the Science of Language,Language Arts & Disciplines,1873,1873,1,718.0,NOT_MATURE,FREE,,,
books#volume,Essays Philological and Critical,Language Arts & Disciplines,1873,1873,1,434.0,NOT_MATURE,FREE,,,
books#volume,Checkpoints,Language Arts & Disciplines,1993-10,1993,1,308.0,NOT_MATURE,NOT_FOR_SALE,HarperCollins Publishers,,
books#volume,"Bibliographia Hopkinsiensis, 1876-1893",Language Arts & Disciplines,1892,1892,1,70.0,NOT_MATURE,FREE,,,
books#volume,The Writer's Rhetoric and Handbook,Language Arts & Disciplines,1988,1988,2,556.0,NOT_MATURE,NOT_FOR_SALE,McGraw-Hill Companies,,
books#volume,Local Voices,Language Arts & Disciplines,2016,2016,1,186.0,NOT_MATURE,NOT_FOR_SALE,,,
books#volume,On the Existence of Mixed Languages,Language Arts & Disciplines,1876,1876,1,186.0,NOT_MATURE,FREE,,,
books#volume,An Examination of the Attitudes of NCTE Toward Language,Language Arts & Disciplines,1965,1965,1,82.0,NOT_MATURE,NOT_FOR_SALE,,,
books#volume,The Science of Thought,Language Arts & Disciplines,1887,1887,1,350.0,NOT_MATURE,FREE,,,
books#volume,The Oxford Thesaurus,Language Arts & Disciplines,1997,1997,1,1096.0,NOT_MATURE,NOT_FOR_SALE,OXFORD University Press,,
books#volume,A Catalogue of Dictionaries and Grammars of the principal languages and dialects of the world; with a list of the leading works in the science of language,Language Arts & Disciplines,1882,1882,1,282.0,NOT_MATURE,FREE,,,
books#volume,Language Arts Today,Language Arts & Disciplines,1993,1993,0,,NOT_MATURE,NOT_FOR_SALE,,,
books#volume,Families of Speech,Language Arts & Disciplines,1870,1870,1,260.0,NOT_MATURE,FREE,,,
books#volume,Science and Society,Language Arts & Disciplines,1992,1992,1,292.0,NOT_MATURE,NOT_FOR_SALE,HarperCollins Publishers,,
books#volume,Art of speech,Language Arts & Disciplines,1997,1997,1,236.0,NOT_MATURE,NOT_FOR_SALE,,,
books#volume,Language in Learning and Teaching (LILT),Language Arts & Disciplines,2000,2000,3,232.0,NOT_MATURE,NOT_FOR_SALE,,,
books#volume,Language and Literature in the Formation of National and Cultural Communities,Language Arts & Disciplines,1976,1976,1,300.0,NOT_MATURE,NOT_FOR_SALE,,,
books#volume,In Context,Language Arts & Disciplines,1982,1982,1,272.0,NOT_MATURE,NOT_FOR_SALE,Holt McDougal,,
books#volume,A Telugu-English dictionary,Language Arts & Disciplines,1991,1991,2,610.0,NOT_MATURE,NOT_FOR_SALE,"Oxford University Press, USA",,
books#volume,Reading Comprehension,Language Arts & Disciplines,1978,1978,5,10.0,NOT_MATURE,NOT_FOR_SALE,,,
books#volume,Uzbek Literary Politics,Language Arts & Disciplines,1964,1964,1,374.0,NOT_MATURE,NOT_FOR_SALE,,,
books#volume,"Primitive Culture, Researches Into the Development of Mythology, Philosophy, Religion, Language, Art and Custom",Language Arts & Disciplines,1874,1874,1,528.0,NOT_MATURE,FREE,,,
books#volume,Cultural Anthropology,Language Arts & Disciplines,1998,1998,1,444.0,NOT_MATURE,NOT_FOR_SALE,,,
books#volume,"""Discourses that Pretend to Inform Or Instruct""",Language Arts & Disciplines,1987,1987,1,52.0,NOT_MATURE,NOT_FOR_SALE,Hyperion Books,,
books#volume,"The Dawn of a New Era, 1250-1453",Language Arts & Disciplines,1962,1962,1,446.0,NOT_MATURE,NOT_FOR_SALE,,,
books#volume,Launch Into Literature,Language Arts & Disciplines,1990,1990,1,188.0,NOT_MATURE,NOT_FOR_SALE,,,
books#volume,The English Language,Language Arts & Disciplines,1962,1962,0,458.0,NOT_MATURE,NOT_FOR_SALE,,,
books#volume,Rational Geomancy,Language Arts & Disciplines,1992,1992,2,326.0,NOT_MATURE,NOT_FOR_SALE,,,
books#volume,Language and Politics,Language Arts & Disciplines,1988,1988,1,788.0,NOT_MATURE,NOT_FOR_SALE,,,
books#volume,Progress in Language,Language Arts & Disciplines,1894,1894,1,392.0,NOT_MATURE,FREE,,,
books#volume,Language Arts and Language in Centres of English,Language Arts & Disciplines,1981,1981,2,23.0,NOT_MATURE,NOT_FOR_SALE,,,
books#volume,Le psittacisme et la pensée symbolique,Language Arts & Disciplines,1896,1896,1,224.0,NOT_MATURE,FREE,,,
books#volume,The King's English,Language Arts & Disciplines,1881,1881,1,200.0,NOT_MATURE,FREE,London : Hatchards,,
books#volume,A Child's World,Language Arts & Disciplines,1990,1990,2,712.0,NOT_MATURE,NOT_FOR_SALE,McGraw-Hill Companies,,
books#volume,Language of the Street and Other Essays,Language Arts & Disciplines,1980,1980,1,296.0,NOT_MATURE,NOT_FOR_SALE,,,
books#volume,100% Practical,Language Arts & Disciplines,1993,1993,1,308.0,NOT_MATURE,NOT_FOR_SALE,Frank Schaffer Publications,,
books#volume,Handbook of Perception,Language Arts & Disciplines,1976,1976,2,536.0,NOT_MATURE,NOT_FOR_SALE,,,
books#volume,Die Sprachkunde und die Missionen,Language Arts & Disciplines,1891,1891,1,150.0,NOT_MATURE,FREE,,,
books#volume,The Decline of the Celtic Languages,Language Arts & Disciplines,1996,1996,1,284.0,NOT_MATURE,NOT_FOR_SALE,John Donald,,
books#volume,Psychology in Singapore,Language Arts & Disciplines,2002,2002,2,312.0,NOT_MATURE,NOT_FOR_SALE,,,
books#volume,Word Tastings,Language Arts & Disciplines,1998,1998,1,188.0,NOT_MATURE,NOT_FOR_SALE,,,
books#volume,Eclats de voix,Language Arts & Disciplines,2005,2005,2,328.0,NOT_MATURE,NOT_FOR_SALE,L'Improviste,,
books#volume,Storykits,Language Arts & Disciplines,1991,1991,2,68.0,NOT_MATURE,NOT_FOR_SALE,,,
books#volume,The Principles of Comparative Philology,Language Arts & Disciplines,1885,1885,1,564.0,NOT_MATURE,FREE,,,
books#volume,The Philosophy of Words,Language Arts & Disciplines,1886,1886,1,314.0,NOT_MATURE,FREE,"New York, Lovell",,
books#volume,Where Strange Gods Call,Language Arts & Disciplines,1968,1968,1,526.0,NOT_MATURE,NOT_FOR_SALE,,,
books#volume,"Language, Truth and Logic",Language Arts & Disciplines,1936,1936,1,260.0,NOT_MATURE,NOT_FOR_SALE,,,
books#volume,Brain and Language,Language Arts & Disciplines,1994,1994,0,248.0,NOT_MATURE,NOT_FOR_SALE,,,
books#volume,Culture and Cognition,Language Arts & Disciplines,1987,1987,1,420.0,NOT_MATURE,NOT_FOR_SALE,,,
books#volume,Similitudo und ratio,Language Arts & Disciplines,1972,1972,1,310.0,NOT_MATURE,NOT_FOR_SALE,,,
books#volume,Die Philosophie der normalen Sprache,Language Arts & Disciplines,1974,1974,1,320.0,NOT_MATURE,NOT_FOR_SALE,,,
books#volume,"Setswana English, English Setswana dictionary",Language Arts & Disciplines,1993,1993,1,682.0,NOT_MATURE,NOT_FOR_SALE,,,
books#volume,"Speech, Language, and Hearing",Language Arts & Disciplines,1982,1982,1,456.0,NOT_MATURE,NOT_FOR_SALE,W.B. Saunders Company,,
books#volume,The Art of Readable Writing,Language Arts & Disciplines,1962,1962,1,264.0,NOT_MATURE,NOT_FOR_SALE,Scribner Paper Fiction,,
books#volume,Sprachtheorie und Theorie der Sprachwissenschaft,Language Arts & Disciplines,1990,1990,3,360.0,NOT_MATURE,NOT_FOR_SALE,,,
books#volume,The Oral Method of Teaching Languages,Language Arts & Disciplines,1922,1922,1,154.0,NOT_MATURE,NOT_FOR_SALE,,,
books#volume,Orwellian Language and the Media,Language Arts & Disciplines,1988,1988,1,152.0,NOT_MATURE,NOT_FOR_SALE,,,
books#volume,Language and Language Teaching,Language Arts & Disciplines,1976,1976,1,282.0,NOT_MATURE,NOT_FOR_SALE,,,
books#volume,Zur Pflege der Aussprache im neusprachlichen Unterrichte,Language Arts & Disciplines,1897,1897,1,20.0,NOT_MATURE,FREE,,,
books#volume,Methods of Teaching Prose Composition,Language Arts & Disciplines,1912,1912,1,20.0,NOT_MATURE,NOT_FOR_SALE,,,
books#volume,Language and Identities in a Postcolony,Language Arts & Disciplines,2005,2005,2,234.0,NOT_MATURE,NOT_FOR_SALE,Peter Lang Publishing,,
books#volume,The Oxford German Dictionary,Language Arts & Disciplines,1997,1997,2,580.0,NOT_MATURE,NOT_FOR_SALE,Berkley,,
books#volume,Studies in the Syntax and Semantics of the Reduplicated Presents of Homeric Greek and Indo-European,Language Arts & Disciplines,1997,1997,1,324.0,NOT_MATURE,NOT_FOR_SALE,Institut Fur Sprachwissenschaft Der Universitat Innsbruck,,
books#volume,Le Langage,Language Arts & Disciplines,1973,1973,1,554.0,NOT_MATURE,NOT_FOR_SALE,Centre d'étude et de promotion de la lecture,,
books#volume,Prüfungs-aufgaben für das lehramt der neueren sprachen in Bayern: Diktate und übersetzungen aus den fremden sprachen,Language Arts & Disciplines,1910,1910,0,134.0,NOT_MATURE,NOT_FOR_SALE,,,
books#volume,Schemes of Syntax as Attentional Factors of Advantage in Discourse,Language Arts & Disciplines,1966,1966,1,658.0,NOT_MATURE,NOT_FOR_SALE,,,
books#volume,"Sprache, Praxis des Bewusstseins",Language Arts & Disciplines,1977,1977,1,176.0,NOT_MATURE,NOT_FOR_SALE,,,
books#volume,"Sprachhandlung, Existenz, Wahrheit",Language Arts & Disciplines,1974,1974,1,236.0,NOT_MATURE,NOT_FOR_SALE,,,
books#volume,La royauté et les langues provinciales,Language Arts & Disciplines,1933,1933,1,280.0,NOT_MATURE,NOT_FOR_SALE,,,
books#volume,Neues Organon oder Gedanken über die Erforschung und Bezeichnung des Wahren und dessen Unterscheidung vom Irrtum und Schein,Language Arts & Disciplines,1990,1990,1,288.0,NOT_MATURE,NOT_FOR_SALE,De Gruyter Akademie Forschung,,
books#volume,Sprachwörterbücher im Nationalsozialismus,Language Arts & Disciplines,1994,1994,1,312.0,NOT_MATURE,NOT_FOR_SALE,,,
books#volume,Das Bild vom Ausland,Language Arts & Disciplines,1959,1959,1,190.0,NOT_MATURE,NOT_FOR_SALE,,,
books#volume,Spracherwerb und linguistische Theorien,Language Arts & Disciplines,1974,1974,1,488.0,NOT_MATURE,NOT_FOR_SALE,,,
books#volume,Methodik des neusprachlichen unterrichts,Language Arts & Disciplines,1926,1926,1,162.0,NOT_MATURE,NOT_FOR_SALE,,,
books#volume,"Sprache, Praxis des Bewusstseins",Language Arts & Disciplines,1977,1977,1,176.0,NOT_MATURE,NOT_FOR_SALE,,,
books#volume,Taal en handelen,Language Arts & Disciplines,1978,1978,1,220.0,NOT_MATURE,NOT_FOR_SALE,,,
books#volume,Langvage Arts Activities for Children,Language Arts & Disciplines,1980,1980,1,407.0,NOT_MATURE,NOT_FOR_SALE,,,
books#volume,Maire Mullarney Argues about Language,Language Arts & Disciplines,2004,2004,1,140.0,NOT_MATURE,NOT_FOR_SALE,Arlen House,,
books#volume,How People Talk,Language Arts & Disciplines,1947,1947,1,168.0,NOT_MATURE,NOT_FOR_SALE,,,
books#volume,Language,Language Arts & Disciplines,1922,1922,1,474.0,NOT_MATURE,NOT_FOR_SALE,,,
books#volume,Filosofía del lenguaje,Language Arts & Disciplines,1979,1979,1,450.0,NOT_MATURE,NOT_FOR_SALE,,,
books#volume,Ueber den Begriff der Liebe in einigen alten und neuen Sprachen,Language Arts & Disciplines,1872,1872,1,70.0,NOT_MATURE,FREE,,,
books#volume,Beiträge zur Kenntnis der französischen Umgangssprache des 16. Jahrhunderts,Language Arts & Disciplines,1900,1900,1,84.0,NOT_MATURE,FREE,,,
books#volume,Conférence sur l'origine du langage et les modifications normales de sens et de forme subies par les radicaux et les dérivés ...,Language Arts & Disciplines,1886,1886,1,114.0,NOT_MATURE,FREE,,,
books#volume,Ein jahr erfahrungen mit der neuen methodebericht über den unterricht mit einer englischen anfängerklasse im schuljahre 1887/88 ...,Language Arts & Disciplines,1888,1888,1,98.0,NOT_MATURE,FREE,,,
books#volume,Die Entstehung der Sprache durch Nachahmung des Schalles,Language Arts & Disciplines,1885,1885,1,82.0,NOT_MATURE,FREE,,,
books#volume,Sprache und Religion,Language Arts & Disciplines,1889,1889,1,260.0,NOT_MATURE,FREE,,,
books#volume,Musico-poetics in Perspective,Language Arts & Disciplines,2000,2000,2,344.0,NOT_MATURE,FOR_SALE,Rodopi,34.22,GBP
books#volume,How to Learn a Language,Language Arts & Disciplines,1916,1916,1,108.0,NOT_MATURE,NOT_FOR_SALE,,,
books#volume,The Prague School of Linguistics and Language Teaching,Language Arts & Disciplines,1972,1972,1,256.0,NOT_MATURE,NOT_FOR_SALE,,,
books#volume,Role of Television in the Acquisition of Language,Language Arts & Disciplines,1966,1966,1,130.0,NOT_MATURE,NOT_FOR_SALE,,,
books#volume,Khotanese Manuscripts from Chinese Turkestan in the British Library,Language Arts & Disciplines,2002,2002,2,704.0,NOT_MATURE,NOT_FOR_SALE,University of Toronto Press,,
books#volume,Lettered Philology Pamphlets,Language Arts & Disciplines,,,0,498.0,NOT_MATURE,NOT_FOR_SALE,,,
books#volume,Making Strategic Plans Work,Language Arts & Disciplines,2009,2009,1,188.0,NOT_MATURE,NOT_FOR_SALE,Adonis & Abbey Publishers,,
books#volume,Sprachwandel,Language Arts & Disciplines,1990,1990,1,224.0,NOT_MATURE,NOT_FOR_SALE,,,
books#volume,Античные учения о возникновении языка,Language Arts & Disciplines,2006,2006,1,420.0,NOT_MATURE,NOT_FOR_SALE,,,
books#volume,Festschrift,Language Arts & Disciplines,1933,1933,1,450.0,NOT_MATURE,NOT_FOR_SALE,,,
books#volume,Primitive Culture,Language Arts & Disciplines,1874,1874,1,528.0,NOT_MATURE,FREE,,,
books#volume,The Light of Language Or how to Hear and Read Aright the King of Sciences,Language Arts & Disciplines,1888,1888,1,156.0,NOT_MATURE,FREE,author,,
books#volume,"Rhétorique de la tribu, rhétorique de l'Etat",Language Arts & Disciplines,1994,1994,1,244.0,NOT_MATURE,NOT_FOR_SALE,Presses Universitaires de France - PUF,,
books#volume,Die Beurteilung linguistischer Theorien,Language Arts & Disciplines,1978,1978,1,258.0,NOT_MATURE,NOT_FOR_SALE,,,
books#volume,Kritische Perspektive der Transzendentalphilosophie und der Sprachtheorie bei August Wilhelm Schlegel,Language Arts & Disciplines,1969,1969,1,430.0,NOT_MATURE,NOT_FOR_SALE,,,
books#volume,Der naturgemässe weg der sprachbildung,Language Arts & Disciplines,1919,1919,1,168.0,NOT_MATURE,NOT_FOR_SALE,,,
books#volume,Sprache und Attitüden,Language Arts & Disciplines,1970,1970,1,192.0,NOT_MATURE,NOT_FOR_SALE,,,
books#volume,ことばと情報,Language Arts & Disciplines,1977,1977,0,290.0,NOT_MATURE,NOT_FOR_SALE,,,
books#volume,Wörter und Wortgebrauch in Ost und West: Konsumgut bis Zweijahrplan ; Gesamtregister,Language Arts & Disciplines,1992,1992,1,828.0,NOT_MATURE,NOT_FOR_SALE,,,
books#volume,"Javanese, a Cultural Approach",Language Arts & Disciplines,1984,1984,1,574.0,NOT_MATURE,NOT_FOR_SALE,Ohio University Press,,
books#volume,The Japanese Language,Language Arts & Disciplines,1989,1989,1,300.0,NOT_MATURE,NOT_FOR_SALE,PeriplusEdition,,
books#volume,An Advanced Course in Communication Sciences and Disorders,Language Arts & Disciplines,2006,2006,1,292.0,NOT_MATURE,NOT_FOR_SALE,Plural Publishing,,
books#volume,"Research Procedures in Speech, Language, and Hearing",Language Arts & Disciplines,1982,1982,1,276.0,NOT_MATURE,NOT_FOR_SALE,,,
books#volume,"Language, Sex, and Gender",Language Arts & Disciplines,1979,1979,3,134.0,MATURE,NOT_FOR_SALE,New York : New York Academy of Sciences,,
books#volume,Social Anthropology and the Politics of Language,Language Arts & Disciplines,1989,1989,1,264.0,NOT_MATURE,NOT_FOR_SALE,,,
books#volume,The Contribution of the Individual to Language,Language Arts & Disciplines,1952,1952,1,26.0,NOT_MATURE,NOT_FOR_SALE,,,
books#volume,Harbrace College Handbook,Language Arts & Disciplines,1994,1994,1,652.0,NOT_MATURE,NOT_FOR_SALE,Harcourt Brace Jovanovich Incorporated,,
books#volume,"Javanese, a Cultural Approach",Language Arts & Disciplines,1984,1984,1,574.0,NOT_MATURE,NOT_FOR_SALE,Ohio University Press,,
books#volume,The Japanese Language,Language Arts & Disciplines,1989,1989,1,300.0,NOT_MATURE,NOT_FOR_SALE,PeriplusEdition,,
books#volume,An Advanced Course in Communication Sciences and Disorders,Language Arts & Disciplines,2006,2006,1,292.0,NOT_MATURE,NOT_FOR_SALE,Plural Publishing,,
books#volume,Völkerpsychologie,Language Arts & Disciplines,1904,1904,1,720.0,NOT_MATURE,NOT_FOR_SALE,,,
books#volume,Language Arts,Language Arts & Disciplines,2001,2001,3,508.0,NOT_MATURE,NOT_FOR_SALE,,,
books#volume,Advanced Language Arts for High School Students - Viking Vocabulary Building,Language Arts & Disciplines,2017-09-06,2017,1,288.0,NOT_MATURE,NOT_FOR_SALE,,,
books#volume,Die Sprache der Jugend als Ausdruck der Entwicklungsrhythmik,Language Arts & Disciplines,1925,1925,1,120.0,NOT_MATURE,NOT_FOR_SALE,,,
books#volume,La coexistence des langues dans l'espace francophone,Language Arts & Disciplines,2000,2000,3,426.0,NOT_MATURE,NOT_FOR_SALE,,,
books#volume,The Soul in the Brain,Language Arts & Disciplines,2007-04-17,2007,1,305.0,NOT_MATURE,NOT_FOR_SALE,JHU Press,,
books#volume,Advanced Language Arts for High School Students,Language Arts & Disciplines,2017,2017,1,0.0,NOT_MATURE,NOT_FOR_SALE,,,
books#volume,Don Milani,Language Arts & Disciplines,1999,1999,1,164.0,NOT_MATURE,NOT_FOR_SALE,Edizioni Della Battaglia,,
books#volume,Die Sprachvergleichung im neusprachlichen Unterricht,Language Arts & Disciplines,1913,1913,1,106.0,NOT_MATURE,NOT_FOR_SALE,,,
books#volume,Abhandlung über das Übersprachliche und die Würde der menschlichen Persönlichkeit,Language Arts & Disciplines,1990,1990,1,226.0,NOT_MATURE,NOT_FOR_SALE,"Peter Lang Gmbh, Internationaler Verlag Der Wissenschaften",,
books#volume,Sprachtheorie,Language Arts & Disciplines,1975,1975,1,368.0,NOT_MATURE,NOT_FOR_SALE,,,
books#volume,"Sprachform, Wort- und Bedeutungskategorie und Begriff",Language Arts & Disciplines,1926,1926,1,112.0,NOT_MATURE,NOT_FOR_SALE,,,
books#volume,Das neue bayerische lehrprogramm für den unterricht in den neueren sprachen,Language Arts & Disciplines,1905,1905,1,32.0,NOT_MATURE,NOT_FOR_SALE,,,
books#volume,L'exclamation en français et en anglais,Language Arts & Disciplines,2009,2009,1,332.0,NOT_MATURE,NOT_FOR_SALE,Presses de L'Université de Provence,,
books#volume,Язык и искусство,Language Arts & Disciplines,2002,2002,1,232.0,NOT_MATURE,NOT_FOR_SALE,,,
books#volume,Sprachliche Entdeckerfahrten,Language Arts & Disciplines,1922,1922,1,286.0,NOT_MATURE,NOT_FOR_SALE,,,
books#volume,Psychologisches und Unpsychologisches im neusprachlichen Reformunterricht,Language Arts & Disciplines,1912,1912,1,64.0,NOT_MATURE,NOT_FOR_SALE,,,
books#volume,"Sprachform, Wort- und Bedeutungskategorie und Begriff",Language Arts & Disciplines,1926,1926,1,112.0,NOT_MATURE,NOT_FOR_SALE,,,
books#volume,Sprachtheorie,Language Arts & Disciplines,1975,1975,1,368.0,NOT_MATURE,NOT_FOR_SALE,,,
books#volume,Язык и искусство,Language Arts & Disciplines,2002,2002,1,232.0,NOT_MATURE,NOT_FOR_SALE,,,
books#volume,Don Milani,Language Arts & Disciplines,1999,1999,1,164.0,NOT_MATURE,NOT_FOR_SALE,Edizioni Della Battaglia,,
books#volume,L'exclamation en français et en anglais,Language Arts & Disciplines,2009,2009,1,332.0,NOT_MATURE,NOT_FOR_SALE,Presses de L'Université de Provence,,
books#volume,Angra Pequena und Gross-Nama-Land,Language Arts & Disciplines,1884,1884,1,66.0,NOT_MATURE,FREE,,,
books#volume,"Sur l'emploi des temps de prétérit dans les langues française, italienne et espagnole",Language Arts & Disciplines,1869,1869,1,48.0,NOT_MATURE,FREE,,,
books#volume,Über naturgemässheit im fremdsprachlichen unterricht,Language Arts & Disciplines,1889,1889,1,40.0,NOT_MATURE,FREE,,,
books#volume,Zur methodik des neusprachlichen unterrichts,Language Arts & Disciplines,1891,1891,1,72.0,NOT_MATURE,FREE,,,
books#volume,Ueber den Bildungswert des Unterrichts in den alten und neueren Sprachen,Language Arts & Disciplines,1883,1883,1,18.0,NOT_MATURE,FREE,,,
books#volume,Zur Reform des fremdsprachlichen Unterrichts an humanistischen Gymnasien,Language Arts & Disciplines,1890,1890,1,20.0,NOT_MATURE,FREE,,,
books#volume,Play to Learn,Language Arts & Disciplines,2006,2006,1,64.0,NOT_MATURE,NOT_FOR_SALE,Curriculum Press,,
books#volume,A Study in the Dialectics of Sphoṭa,Language Arts & Disciplines,1980,1980,1,140.0,NOT_MATURE,NOT_FOR_SALE,,,
books#volume,Chapters on Legal English,Language Arts & Disciplines,1990,1990,1,132.0,NOT_MATURE,NOT_FOR_SALE,,,
books#volume,Meaning Holism,Language Arts & Disciplines,1999,1999,1,466.0,NOT_MATURE,NOT_FOR_SALE,,,
books#volume,Languages and Their Territories,Language Arts & Disciplines,1987,1987,1,284.0,NOT_MATURE,NOT_FOR_SALE,,,
books#volume,Le provençal des Juifs et l'hébreu en Provence,Language Arts & Disciplines,2001,2001,1,252.0,NOT_MATURE,NOT_FOR_SALE,,,
books#volume,Quelques-uns,Language Arts & Disciplines,1999,1999,1,132.0,NOT_MATURE,NOT_FOR_SALE,P.O.L,,
books#volume,علم النفس اللساني في لبنان,Language Arts & Disciplines,2002,2002,1,624.0,NOT_MATURE,NOT_FOR_SALE,,,
books#volume,Inleiding tot de taal-philosophie,Language Arts & Disciplines,1949,1949,1,188.0,NOT_MATURE,NOT_FOR_SALE,,,
books#volume,Research Methods for Business Students,Business,2019,2019,3,864.0,NOT_MATURE,NOT_FOR_SALE,,,
books#volume,Accounting for Sustainability,Business,2010,2010,2,286.0,NOT_MATURE,FOR_SALE,Earthscan,57.5,GBP
books#volume,Business Research Methods,Business,2019,2019,3,687.0,NOT_MATURE,NOT_FOR_SALE,"Oxford University Press, USA",,
books#volume,Iran,Business,1977,1977,1,312.0,NOT_MATURE,FREE,,,
books#volume,Patterns of Enterprise Application Architecture,Business,2003,2003,1,568.0,NOT_MATURE,NOT_FOR_SALE,Addison-Wesley Professional,,
books#volume,Environmental Planning and Management,Business,2007,2007,1,255.0,NOT_MATURE,NOT_FOR_SALE,Imperial College Press,,
books#volume,Successful Management by Motivation,Business,2001-10-02,2001,2,324.0,NOT_MATURE,NOT_FOR_SALE,Springer Science & Business Media,,
books#volume,Business,Business,2002,2002,1,253.0,NOT_MATURE,NOT_FOR_SALE,Psychology Press,,
books#volume,The Office,Business,2002,2002,1,278.0,MATURE,NOT_FOR_SALE,BBC Books,,
books#volume,Business Research Methods,Business,1984,1984,1,632.0,NOT_MATURE,NOT_FOR_SALE,,,
books#volume,Inspection Errors for Attributes in Quality Control,Business,1991-01-01,1991,3,212.0,NOT_MATURE,NOT_FOR_SALE,Springer,,
books#volume,Business Information Services,Business,1974,1974,1,186.0,NOT_MATURE,NOT_FOR_SALE,London : Clive Bingley,,
books#volume,Business Research Methods 3e,Business,2011-03-17,2011,2,807.0,NOT_MATURE,NOT_FOR_SALE,"Oxford University Press, USA",,
books#volume,"A New Vision, a New Heart, a Renewed Call",Business,2005,2005,1,722.0,NOT_MATURE,NOT_FOR_SALE,William Carey Library,,
books#volume,The Firm of Girdlestone,Business,1907,1907,1,362.0,NOT_MATURE,NOT_FOR_SALE,,,
books#volume,The Oxford Handbook of Business History,Business,2008-01-24,2008,2,736.0,NOT_MATURE,NOT_FOR_SALE,Oxford Handbooks Online,,
books#volume,Business and Management Education in Transitioning and Developing Countries,Business,2005,2005,2,190.0,NOT_MATURE,FOR_SALE,M.E. Sharpe,36.78,GBP
books#volume,Industrial Arts Index,Business,1957,1957,0,2136.0,NOT_MATURE,NOT_FOR_SALE,,,
books#volume,Excel Formulas and Functions For Dummies,Business,2005-01-28,2005,2,410.0,NOT_MATURE,NOT_FOR_SALE,John Wiley & Sons,,
books#volume,The Concept of Corporate Strategy,Business,1980,1980,1,200.0,NOT_MATURE,NOT_FOR_SALE,"Homewood, Ill : R.D. Irwin",,
books#volume,Research Methods for Business Students,Business,2003-09,2003,1,520.0,NOT_MATURE,NOT_FOR_SALE,Pearson Education India,,
books#volume,The American Business Woman,Business,1910,1910,1,418.0,NOT_MATURE,NOT_FOR_SALE,,,
books#volume,International Securities Lending,Business,1992-08-11,1992,1,168.0,NOT_MATURE,FOR_SALE_AND_RENTAL,Springer,123.65,GBP
books#volume,"Labour and Unemployment, 1900-1914",Business,1971,1971,1,228.0,NOT_MATURE,NOT_FOR_SALE,Newton Abbot : David and Charles,,
books#volume,Search Methodologies,Business,2013-10-19,2013,2,0.0,NOT_MATURE,NOT_FOR_SALE,Springer,,
books#volume,IT-Security and Privacy,Business,2001-05-09,2001,1,358.0,NOT_MATURE,NOT_FOR_SALE,Springer,,
books#volume,An Introduction to the Mathematics of Money,Business,2006-10-24,2006,3,297.0,NOT_MATURE,NOT_FOR_SALE,Springer Science & Business Media,,
books#volume,The Theory of Business Enterprise,Business,1932,1932,1,416.0,NOT_MATURE,NOT_FOR_SALE,,,
books#volume,Handbook of Market Research,Business,2021-12-04,2021,3,1112.0,NOT_MATURE,NOT_FOR_SALE,Springer,,
books#volume,Resilience Engineering,Business,2006,2006,3,410.0,NOT_MATURE,NOT_FOR_SALE,"Ashgate Publishing, Ltd.",,
books#volume,Rothschild,Business,1988,1988,1,544.0,NOT_MATURE,NOT_FOR_SALE,A. Deutsch,,
books#volume,Research Methods in Business Studies,Business,2010,2010,2,265.0,NOT_MATURE,NOT_FOR_SALE,Financial Times/Prentice Hall,,
books#volume,MIS Essentials,Business,2013,2013,1,,NOT_MATURE,NOT_FOR_SALE,,,
books#volume,Encyclopedia of Tourism,Business,2021-01-14,2021,2,1500.0,NOT_MATURE,NOT_FOR_SALE,Springer,,
books#volume,Structural Macroeconometrics,Business,2011-10-23,2011,2,440.0,NOT_MATURE,NOT_FOR_SALE,Princeton University Press,,
books#volume,Research Methods for Business & Management,Business,2015,2015,2,0.0,NOT_MATURE,NOT_FOR_SALE,,,
books#volume,Using MIS,Business,2009,2009,1,532.0,NOT_MATURE,NOT_FOR_SALE,Prentice Hall,,
books#volume,MIS Essentials,Business,2011,2011,1,384.0,NOT_MATURE,NOT_FOR_SALE,Pearson Education,,
books#volume,Organization Structures,Business,2005-09-28,2005,1,510.0,NOT_MATURE,NOT_FOR_SALE,Springer Science & Business Media,,
books#volume,Economics,Business,2005,2005,2,733.0,NOT_MATURE,NOT_FOR_SALE,McGraw-Hill,,
books#volume,Management Strategies for Information Technology,Business,1989,1989,1,240.0,NOT_MATURE,NOT_FOR_SALE,,,
books#volume,Challenging the Chip,Business,2006,2006,3,380.0,NOT_MATURE,NOT_FOR_SALE,Temple University Press,,
books#volume,The Essays of Warren Buffett,Business,1998,1998,1,228.0,NOT_MATURE,NOT_FOR_SALE,Cunningham Group,,
books#volume,Business Barometers Used in the Accumulation of Money,Business,1909,1909,1,412.0,NOT_MATURE,NOT_FOR_SALE,,,
books#volume,Acres of Diamonds,Business,1933,1933,1,58.0,NOT_MATURE,NOT_FOR_SALE,,,
books#volume,Discovering Data Mining,Business,1998,1998,1,232.0,NOT_MATURE,NOT_FOR_SALE,,,
books#volume,Export Practice and Management,Business,1993-01-01,1993,1,456.0,NOT_MATURE,NOT_FOR_SALE,Springer,,
books#volume,The Vested Interests and the Common Man,Business,1964,1964,1,200.0,NOT_MATURE,NOT_FOR_SALE,"New York : A. M. Kelley, bookseller, 1964 [c1919]",,
books#volume,Encyclopedia of American Business History,Business,2014-05-14,2014,2,581.0,NOT_MATURE,NOT_FOR_SALE,Infobase Publishing,,
books#volume,Marketing Psychology,Business,1997-09-15,1997,1,224.0,NOT_MATURE,NOT_FOR_SALE,Palgrave Macmillan,,
books#volume,The Zen of Steve Jobs,Business,2011-12-02,2011,2,0.0,NOT_MATURE,NOT_FOR_SALE,Wiley,,
books#volume,The Internet and Workplace Transformation,Business,2006,2006,3,305.0,NOT_MATURE,FOR_SALE,M.E. Sharpe,47.57,GBP
books#volume,Merchants of Tamilakam,Business,2012,2012,1,233.0,NOT_MATURE,NOT_FOR_SALE,Penguin Books India,,
books#volume,Methodology And Perspectives Of Business Studies,Business,2010,2010,1,316.0,NOT_MATURE,NOT_FOR_SALE,Ane Books Pvt Ltd,,
books#volume,B2B Brand Management,Business,2010-02-12,2010,2,0.0,NOT_MATURE,NOT_FOR_SALE,Springer,,
books#volume,The Internet Compendium,Business,1995,1995,3,444.0,NOT_MATURE,NOT_FOR_SALE,New York : Neal-Schuman Publishers,,
books#volume,The Cluetrain Manifesto,Business,2000,2000,1,190.0,NOT_MATURE,NOT_FOR_SALE,Hardie Grant Publishing,,
books#volume,Data Mining Techniques,Business,2004-04-09,2004,2,671.0,NOT_MATURE,NOT_FOR_SALE,John Wiley & Sons,,
books#volume,Transportation-Logistics Dictionary,Business,2012-10-20,2012,1,311.0,NOT_MATURE,NOT_FOR_SALE,Springer,,
books#volume,Head First Excel,Business,2010-03-11,2010,1,440.0,NOT_MATURE,NOT_FOR_SALE,"""O'Reilly Media, Inc.""",,
books#volume,Finance and Financial Markets,Business,1998,1998,1,390.0,NOT_MATURE,NOT_FOR_SALE,MacMillan,,
books#volume,Business Research Methods,Business,2002-09-30,2002,1,,NOT_MATURE,NOT_FOR_SALE,,,
books#volume,Communication Skills for Effective Management,Business,2004-04-03,2004,3,450.0,NOT_MATURE,NOT_FOR_SALE,Palgrave Macmillan,,
books#volume,Outliers,Business,2014-05-10,2014,3,,NOT_MATURE,NOT_FOR_SALE,,,
books#volume,Economics,Business,2017,2017,3,832.0,NOT_MATURE,NOT_FOR_SALE,,,
books#volume,A Practical Guide to SAP S/4HANA Financial Accounting,Business,2019-12-10,2019,1,288.0,NOT_MATURE,NOT_FOR_SALE,,,
books#volume,Automating Management Information Systems: Barcode engineering and implementation,Business,1990,1990,1,536.0,NOT_MATURE,NOT_FOR_SALE,New York : Van Nostrand Reinhold,,
books#volume,A Virtuous Life in Business,Business,1992-05-18,1992,2,224.0,NOT_MATURE,NOT_FOR_SALE,Bloomsbury Publishing PLC,,
books#volume,Classified Guide to Technical and Commercial Books,Business,1904,1904,0,272.0,NOT_MATURE,NOT_FOR_SALE,,,
books#volume,Microsoft Office XP,Business,2001-09-01,2001,2,,NOT_MATURE,NOT_FOR_SALE,,,
books#volume,Ideas for Development,Business,2012,2012,1,288.0,NOT_MATURE,FOR_SALE,Earthscan,25.99,GBP
books#volume,Database Management Systems,Business,2014,2014,1,1065.0,NOT_MATURE,NOT_FOR_SALE,,,
books#volume,Valuation,Business,1994-09-02,1994,3,584.0,NOT_MATURE,NOT_FOR_SALE,,,
books#volume,GENDER EQUALITY IN THE WORKPLACE,Business,2020,2020,1,,NOT_MATURE,NOT_FOR_SALE,,,
books#volume,Advanced Business,Business,1995-01-01,1995,2,700.0,NOT_MATURE,NOT_FOR_SALE,,,
books#volume,Autobiographies of W.B.Yeats,Business,2002-11-21,2002,1,560.0,NOT_MATURE,NOT_FOR_SALE,Palgrave Macmillan,,
books#volume,Case Study Methodology in Business Research,Business,2015-12,2015,2,328.0,NOT_MATURE,NOT_FOR_SALE,Routledge,,
books#volume,A Computer Called LEO,Business,2003,2003,1,234.0,NOT_MATURE,NOT_FOR_SALE,HarperCollins UK,,
books#volume,International Directory of Company Histories,Business,2003,2003,2,702.0,NOT_MATURE,NOT_FOR_SALE,International Directory of Com,,
books#volume,Random Reminiscences of Men and Events,Business,1933,1933,1,210.0,NOT_MATURE,NOT_FOR_SALE,Business Classics,,
books#volume,Microsoft Office XP,Business,2002,2002,3,708.0,NOT_MATURE,NOT_FOR_SALE,,,
books#volume,Robert Half on Hiring,Business,1985,1985,2,,NOT_MATURE,NOT_FOR_SALE,,,
books#volume,The Goal,Business,1992,1992,2,292.0,NOT_MATURE,NOT_FOR_SALE,,,
books#volume,The New Science of Management Decision,Business,1960,1960,1,72.0,NOT_MATURE,NOT_FOR_SALE,,,
books#volume,The International Business Encyclopedia,Business,1910,1910,2,526.0,NOT_MATURE,NOT_FOR_SALE,,,
books#volume,The Real Wealth of Nations,Business,2008-11-10,2008,2,337.0,NOT_MATURE,NOT_FOR_SALE,Berrett-Koehler Publishers,,
books#volume,Storytelling,Business,2010-06-08,2010,4,254.0,NOT_MATURE,NOT_FOR_SALE,Springer,,
books#volume,Acres of Diamonds,Business,1901,1901,1,44.0,NOT_MATURE,NOT_FOR_SALE,,,
books#volume,The Object Advantage,Business,1995,1995,3,376.0,NOT_MATURE,NOT_FOR_SALE,Addison-Wesley Professional,,
books#volume,The New Science Of Management Decision,Business,2012-05,2012,1,0.0,NOT_MATURE,NOT_FOR_SALE,,,
books#volume,French/English Business Glossary,Business,2016-08-19,2016,2,0.0,NOT_MATURE,NOT_FOR_SALE,,,
books#volume,Contemporary Business,Business,1976,1976,2,654.0,NOT_MATURE,NOT_FOR_SALE,,,
books#volume,Management Information Systems,Business,2008,2008,2,628.0,NOT_MATURE,NOT_FOR_SALE,,,
books#volume,The New Markets... and Other Essays,Business,1971,1971,1,226.0,NOT_MATURE,NOT_FOR_SALE,,,
books#volume,The Process,Business,2009,2009,3,190.0,NOT_MATURE,NOT_FOR_SALE,,,
books#volume,Business America,Business,1986,1986,0,36.0,NOT_MATURE,FREE,,,
books#volume,Foundations of Business,Business,2016,2016,0,,NOT_MATURE,NOT_FOR_SALE,,,
books#volume,Office XP,Business,2001,2001,2,1002.0,NOT_MATURE,NOT_FOR_SALE,,,
books#volume,Financial Trading,Business,1993,1993,1,283.0,NOT_MATURE,NOT_FOR_SALE,,,
books#volume,Some Problems in Market Distribution,Business,1915,1915,1,136.0,NOT_MATURE,NOT_FOR_SALE,,,
books#volume,The Secret of the Ages,Business,2015,2015,1,,NOT_MATURE,NOT_FOR_SALE,,,
books#volume,Tao of Charlie Munger,Business,2017-01-03,2017,1,256.0,NOT_MATURE,NOT_FOR_SALE,Simon and Schuster,,
books#volume,The Empire of Business,Business,1933,1933,1,334.0,NOT_MATURE,NOT_FOR_SALE,,,
books#volume,Fundamentals of Information Systems,Business,2015,2015,2,,NOT_MATURE,NOT_FOR_SALE,,,
books#volume,Sources of Business Information,Business,1964,1964,1,352.0,NOT_MATURE,NOT_FOR_SALE,Univ of California Press,,
books#volume,Good Business,Business,2003,2003,1,244.0,NOT_MATURE,NOT_FOR_SALE,,,
books#volume,Hand-books for Home Improvement,Business,1857,1857,0,646.0,NOT_MATURE,FREE,,,
books#volume,Techno-Diplomacy,Business,1989-08-21,1989,1,344.0,NOT_MATURE,NOT_FOR_SALE,Springer,,
books#volume,Business Research Methods,Business,1998,1998,2,0.0,NOT_MATURE,NOT_FOR_SALE,Irwin Professional Publishing,,
books#volume,Social Control of Business,Business,1939,1939,1,566.0,NOT_MATURE,NOT_FOR_SALE,,,
books#volume,Hand-to-mouth Buying,Business,1929,1929,1,520.0,NOT_MATURE,NOT_FOR_SALE,,,
books#volume,Renewing Research Practice,Business,2004,2004,2,268.0,NOT_MATURE,NOT_FOR_SALE,Stanford University Press,,
books#volume,Market Analysis,Business,1925,1925,1,460.0,NOT_MATURE,NOT_FOR_SALE,,,
books#volume,God in Business,Business,1905,1905,1,152.0,NOT_MATURE,NOT_FOR_SALE,,,
books#volume,The Business Environment,Business,2018,2018,2,531.0,NOT_MATURE,NOT_FOR_SALE,Oxford University Press,,
books#volume,Longman Dictionary of Business English,Business,1982,1982,1,492.0,NOT_MATURE,NOT_FOR_SALE,,,
books#volume,The Oil Factor,Business,2004,2004,2,218.0,NOT_MATURE,NOT_FOR_SALE,,,
books#volume,The Theory of Business Enterprise,Business,1973,1973,1,400.0,NOT_MATURE,NOT_FOR_SALE,,,
books#volume,Fundamentals of Business Organization,Business,1925,1925,1,248.0,NOT_MATURE,NOT_FOR_SALE,,,
books#volume,Dun's Review,Business,1927,1927,0,342.0,NOT_MATURE,NOT_FOR_SALE,,,
books#volume,Critical Chain,Business,2017,2017,1,260.0,NOT_MATURE,NOT_FOR_SALE,,,
books#volume,A Concise Guide to Market Research,Business,2014-08-07,2014,2,347.0,NOT_MATURE,NOT_FOR_SALE,Springer,,
books#volume,Computer Confluence,Business,2005,2005,1,416.0,NOT_MATURE,NOT_FOR_SALE,Prentice Hall,,
books#volume,Efficiency as a Basis for Operation and Wages,Business,1911,1911,1,238.0,NOT_MATURE,NOT_FOR_SALE,,,
books#volume,God at Work,Business,2000,2000,1,320.0,NOT_MATURE,FOR_SALE,Destiny Image Publishers,9.49,GBP
books#volume,Microsoft Excel Fundamentals,Business,2002,2002,1,246.0,NOT_MATURE,NOT_FOR_SALE,RGL Learning & Publishing,,
books#volume,Introduction to Business Data Processing,Business,1982,1982,1,768.0,NOT_MATURE,NOT_FOR_SALE,McGraw-Hill Companies,,
books#volume,"Puritans At Play, Tenth Anniversary Edition",Business,2005-09-17,2005,1,288.0,NOT_MATURE,NOT_FOR_SALE,Palgrave Macmillan,,
books#volume,Roughing It,Business,2020-09-28,2020,1,691.0,NOT_MATURE,FOR_SALE,Library of Alexandria,6.99,GBP
books#volume,The Heart Aroused,Business,2007-11,2007,1,368.0,NOT_MATURE,NOT_FOR_SALE,,,
books#volume,Elizabeth 1 Ceo,Business,2001-11-01,2001,1,,NOT_MATURE,NOT_FOR_SALE,,,
books#volume,Personal Efficiency in Business,Business,1919,1919,1,354.0,NOT_MATURE,NOT_FOR_SALE,,,
books#volume,Corporate Ethics and Corporate Governance,Business,2010-10-15,2010,3,0.0,NOT_MATURE,NOT_FOR_SALE,Springer,,
books#volume,To the Kwai and Back,Business,1986,1986,1,192.0,NOT_MATURE,NOT_FOR_SALE,HarperCollins,,
books#volume,Power Play,Business,2021-08-03,2021,1,384.0,NOT_MATURE,NOT_FOR_SALE,,,
books#volume,Cracking the GMAT,Business,1992,1992,2,294.0,NOT_MATURE,NOT_FOR_SALE,Princeton Review,,
books#volume,Mathematics of Finance,Business,1921,1921,3,306.0,NOT_MATURE,NOT_FOR_SALE,,,
books#volume,Awakening of Business,Business,1916,1916,1,268.0,NOT_MATURE,NOT_FOR_SALE,,,
books#volume,Doing Business with Lithuania,Business,2005,2005,2,366.0,NOT_MATURE,NOT_FOR_SALE,GMB Publishing Ltd,,
books#volume,Build a Better Life by Stealing Office Supplies,Business,1991,1991,0,116.0,NOT_MATURE,NOT_FOR_SALE,Andrews McMeel Publishing,,
books#volume,Input/output Databases,Business,1979,1979,1,154.0,NOT_MATURE,NOT_FOR_SALE,,,
books#volume,An Approach to Business Problems,Business,1916,1916,1,386.0,NOT_MATURE,NOT_FOR_SALE,,,
books#volume,How to Conquer the World,Business,1999-07,1999,1,714.0,NOT_MATURE,NOT_FOR_SALE,Government Institutes,,
books#volume,Business Research Methods,Business,2006,2006,2,782.0,NOT_MATURE,NOT_FOR_SALE,Irwin/McGraw-Hill,,
books#volume,Business Information Systems,Business,2019-11-11,2019,1,0.0,NOT_MATURE,NOT_FOR_SALE,Red Globe Press,,
books#volume,Digital Libraries in Computer Science: The MeDoc Approach,Business,1998-05-13,1998,4,252.0,NOT_MATURE,NOT_FOR_SALE,Springer,,
books#volume,The Concise Handbook of Management,Business,2011,2011,1,258.0,NOT_MATURE,NOT_FOR_SALE,,,
books#volume,Luxury Fashion Branding,Business,2007-05-03,2007,1,352.0,NOT_MATURE,NOT_FOR_SALE,Palgrave Macmillan,,
books#volume,Computer Applications in Management,Business,1970,1970,2,178.0,NOT_MATURE,NOT_FOR_SALE,,,
books#volume,The Handbook of Security,Business,2006-09-19,2006,1,592.0,NOT_MATURE,NOT_FOR_SALE,Palgrave Macmillan,,
books#volume,When Cultures Collide,Business,2010,2010,1,552.0,NOT_MATURE,NOT_FOR_SALE,,,
books#volume,A Concise Dictionary of Business,Business,1990,1990,0,401.0,NOT_MATURE,NOT_FOR_SALE,,,
books#volume,House of Lies,Business,2005,2005,1,273.0,NOT_MATURE,NOT_FOR_SALE,Business Plus,,
books#volume,Management and Business Research,Business,2018-04-28,2018,4,465.0,NOT_MATURE,NOT_FOR_SALE,SAGE,,
books#volume,The Science of Self-Discipline,Business,2017-10-23,2017,1,218.0,NOT_MATURE,NOT_FOR_SALE,Createspace Independent Publishing Platform,,
books#volume,Artificial Intelligence,Business,2020-10-21,2020,1,292.0,NOT_MATURE,NOT_FOR_SALE,,,
books#volume,The vested interests and the common man,Business,1969,1969,1,183.0,NOT_MATURE,NOT_FOR_SALE,,,
books#volume,Understanding Business,Business,2001,2001,1,240.0,NOT_MATURE,NOT_FOR_SALE,Psychology Press,,
books#volume,The New Standard American Business Guide,Business,1917,1917,1,538.0,NOT_MATURE,NOT_FOR_SALE,,,
books#volume,California,Business,1873,1873,1,268.0,NOT_MATURE,FREE,"New York, Harper & brothers",,
books#volume,An Inquiry Into the Nature and Causes of the Wealth of Nations,Economics,1809,1809,1,448.0,NOT_MATURE,FREE,,,
books#volume,Small is Beautiful,Economics,1999,1999,1,306.0,NOT_MATURE,NOT_FOR_SALE,,,
books#volume,An Inquiry Into the Nature and Causes of the Wealth of Nations,Economics,1817,1817,2,456.0,NOT_MATURE,FREE,,,
books#volume,The Economics of Property Rights,Economics,1990-08-31,1990,1,204.0,NOT_MATURE,NOT_FOR_SALE,Springer Science & Business Media,,
books#volume,"""Unto this Last""",Economics,1872,1872,1,156.0,NOT_MATURE,FREE,,,
books#volume,The End of Economic Man,Economics,1991,1991,1,328.0,NOT_MATURE,NOT_FOR_SALE,HarperCollins Publishers,,
books#volume,An Inquiry Into the Nature and Causes of the Wealth of Nations,Economics,1908,1908,1,496.0,NOT_MATURE,NOT_FOR_SALE,,,
books#volume,Principles of economics,Economics,1895,1895,1,864.0,NOT_MATURE,FREE,,,
books#volume,Essays on Some Unsettled Questions of Political Economy,Economics,1877,1877,1,208.0,NOT_MATURE,FREE,IndyPublish.com,,
books#volume,A Treatise on Political Economy,Economics,1827,1827,1,522.0,NOT_MATURE,FREE,,,
books#volume,Essays on Some Unsettled Questions of Political Economy,Economics,1874,1874,1,206.0,NOT_MATURE,FREE,IndyPublish.com,,
books#volume,Politics and the Pound,Economics,1996,1996,1,390.0,NOT_MATURE,NOT_FOR_SALE,Trans-Atlantic Publications,,
books#volume,A Critique of Soviet Economics,Economics,1977,1977,1,168.0,NOT_MATURE,NOT_FOR_SALE,,,
books#volume,Capital,Economics,1890,1890,1,576.0,NOT_MATURE,NOT_FOR_SALE,,,
books#volume,The Statesman's Year-book,Economics,1874,1874,8,868.0,NOT_MATURE,FREE,,,
books#volume,Progress and Poverty,Economics,1879,1879,1,544.0,NOT_MATURE,FREE,,,
books#volume,"Social Statics: Or, the Conditions Essential to Human Happiness Specified, and the First of Them Developed",Economics,1851,1851,1,496.0,NOT_MATURE,FREE,,,
books#volume,Advances in Behavioral Economics,Economics,2004,2004,3,768.0,NOT_MATURE,NOT_FOR_SALE,Princeton University Press,,
books#volume,Principles of Political Economy,Economics,1883,1883,1,628.0,NOT_MATURE,FREE,,,
books#volume,After Adam Smith,Economics,2011-10-16,2011,2,318.0,NOT_MATURE,NOT_FOR_SALE,Princeton University Press,,
books#volume,"Value, Price and Profit",Economics,1913,1913,1,138.0,NOT_MATURE,NOT_FOR_SALE,,,
books#volume,Rethinking the Politics of Commercial Society,Economics,1985-12-05,1985,1,270.0,NOT_MATURE,NOT_FOR_SALE,Cambridge University Press,,
books#volume,Essays on Political Economy,Economics,1853,1853,1,58.0,NOT_MATURE,FREE,,,
books#volume,An Inquiry Into the Nature and Causes of the Wealth of Nations,Economics,1976,1976,1,0.0,NOT_MATURE,NOT_FOR_SALE,,,
books#volume,Handbook of Economic Growth,Economics,2005-12-21,2005,2,839.0,NOT_MATURE,NOT_FOR_SALE,Elsevier,,
books#volume,"Capital: The process of capitalist production as a whole, ed. by Frederick Engels. Tr. from the 1st German ed. by Ernest Untermann",Economics,1909,1909,1,1060.0,NOT_MATURE,NOT_FOR_SALE,,,
books#volume,Reflections on the Formation and the Distribution of Riches,Economics,1898,1898,1,144.0,NOT_MATURE,FREE,,,
books#volume,Economic Imperialism,Economics,1920,1920,1,112.0,NOT_MATURE,NOT_FOR_SALE,,,
books#volume,"""A Joy for Ever"" (and Its Price in the Market)",Economics,1891,1891,1,290.0,NOT_MATURE,FREE,,,
books#volume,A Contribution to the Critique of Political Economy,Economics,1904,1904,1,328.0,NOT_MATURE,NOT_FOR_SALE,,,
books#volume,The Poverty of Philosophy,Economics,1920,1920,1,238.0,NOT_MATURE,NOT_FOR_SALE,,,
books#volume,The Science of Finance,Economics,1895,1895,1,824.0,NOT_MATURE,FREE,,,
books#volume,Herr Eugen Dühring's Revolution in Science (anti-Dühring),Economics,1939,1939,1,376.0,NOT_MATURE,NOT_FOR_SALE,"New York, International publishers",,
books#volume,Economics Explained,Economics,1982,1982,2,272.0,NOT_MATURE,NOT_FOR_SALE,Prentice Hall,,
books#volume,The New Palgrave Dictionary of Economics,Economics,2008-05-11,2008,0,7300.0,NOT_MATURE,NOT_FOR_SALE,Palgrave Macmillan,,
books#volume,The Economic Writings of Sir William Petty,Economics,1899,1899,2,422.0,NOT_MATURE,FREE,,,
books#volume,A Treatise on Political Economy,Economics,1848,1848,1,512.0,NOT_MATURE,NOT_FOR_SALE,,,
books#volume,Publications of the American Economic Association,Economics,1900,1900,0,716.0,NOT_MATURE,FREE,,,
books#volume,The Servile State,Economics,1977,1977,1,220.0,NOT_MATURE,NOT_FOR_SALE,Liberty Fund,,
books#volume,Principles of Political Economy,Economics,2004,2004,1,904.0,NOT_MATURE,NOT_FOR_SALE,Prometheus,,
books#volume,Ideology and the Evolution of Vital Institutions,Economics,2001-06-30,2001,2,434.0,NOT_MATURE,NOT_FOR_SALE,Springer Science & Business Media,,
books#volume,Progress and Poverty,Economics,1907,1907,1,594.0,NOT_MATURE,NOT_FOR_SALE,,,
books#volume,"Karl Marx, Frederick Engels",Economics,1989,1989,1,596.0,NOT_MATURE,NOT_FOR_SALE,,,
books#volume,The Economic Interpretation of History,Economics,1909,1909,1,576.0,NOT_MATURE,NOT_FOR_SALE,,,
books#volume,Islam and the Economic Challenge,Economics,1992,1992,1,452.0,NOT_MATURE,NOT_FOR_SALE,International Institute of Islamic Thought,,
books#volume,Elements of Shipping,Economics,1996,1996,1,560.0,NOT_MATURE,NOT_FOR_SALE,Springer,,
books#volume,The Wealth of Nations,Economics,2011-07,2011,1,482.0,NOT_MATURE,NOT_FOR_SALE,Simon & Brown,,
books#volume,"""Unto this Last"". Munera Pulveris ..",Economics,1923,1923,1,,NOT_MATURE,NOT_FOR_SALE,,,
books#volume,"East Asia, the Modern Transformation",Economics,1965,1965,3,1018.0,NOT_MATURE,NOT_FOR_SALE,,,
books#volume,The Rebel,Economics,1967,1967,1,324.0,NOT_MATURE,NOT_FOR_SALE,,,
books#volume,"""Unto this Last""",Economics,1886,1886,1,138.0,NOT_MATURE,NOT_FOR_SALE,,,
books#volume,The Ruling Class,Economics,1961,1961,1,200.0,NOT_MATURE,NOT_FOR_SALE,,,
books#volume,Wage Labour and Capital,Economics,1952,1952,1,64.0,NOT_MATURE,NOT_FOR_SALE,,,
books#volume,Capital,Economics,1957,1957,1,929.0,NOT_MATURE,NOT_FOR_SALE,,,
books#volume,System Der Rechts- und Wirtschaftsphilosophie,Economics,1968,1968,1,558.0,NOT_MATURE,NOT_FOR_SALE,New York : A. M. Kelley,,
books#volume,Soulful Corporations,Economics,2013-11-27,2013,2,608.0,NOT_MATURE,NOT_FOR_SALE,Springer,,
books#volume,Economic Theory in Retrospect,Economics,1968,1968,1,748.0,NOT_MATURE,NOT_FOR_SALE,,,
books#volume,Foundations of Economic Analysis,Economics,1961,1961,1,474.0,NOT_MATURE,NOT_FOR_SALE,,,
books#volume,Handbook of Social Capital,Economics,2010,2010,2,0.0,NOT_MATURE,NOT_FOR_SALE,,,
books#volume,'Unto this Last' Four Essays on the First Principles of Political Economy. With an Index,Economics,1912,1912,1,,NOT_MATURE,NOT_FOR_SALE,,,
books#volume,The Poverty of Affluence,Economics,1983,1983,1,344.0,NOT_MATURE,NOT_FOR_SALE,,,
books#volume,A Treatise On Political Economy,Economics,2022-10-27,2022,1,0.0,NOT_MATURE,NOT_FOR_SALE,Legare Street Press,,
books#volume,Wealth Of Nations,Economics,1991-12-01,1991,1,,NOT_MATURE,NOT_FOR_SALE,Turtleback,,
books#volume,Social Problems,Economics,1898,1898,1,264.0,NOT_MATURE,FREE,,,
books#volume,Principles of Political Economy,Economics,1964,1964,1,524.0,NOT_MATURE,NOT_FOR_SALE,,,
books#volume,"The General Theory of Employment, Interest and Money",Economics,1976,1976,1,0.0,NOT_MATURE,NOT_FOR_SALE,,,
books#volume,Markets Not Capitalism,Economics,2011,2011,2,0.0,NOT_MATURE,NOT_FOR_SALE,Minor Compositions,,
books#volume,Index Numbers,Economics,1994,1994,2,270.0,NOT_MATURE,NOT_FOR_SALE,University of Michigan Press,,
books#volume,Outlines of Economics,Economics,1920,1920,4,792.0,NOT_MATURE,NOT_FOR_SALE,,,
books#volume,The New Palgrave,Economics,2002,2002,3,0.0,NOT_MATURE,NOT_FOR_SALE,,,
books#volume,Economics and Ethics 1,Economics,2003-06-18,2003,1,366.0,NOT_MATURE,NOT_FOR_SALE,Springer Science & Business Media,,
books#volume,History of Economic Analysis,Economics,1994,1994,1,1283.0,NOT_MATURE,NOT_FOR_SALE,,,
books#volume,The Social Contract,Economics,1923,1923,1,287.0,NOT_MATURE,NOT_FOR_SALE,,,
books#volume,An Enquiry Into the Nature and Causes of the Wealth of Nations,Economics,1884,1884,1,0.0,NOT_MATURE,NOT_FOR_SALE,,,
books#volume,Economics and Policymaking,Economics,1982-09-28,1982,1,0.0,NOT_MATURE,NOT_FOR_SALE,Praeger,,
books#volume,Mathematical Formulas for Economists,Economics,2014-03-12,2014,3,186.0,NOT_MATURE,NOT_FOR_SALE,Springer,,
books#volume,Economics,Economics,2005,2005,2,733.0,NOT_MATURE,NOT_FOR_SALE,McGraw-Hill,,
books#volume,"Economics: Principles, Problems, and Policies",Economics,1975,1975,1,968.0,NOT_MATURE,NOT_FOR_SALE,McGraw-Hill Companies,,
books#volume,Defining the Nonprofit Sector,Economics,1997,1997,2,544.0,NOT_MATURE,NOT_FOR_SALE,Manchester University Press,,
books#volume,The Social Contract,Economics,1947,1947,1,344.0,NOT_MATURE,NOT_FOR_SALE,,,
books#volume,The Invisible Heart,Economics,2001,2001,1,267.0,NOT_MATURE,NOT_FOR_SALE,,,
books#volume,Inquiry Into The Nature And Causes Of The Wealth Of Nations Vol# 1,Economics,2008,2008,1,576.0,NOT_MATURE,NOT_FOR_SALE,Atlantic Publishers & Dist,,
books#volume,A History of Economic Theory & Method,Economics,2014,2014,2,0.0,NOT_MATURE,NOT_FOR_SALE,Ingram,,
books#volume,Anti-Dühring,Economics,1947,1947,1,507.0,NOT_MATURE,NOT_FOR_SALE,,,
books#volume,Small is Beautiful,Economics,1983,1983,1,290.0,NOT_MATURE,NOT_FOR_SALE,,,
books#volume,Small is Beautiful: Economics as If People Mattered,Economics,,,0,,NOT_MATURE,NOT_FOR_SALE,,,
books#volume,Outlines of Economics,Economics,1908,1908,2,728.0,NOT_MATURE,NOT_FOR_SALE,,,
books#volume,The Social Contract,Economics,1913,1913,1,,NOT_MATURE,NOT_FOR_SALE,,,
books#volume,Economics,Economics,2009-08-18,2009,3,714.0,NOT_MATURE,NOT_FOR_SALE,,,
books#volume,Individualism and Economic Order,Economics,1980,1980,1,271.0,NOT_MATURE,NOT_FOR_SALE,,,
books#volume,Principles of Economics with Special Reference to American Conditions,Economics,1905,1905,1,816.0,NOT_MATURE,NOT_FOR_SALE,,,
books#volume,The Vested Interests and the Common Man,Economics,1964,1964,1,200.0,NOT_MATURE,NOT_FOR_SALE,"New York : A. M. Kelley, bookseller, 1964 [c1919]",,
books#volume,History of Economic Analysis,Economics,1954,1954,1,1300.0,NOT_MATURE,NOT_FOR_SALE,New York : Oxford University Press,,
books#volume,The Discretionary Economy,Economics,1979,1979,1,384.0,NOT_MATURE,NOT_FOR_SALE,,,
books#volume,Research Handbook on Behavioral Law and Economics,Economics,2018,2018,2,0.0,NOT_MATURE,NOT_FOR_SALE,,,
books#volume,Capital,Economics,1945,1945,1,,NOT_MATURE,NOT_FOR_SALE,,,
books#volume,Basic Concepts in Sociology,Economics,1962,1962,1,140.0,NOT_MATURE,NOT_FOR_SALE,,,
books#volume,Small is Beautiful,Economics,1974,1974,1,0.0,NOT_MATURE,NOT_FOR_SALE,,,
books#volume,Economical Writing,Economics,2000,2000,1,124.0,NOT_MATURE,NOT_FOR_SALE,,,
books#volume,"The General Theory of Employment, Interest and Money",Economics,1974,1974,1,0.0,NOT_MATURE,NOT_FOR_SALE,,,
books#volume,The Acquisitive Society,Economics,1921,1921,1,204.0,NOT_MATURE,NOT_FOR_SALE,,,
books#volume,The Glasgow Edition of the Works and Correspondence of Adam Smith: VI: Correspondence,Economics,1987,1987,1,500.0,NOT_MATURE,NOT_FOR_SALE,Oxford University Press,,
books#volume,The Human Condition,Economics,1990-01-01,1990,1,332.0,NOT_MATURE,NOT_FOR_SALE,Peter Smith Pub Incorporated,,
books#volume,"Catholicism, Protestantism, and Capitalism",Economics,1955,1955,1,240.0,NOT_MATURE,NOT_FOR_SALE,,,
books#volume,Industrialization and Development,Economics,1998,1998,1,202.0,NOT_MATURE,NOT_FOR_SALE,Psychology Press,,
books#volume,Treatise on Political Economy,Economics,1842,1842,3,,NOT_MATURE,NOT_FOR_SALE,,,
books#volume,The Political Economy of Underdevelopment,Economics,1971,1971,1,372.0,NOT_MATURE,NOT_FOR_SALE,,,
books#volume,Harvard Economic Studies,Economics,1915,1915,0,526.0,NOT_MATURE,NOT_FOR_SALE,,,
books#volume,Research Methods,Economics,2023-03-27,2023,3,0.0,NOT_MATURE,NOT_FOR_SALE,Pearson,,
books#volume,The Principles of Political Economy and Taxation,Economics,1990-08-15,1990,1,300.0,NOT_MATURE,NOT_FOR_SALE,Everyman,,
books#volume,Principles of Economics,Economics,1925,1925,1,0.0,NOT_MATURE,NOT_FOR_SALE,,,
books#volume,The Growth of Economic Thought,Economics,1991,1991,1,904.0,NOT_MATURE,NOT_FOR_SALE,Duke University Press,,
books#volume,Theory and Practice of Insurance,Economics,1998,1998,1,364.0,NOT_MATURE,NOT_FOR_SALE,Springer Science & Business Media,,
books#volume,An Introduction to Positive Economics,Economics,1995,1995,2,919.0,NOT_MATURE,NOT_FOR_SALE,,,
books#volume,A treatise on political economy,Economics,1847,1847,3,488.0,NOT_MATURE,NOT_FOR_SALE,,,
books#volume,Economic Philosophy,Economics,1962,1962,1,172.0,NOT_MATURE,NOT_FOR_SALE,,,
books#volume,Theories of Surplus Value,Economics,1968,1968,1,432.0,NOT_MATURE,NOT_FOR_SALE,,,
books#volume,The affluent society,Economics,1994,1994,1,368.0,NOT_MATURE,NOT_FOR_SALE,,,
books#volume,The Economic Point of View,Economics,1976,1976,1,260.0,NOT_MATURE,NOT_FOR_SALE,"Kansas City, KS : Sheed and Ward",,
books#volume,The Critics of Keynesian Economics (Large Print Edition),Economics,2013-11-07,2013,1,0.0,NOT_MATURE,NOT_FOR_SALE,Createspace Independent Publishing Platform,,
books#volume,Capital,Economics,1939,1939,1,358.0,NOT_MATURE,NOT_FOR_SALE,,,
books#volume,Living in the End Times,Economics,2011-04-18,2011,1,522.0,NOT_MATURE,NOT_FOR_SALE,Verso,,
books#volume,An Introduction to Positive Economics,Economics,1980,1980,1,810.0,NOT_MATURE,NOT_FOR_SALE,,,
books#volume,"Karl Marx, Frederick Engels : Collected Works. Vol. 20",Economics,1975,1975,1,,NOT_MATURE,NOT_FOR_SALE,,,
books#volume,Does the Richness of the Few Benefit Us All?,Economics,2013-08-05,2013,1,111.0,NOT_MATURE,NOT_FOR_SALE,Polity,,
books#volume,Encyclopedia of Tourism,Economics,2016-04-07,2016,2,0.0,NOT_MATURE,NOT_FOR_SALE,Springer,,
books#volume,Economic Games People Play,Economics,1984-05-20,1984,2,360.0,NOT_MATURE,NOT_FOR_SALE,,,
books#volume,A Textbook of Economic Theory,Economics,1964,1964,0,574.0,NOT_MATURE,NOT_FOR_SALE,,,
books#volume,History of Economic Thought,Economics,2011,2011,2,579.0,NOT_MATURE,NOT_FOR_SALE,,,
books#volume,Economics Explained,Economics,1998,1998,1,0.0,NOT_MATURE,NOT_FOR_SALE,,,
books#volume,The Corruption of Economics,Economics,1994,1994,2,278.0,NOT_MATURE,NOT_FOR_SALE,Shepheard-Walwyn Publishers,,
books#volume,First Principles of Islamic Economics,Economics,2011,2011,2,0.0,NOT_MATURE,NOT_FOR_SALE,,,
books#volume,Economics,Economics,2000,2000,2,0.0,NOT_MATURE,NOT_FOR_SALE,Addison Wesley,,
books#volume,The Economic Imagination,Economics,1983,1983,1,228.0,NOT_MATURE,NOT_FOR_SALE,"Brighton, Sussex : Wheatsheaf Books ; Armonk, N.Y. : M.E. Sharpe",,
books#volume,A Plea to Economists who Favour Liberty,Economics,2001,2001,1,128.0,NOT_MATURE,NOT_FOR_SALE,,,
books#volume,"Karl Marx, Frederick Engels",Economics,1975,1975,1,0.0,NOT_MATURE,NOT_FOR_SALE,,,
books#volume,The Road to Serfdom,Economics,2001,2001,1,274.0,NOT_MATURE,NOT_FOR_SALE,Psychology Press,,
books#volume,Psychological Analysis of Economic Behavior,Economics,1963,1963,1,364.0,NOT_MATURE,NOT_FOR_SALE,,,
books#volume,IQ and the Wealth of Nations,Economics,2002,2002,2,0.0,NOT_MATURE,NOT_FOR_SALE,,,
books#volume,Life and Death at Work,Economics,1991-10-31,1991,1,344.0,NOT_MATURE,NOT_FOR_SALE,Springer,,
books#volume,The Classical Economists and Economic Policy,Economics,1971,1971,1,228.0,NOT_MATURE,NOT_FOR_SALE,London : Methuen,,
books#volume,An Essay on the Nature & Significance of Economic Science,Economics,1940,1940,1,160.0,NOT_MATURE,NOT_FOR_SALE,,,
books#volume,"Petty, the Origins of Political Economy",Economics,1985,1985,1,136.0,NOT_MATURE,NOT_FOR_SALE,Routledge,,
books#volume,The Economics of the Imagination,Economics,1980,1980,1,360.0,NOT_MATURE,NOT_FOR_SALE,Amherst : University of Massachusetts Press,,
books#volume,The Authentic Adam Smith,Economics,2007,2007,1,0.0,NOT_MATURE,NOT_FOR_SALE,W. W. Norton,,
books#volume,Economics,Economics,2008,2008,1,892.0,NOT_MATURE,NOT_FOR_SALE,Pearson Education,,
books#volume,The Collected Writings of John Maynard Keynes: A treatise on probability,Economics,1971,1971,1,0.0,NOT_MATURE,NOT_FOR_SALE,,,
books#volume,Models of My Life,Economics,1991,1991,1,415.0,NOT_MATURE,NOT_FOR_SALE,Basic Books (AZ),,
books#volume,The Concise Encyclopedia of Economics,Economics,2008,2008,1,660.0,NOT_MATURE,NOT_FOR_SALE,,,
books#volume,The Essence of Stigler,Economics,1986,1986,1,416.0,NOT_MATURE,NOT_FOR_SALE,Hoover Institution Press Publi,,
books#volume,Principles of Macroeconomics 2e,Economics,,,3,607.0,NOT_MATURE,NOT_FOR_SALE,,,
books#volume,The End of Work,Economics,1995,1995,1,372.0,NOT_MATURE,NOT_FOR_SALE,Tarcher,,
books#volume,An Outline of the History of Economic Thought,Economics,1993,1993,1,441.0,NOT_MATURE,NOT_FOR_SALE,,,
books#volume,Islam and Capitalism,Economics,1978,1978,1,340.0,NOT_MATURE,NOT_FOR_SALE,,,
books#volume,"Planning, Programming, Budgeting",Economics,1972,1972,2,442.0,NOT_MATURE,NOT_FOR_SALE,,,
books#volume,Principles of Economic Sociology,Economics,2003,2003,1,366.0,NOT_MATURE,NOT_FOR_SALE,,,
books#volume,An Introduction to Economic Reasoning,Economics,1956,1956,1,360.0,NOT_MATURE,NOT_FOR_SALE,,,
books#volume,Standardization: Mathematical Methods in Assortment Determination,Economics,1980-05-31,1980,1,264.0,NOT_MATURE,NOT_FOR_SALE,Springer,,
books#volume,International Finance and Open-Economy Macroeconomics,Economics,2016-07-22,2016,1,681.0,NOT_MATURE,NOT_FOR_SALE,Springer,,
books#volume,The Age of the Economist,Economics,1994,1994,1,212.0,NOT_MATURE,NOT_FOR_SALE,Addison Wesley Publishing Company,,
books#volume,Lives of the Caesars,Biography,2000,2000,1,458.0,NOT_MATURE,NOT_FOR_SALE,"Oxford University Press, USA",,
books#volume,Plutarch's Lives,Biography,1804,1804,1,406.0,NOT_MATURE,FREE,,,
books#volume,Pillars of Society,Biography,1930,1930,1,332.0,NOT_MATURE,NOT_FOR_SALE,,,
books#volume,The Lord of Uraniborg,Biography,1990,1990,2,537.0,NOT_MATURE,NOT_FOR_SALE,Cambridge University Press,,
books#volume,Plutarch's Lives,Biography,1883,1883,1,842.0,NOT_MATURE,FREE,,,
books#volume,"The Lives of the Noble Grecians and Romaines,",Biography,1579,1579,1,1214.0,NOT_MATURE,FREE,,,
books#volume,Plutarch's Lives,Biography,1859,1859,1,588.0,NOT_MATURE,FREE,,,
books#volume,Dictionary of Greek and Roman Biography and Mythology: Earinus-Nyx,Biography,1846,1846,1,1248.0,NOT_MATURE,FREE,,,
books#volume,Who's who in Roman Britain and Anglo-Saxon England,Biography,1989,1989,1,288.0,NOT_MATURE,NOT_FOR_SALE,Saint James Press,,
books#volume,Plutarch's Lives,Biography,1878,1878,1,478.0,NOT_MATURE,FREE,,,
books#volume,One Pair of Feet,Biography,1971,1971,1,232.0,NOT_MATURE,NOT_FOR_SALE,Heinemann,,
books#volume,Women on the Margins,Biography,1995,1995,1,402.0,NOT_MATURE,NOT_FOR_SALE,Harvard University Press,,
books#volume,New General Biographical Dictionary,Biography,1848,1848,1,562.0,NOT_MATURE,FREE,,,
books#volume,The Development of English Biography,Biography,1959,1959,1,168.0,NOT_MATURE,NOT_FOR_SALE,,,
books#volume,Plutarch's Lives,Biography,1892,1892,1,364.0,NOT_MATURE,FREE,,,
books#volume,A New General Biographical Dictionary,Biography,1857,1857,1,532.0,NOT_MATURE,FREE,,,
books#volume,Who's Who in the Ancient Near East,Biography,2001-09-27,2001,1,260.0,NOT_MATURE,NOT_FOR_SALE,Psychology Press,,
books#volume,A Short Life of Napoleon Bonaparte,Biography,1895,1895,1,266.0,NOT_MATURE,FREE,,,
books#volume,The Autobiography of Gerald of Wales,Biography,2005,2005,1,390.0,NOT_MATURE,NOT_FOR_SALE,Boydell Press,,
books#volume,General Biography,Biography,1808,1808,1,730.0,NOT_MATURE,FREE,,,
books#volume,Plutarch's Lives,Biography,1910,1910,1,610.0,NOT_MATURE,NOT_FOR_SALE,,,
books#volume,Plutarch's Lives,Biography,1911,1911,1,500.0,NOT_MATURE,NOT_FOR_SALE,,,
books#volume,A Fatal Passion,Biography,1997,1997,1,520.0,NOT_MATURE,NOT_FOR_SALE,Random House (NY),,
books#volume,What is a Gospel?,Biography,1977,1977,1,176.0,NOT_MATURE,NOT_FOR_SALE,Augsburg Fortress Publishing,,
books#volume,A Mother's Ordeal,Biography,1993,1993,1,360.0,NOT_MATURE,NOT_FOR_SALE,Houghton Mifflin Harcourt P,,
books#volume,Plutarch's Lives,Biography,1905,1905,1,538.0,NOT_MATURE,NOT_FOR_SALE,,,
books#volume,Edward Albee,Biography,1999,1999,1,472.0,NOT_MATURE,NOT_FOR_SALE,,,
books#volume,The Silent Steppe,Biography,2006,2006,1,376.0,NOT_MATURE,NOT_FOR_SALE,Stacey International Publishers,,
books#volume,"A Classical Dictionary of Greek and Roman Biography, Mythology and Geography",Biography,1925,1925,1,1038.0,NOT_MATURE,NOT_FOR_SALE,,,
books#volume,"A Classical Dictionary of Greek and Roman Biography, Mythology and Geography",Biography,1919,1919,1,1038.0,NOT_MATURE,NOT_FOR_SALE,,,
books#volume,Wise and Foolish Kings,Biography,1980,1980,1,432.0,NOT_MATURE,NOT_FOR_SALE,Doubleday Books,,
books#volume,Master Workers,Biography,1906,1906,1,386.0,NOT_MATURE,NOT_FOR_SALE,London : Methuen,,
books#volume,The Lives of the Noble Grecians and Romanes,Biography,1928,1928,3,,NOT_MATURE,NOT_FOR_SALE,,,
books#volume,Stalin,Biography,2004,2004,1,720.0,NOT_MATURE,NOT_FOR_SALE,,,
books#volume,Gustave Moreau,Biography,1977,1977,2,416.0,NOT_MATURE,NOT_FOR_SALE,,,
books#volume,Self-help,Biography,1958,1958,1,398.0,NOT_MATURE,NOT_FOR_SALE,Transatlantic Arts,,
books#volume,Mao,Biography,2005,2005,2,874.0,NOT_MATURE,NOT_FOR_SALE,Alfred A. Knopf,,
books#volume,"Evariste Galois, 1811-1832 (Matematica Sulle Barricate)",Biography,1996,1996,1,180.0,NOT_MATURE,NOT_FOR_SALE,Birkhauser,,
books#volume,Marie Curie,Biography,2017-03-02,2017,1,32.0,NOT_MATURE,NOT_FOR_SALE,Frances Lincoln Limited,,
books#volume,The Library of Historic Characters and Famous Events of All Nations and All Ages,Biography,1906,1906,0,430.0,NOT_MATURE,NOT_FOR_SALE,,,
books#volume,Louis Braille,Biography,1971,1971,1,84.0,NOT_MATURE,NOT_FOR_SALE,,,
books#volume,Society and Solitude,Biography,2007,2007,1,554.0,NOT_MATURE,NOT_FOR_SALE,Harvard University Press,,
books#volume,Dictionary of Scientific Biography,Biography,1975,1975,1,664.0,NOT_MATURE,NOT_FOR_SALE,,,
books#volume,"Eat, Pray, Love",Biography,2007-03-05,2007,1,385.0,NOT_MATURE,NOT_FOR_SALE,A&C Black,,
books#volume,Flights of Passage,Biography,1988,1988,1,280.0,NOT_MATURE,NOT_FOR_SALE,,,
books#volume,Dictionary of Greek and Roman Biography and Mythology: Earinus-Nyx,Biography,1844,1844,1,0.0,NOT_MATURE,NOT_FOR_SALE,,,
books#volume,Eminent Victorians,Biography,1918,1918,1,368.0,NOT_MATURE,NOT_FOR_SALE,,,
books#volume,John Von Neumann,Biography,1992,1992,1,418.0,NOT_MATURE,NOT_FOR_SALE,Pantheon,,
books#volume,Lives of the Eminent Philosophers,Biography,2018,2018,1,701.0,NOT_MATURE,NOT_FOR_SALE,Oxford University Press,,
books#volume,The Letters of Abelard and Heloise,Biography,1974,1974,1,296.0,NOT_MATURE,NOT_FOR_SALE,,,
books#volume,Albert Einstein,Biography,1998,1998,1,936.0,NOT_MATURE,NOT_FOR_SALE,Penguin (Non-Classics),,
books#volume,Puppetmaster,Biography,2004,2004,1,480.0,NOT_MATURE,NOT_FOR_SALE,New Millennium Press,,
books#volume,The Library of Historic Characters and Famous Events of All Nations and All Ages,Biography,1900,1900,3,426.0,NOT_MATURE,NOT_FOR_SALE,,,
books#volume,Autobiography of a Yogi,Biography,2019-12-24,2019,1,324.0,NOT_MATURE,NOT_FOR_SALE,,,
books#volume,Lord Byron's Life in Italy,Biography,2005,2005,1,730.0,NOT_MATURE,NOT_FOR_SALE,,,
books#volume,Dictionary of Indian Biography,Biography,1906,1906,1,528.0,NOT_MATURE,NOT_FOR_SALE,,,
books#volume,The Kings and Queens of England,Biography,2008,2008,1,0.0,NOT_MATURE,NOT_FOR_SALE,,,
books#volume,Biographical Dictionary of the Extreme Right Since 1890,Biography,1990,1990,1,448.0,NOT_MATURE,NOT_FOR_SALE,,,
books#volume,Footsteps to Fame,Biography,1874,1874,1,346.0,NOT_MATURE,FREE,,,
books#volume,Who's who in the Twentieth Century,Biography,1993,1993,0,230.0,NOT_MATURE,NOT_FOR_SALE,,,
books#volume,The Last Narco,Biography,2010,2010,1,0.0,NOT_MATURE,NOT_FOR_SALE,,,
books#volume,"A New Classical Dictionary of Greek and Roman Biography, Mythology and Geography",Biography,1883,1883,1,1039.0,NOT_MATURE,NOT_FOR_SALE,,,
books#volume,On Seas of Glory,Biography,2001,2001,1,496.0,NOT_MATURE,NOT_FOR_SALE,,,
books#volume,Alpine Warriors,Biography,2015,2015,1,336.0,NOT_MATURE,NOT_FOR_SALE,Rocky Mountain Books Ltd,,
books#volume,Einstein,Biography,2017-04-11,2017,1,704.0,NOT_MATURE,NOT_FOR_SALE,Simon and Schuster,,
books#volume,Fall of the Roman Republic,Biography,1958,1958,1,332.0,NOT_MATURE,NOT_FOR_SALE,,,
books#volume,Dictionary of World Biography,Biography,2022,2022,1,0.0,NOT_MATURE,NOT_FOR_SALE,,,
books#volume,Intertwined Lives,Biography,2003,2003,1,584.0,NOT_MATURE,NOT_FOR_SALE,Alfred A. Knopf,,
books#volume,Saint Thomas Aquinas: The person and his work,Biography,2005,2005,1,468.0,NOT_MATURE,NOT_FOR_SALE,CUA Press,,
books#volume,An Unquiet Mind,Biography,1996,1996,1,0.0,NOT_MATURE,NOT_FOR_SALE,,,
books#volume,After the Fact,Biography,1996-10,1996,1,212.0,NOT_MATURE,NOT_FOR_SALE,Harvard University Press,,
books#volume,Twelve Against the Gods,Biography,1930,1930,1,410.0,NOT_MATURE,NOT_FOR_SALE,Createspace Independent Publishing Platform,,
books#volume,"In ""Vanity Fair""",Biography,1982,1982,2,275.0,NOT_MATURE,NOT_FOR_SALE,Univ of California Press,,
books#volume,Plutarch's Lives. Translated from the Greek. With Notes and a Life of Plutarch,Biography,1880,1880,3,,NOT_MATURE,NOT_FOR_SALE,,,
books#volume,Alvin Ailey,Biography,1996-09-25,1996,1,504.0,NOT_MATURE,NOT_FOR_SALE,"Da Capo Press, Incorporated",,
books#volume,Medieval Lives,Biography,1994,1994,1,230.0,NOT_MATURE,NOT_FOR_SALE,,,
books#volume,Answer to History,Biography,1980,1980,1,204.0,NOT_MATURE,NOT_FOR_SALE,Stein & Day Pub,,
books#volume,My Left Foot,Biography,1954,1954,1,184.0,NOT_MATURE,NOT_FOR_SALE,Vintage,,
books#volume,Blessed Mother Teresa,Biography,2003,2003,1,0.0,NOT_MATURE,NOT_FOR_SALE,Liguori/Triumph,,
books#volume,Dark Lover,Biography,2003,2003,1,0.0,NOT_MATURE,NOT_FOR_SALE,Farrar Straus Giroux,,
books#volume,Shakespeare's Lives,Biography,2006,2006,1,612.0,NOT_MATURE,NOT_FOR_SALE,,,
books#volume,"Cecil Beaton, Stage and Film Designs",Biography,1975,1975,1,126.0,NOT_MATURE,NOT_FOR_SALE,London : Academy Editions ; New York : St. Martin's Press,,
books#volume,Men of Turmoil,Biography,1935,1935,1,398.0,NOT_MATURE,NOT_FOR_SALE,,,
books#volume,Mervyn Peake,Biography,2006,2006,3,224.0,NOT_MATURE,NOT_FOR_SALE,Peter Owen Publishers,,
books#volume,Chronicle of the Pulitzer Prizes for Biography,Biography,2006,2006,2,548.0,NOT_MATURE,NOT_FOR_SALE,De Gruyter Saur,,
books#volume,The Ella Fitzgerald Companion,Biography,1998,1998,1,248.0,NOT_MATURE,NOT_FOR_SALE,Schirmer Trade Books,,
books#volume,Plutarch's Lives Translated from the Original Greek,Biography,1873,1873,3,446.0,NOT_MATURE,FREE,,,
books#volume,Charles Darwin,Biography,1892,1892,1,372.0,NOT_MATURE,FREE,,,
books#volume,Plutarch's Lives,Biography,1883,1883,0,,NOT_MATURE,NOT_FOR_SALE,,,
books#volume,The Kennedys,Biography,1984,1984,2,574.0,NOT_MATURE,NOT_FOR_SALE,New York : Summit Books,,
books#volume,Invisible Privilege,Biography,2000,2000,1,248.0,NOT_MATURE,NOT_FOR_SALE,,,
books#volume,Rust in Peace,Biography,2021-09-07,2021,1,208.0,NOT_MATURE,NOT_FOR_SALE,,,
books#volume,"Alexander Fleming, the Man and the Myth",Biography,1984,1984,1,336.0,NOT_MATURE,NOT_FOR_SALE,,,
books#volume,100 Great Lives,Biography,1969,1969,1,768.0,NOT_MATURE,NOT_FOR_SALE,,,
books#volume,Customs and Characters,Biography,1982,1982,1,208.0,NOT_MATURE,NOT_FOR_SALE,George Weidenfeld & Nicholson,,
books#volume,Long Walk to Freedom,Biography,2014,2014,2,64.0,NOT_MATURE,NOT_FOR_SALE,Macmillan Children's Books,,
books#volume,Maybe You Should Talk to Someone,Biography,2019,2019,1,433.0,NOT_MATURE,NOT_FOR_SALE,Harper,,
books#volume,Plutarch's Lives,Biography,1874,1874,1,618.0,NOT_MATURE,NOT_FOR_SALE,,,
books#volume,Famous Men of the Middle Ages,Biography,1904,1904,2,284.0,NOT_MATURE,NOT_FOR_SALE,,,
books#volume,Richard Burton,Biography,2008-10-06,2008,1,273.0,NOT_MATURE,NOT_FOR_SALE,Skyhorse Publishing Inc.,,
books#volume,Loyalists and Loners,Biography,1986,1986,1,330.0,NOT_MATURE,NOT_FOR_SALE,HarperCollins,,
books#volume,Bombay Anna,Biography,2008-07-07,2008,1,296.0,NOT_MATURE,NOT_FOR_SALE,Univ of California Press,,
books#volume,A Moveable Feast,Biography,1996-05-29,1996,1,240.0,NOT_MATURE,NOT_FOR_SALE,Simon and Schuster,,
books#volume,Red Roulette,Biography,2022-09-06,2022,1,336.0,NOT_MATURE,NOT_FOR_SALE,Simon and Schuster,,
books#volume,The Reluctant Empress,Biography,2010,2010,1,0.0,NOT_MATURE,NOT_FOR_SALE,Faber & Faber,,
books#volume,Jacqueline Kennedy,Biography,2004,2004,1,296.0,NOT_MATURE,NOT_FOR_SALE,,,
books#volume,The Four Musketeers,Biography,2005,2005,2,236.0,NOT_MATURE,NOT_FOR_SALE,,,
books#volume,The Hermeneutics of Life History,Biography,1990,1990,1,186.0,NOT_MATURE,NOT_FOR_SALE,,,
books#volume,Memories of the Great & the Good,Biography,1999,1999,1,308.0,NOT_MATURE,NOT_FOR_SALE,Arcade Publishing,,
books#volume,I'm Glad My Mom Died,Biography,2022-08-09,2022,1,320.0,NOT_MATURE,NOT_FOR_SALE,Simon and Schuster,,
books#volume,Coco Chanel,Biography,2016-02-04,2016,1,32.0,NOT_MATURE,NOT_FOR_SALE,Frances Lincoln Children's Books,,
books#volume,Books in the Blood,Biography,2002,2002,1,328.0,NOT_MATURE,NOT_FOR_SALE,,,
books#volume,A Bibliography of Medical and Biomedical Biography,Biography,1989,1989,2,230.0,NOT_MATURE,NOT_FOR_SALE,,,
books#volume,Biographical Essays,Biography,1884,1884,1,302.0,NOT_MATURE,FREE,"London : Longmans, Green",,
books#volume,Joan of Arc,Biography,2014,2014,1,0.0,NOT_MATURE,NOT_FOR_SALE,,,
books#volume,Cleopatra,Biography,2008,2008,1,328.0,NOT_MATURE,NOT_FOR_SALE,Basic Civitas Books,,
books#volume,Queen of Scots,Biography,2005,2005,1,638.0,NOT_MATURE,NOT_FOR_SALE,Houghton Mifflin Harcourt,,
books#volume,The Truth About Tesla,Biography,2015-10-09,2015,1,202.0,NOT_MATURE,NOT_FOR_SALE,,,
books#volume,The Fatal Englishman,Biography,1996,1996,1,336.0,NOT_MATURE,NOT_FOR_SALE,Random House UK,,
books#volume,Memoirs of the Nigerian-Biafran Bureaucrat,Biography,2005,2005,1,304.0,NOT_MATURE,NOT_FOR_SALE,,,
books#volume,Hitler,Biography,1962,1962,1,856.0,NOT_MATURE,NOT_FOR_SALE,William S. Konecky Associates,,
books#volume,Mary Tudor,Biography,2008,2008,1,264.0,NOT_MATURE,NOT_FOR_SALE,,,
books#volume,The Women of the Cousins' War,Biography,2011-09-13,2011,3,354.0,NOT_MATURE,NOT_FOR_SALE,Simon and Schuster,,
books#volume,Self-help,Biography,1925,1925,1,488.0,NOT_MATURE,NOT_FOR_SALE,,,
books#volume,Steve Jobs,Biography,2015-09-15,2015,1,656.0,NOT_MATURE,NOT_FOR_SALE,Simon and Schuster,,
books#volume,May Her Likes be Multiplied,Biography,2001,2001,1,510.0,NOT_MATURE,NOT_FOR_SALE,,,
books#volume,"Elizabeth Stuart, Queen of Hearts",Biography,2021,2021,1,614.0,NOT_MATURE,NOT_FOR_SALE,Oxford University Press,,
books#volume,The Books of the Illustrious Henries,Biography,1858,1858,1,285.0,NOT_MATURE,NOT_FOR_SALE,,,
books#volume,Six Men,Biography,1995,1995,1,222.0,NOT_MATURE,NOT_FOR_SALE,Arcade Publishing,,
books#volume,Debussy,Biography,2018,2018,1,0.0,NOT_MATURE,NOT_FOR_SALE,Knopf Publishing Group,,
books#volume,Pauline Bonaparte,Biography,2009,2009,1,0.0,NOT_MATURE,NOT_FOR_SALE,Knopf Publishing Group,,
books#volume,Napoleon,Biography,2002,2002,1,220.0,NOT_MATURE,NOT_FOR_SALE,Viking Adult,,
books#volume,The Wright Brothers,Biography,2015-05-05,2015,1,336.0,NOT_MATURE,NOT_FOR_SALE,Simon and Schuster,,
books#volume,Edward Carpenter,Biography,2008,2008,1,590.0,NOT_MATURE,NOT_FOR_SALE,,,
books#volume,Bowie,Biography,2014-09-23,2014,1,320.0,NOT_MATURE,NOT_FOR_SALE,Simon and Schuster,,
books#volume,Who Were They?,Biography,1986,1986,0,136.0,NOT_MATURE,NOT_FOR_SALE,Simon & Schuster,,
books#volume,The Warrior Queens,Biography,1989,1989,1,432.0,NOT_MATURE,NOT_FOR_SALE,Knopf Publishing Group,,
books#volume,The Risks of Knowledge,Biography,2004,2004,2,360.0,NOT_MATURE,NOT_FOR_SALE,Ohio University Press,,
books#volume,Saint Patrick Retold,Biography,2019-03-05,2019,1,300.0,NOT_MATURE,NOT_FOR_SALE,Princeton University Press,,
books#volume,Chambers Biographical Dictionary,Biography,1984,1984,2,1144.0,NOT_MATURE,NOT_FOR_SALE,Larousse Kingfisher Chambers,,
books#volume,Chambers Biographical Dictionary,Biography,1984,1984,2,1144.0,NOT_MATURE,NOT_FOR_SALE,Larousse Kingfisher Chambers,,
books#volume,Iconoclast,Biography,2002-12-23,2002,1,430.0,NOT_MATURE,NOT_FOR_SALE,JHU Press,,
books#volume,Who's who in the Socialist Countries,Biography,1978,1978,2,762.0,NOT_MATURE,NOT_FOR_SALE,New York : K.G. Saur,,
books#volume,"Francis of Assisi - The Saint: Early Documents, vol. 1",Biography,1999,1999,3,608.0,NOT_MATURE,NOT_FOR_SALE,New City Press,,
books#volume,Florence Nightingale,Biography,2022-04-12,2022,1,32.0,NOT_MATURE,NOT_FOR_SALE,Frances Lincoln Limited,,
books#volume,The Seven Husbands of Evelyn Hugo: Deluxe Edition Hardcover,Biography,2024-10-29,2024,1,400.0,NOT_MATURE,NOT_FOR_SALE,Simon and Schuster,,
books#volume,Lotte Lehmann. 1888-1976. [Mit Tab.] (1. Publ. in Great Britain.),Biography,1988,1988,1,366.0,NOT_MATURE,NOT_FOR_SALE,,,
books#volume,The Rise and Fall of Osama Bin Laden,Biography,2021-08-03,2021,1,416.0,NOT_MATURE,NOT_FOR_SALE,Simon and Schuster,,
books#volume,Out of My Later Years,Biography,1950,1950,1,262.0,NOT_MATURE,NOT_FOR_SALE,New York : Philosophical Library,,
books#volume,The Shah,Biography,2012-05-22,2012,1,497.0,NOT_MATURE,NOT_FOR_SALE,Macmillan,,
books#volume,The Unmasking of Oscar Wilde,Biography,2004,2004,1,424.0,NOT_MATURE,NOT_FOR_SALE,,,
books#volume,The Drowned and the Saved,Biography,2017-06-20,2017,1,208.0,NOT_MATURE,NOT_FOR_SALE,Simon and Schuster,,
books#volume,What Are the Gospels?,Biography,2020-03,2020,2,0.0,NOT_MATURE,NOT_FOR_SALE,,,
books#volume,Who's Who in the New Testament,Biography,2002,2002,1,362.0,NOT_MATURE,NOT_FOR_SALE,Psychology Press,,
books#volume,The Eaves of Heaven,Biography,2008,2008,1,328.0,NOT_MATURE,NOT_FOR_SALE,Harmony,,
books#volume,Beria,Biography,1993,1993,1,344.0,NOT_MATURE,NOT_FOR_SALE,Princeton University Press,,
books#volume,The Good Son,Biography,2015-06-09,2015,1,368.0,NOT_MATURE,NOT_FOR_SALE,Simon and Schuster,,
books#volume,Wild Bill,Biography,2003,2003,1,760.0,NOT_MATURE,NOT_FOR_SALE,Random House (NY),,
books#volume,Wild Swans,Biography,1993,1993,1,696.0,NOT_MATURE,NOT_FOR_SALE,HarperPerennial,,
books#volume,White Fury,Biography,2018,2018,1,312.0,NOT_MATURE,NOT_FOR_SALE,,,
books#volume,Broken Music,Autobiography,2003,2003,1,360.0,NOT_MATURE,NOT_FOR_SALE,Cambridge University Press,,
books#volume,Miles,Autobiography,1990-09-15,1990,2,452.0,NOT_MATURE,NOT_FOR_SALE,Simon and Schuster,,
books#volume,Boy,Autobiography,1984,1984,1,180.0,NOT_MATURE,NOT_FOR_SALE,Puffin,,
books#volume,The Turning Key,Autobiography,1984,1984,1,216.0,NOT_MATURE,NOT_FOR_SALE,"Cambridge, Mass. : Harvard University Press",,
books#volume,Autobiography of a Geisha,Autobiography,2003,2003,1,212.0,NOT_MATURE,NOT_FOR_SALE,Columbia University Press,,
books#volume,Encyclopedia of Life Writing,Autobiography,2013-12-04,2013,1,1141.0,NOT_MATURE,NOT_FOR_SALE,Routledge,,
books#volume,"The Autobiography of Charles Darwin, 1809-1882",Autobiography,1959,1959,1,268.0,NOT_MATURE,NOT_FOR_SALE,,,
books#volume,The Autobiography of Benjamin Franklin,Autobiography,1994,1994,1,228.0,NOT_MATURE,NOT_FOR_SALE,,,
books#volume,The Confessions of Jean-Jacques Rousseau,Autobiography,1923,1923,1,454.0,NOT_MATURE,NOT_FOR_SALE,,,
books#volume,A Woman in Berlin,Autobiography,2006-07-11,2006,0,292.0,NOT_MATURE,NOT_FOR_SALE,SAGE Publications,,
books#volume,What Little I Remember,Autobiography,1980-09-30,1980,1,244.0,NOT_MATURE,NOT_FOR_SALE,Cambridge University Press,,
books#volume,Confessions of a Prosaic Dreamer,Autobiography,1984,1984,1,184.0,NOT_MATURE,FREE,"Durham, N.C. : Duke University Press",,
books#volume,The London Adventure,Autobiography,1924,1924,1,184.0,NOT_MATURE,NOT_FOR_SALE,,,
books#volume,The Auto/biographical I,Autobiography,1992,1992,1,304.0,NOT_MATURE,NOT_FOR_SALE,,,
books#volume,Markings,Autobiography,1976,1976,1,302.0,NOT_MATURE,NOT_FOR_SALE,G. K. Hall,,
books#volume,Anne Frank,Autobiography,1974,1974,2,90.0,NOT_MATURE,NOT_FOR_SALE,,,
books#volume,The Million Dollar Mermaid,Autobiography,1999,1999,2,456.0,NOT_MATURE,NOT_FOR_SALE,,,
books#volume,Consuming Autobiographies,Autobiography,2007,2007,1,186.0,NOT_MATURE,NOT_FOR_SALE,MHRA,,
books#volume,Early Modern English Lives,Autobiography,2007,2007,3,264.0,NOT_MATURE,NOT_FOR_SALE,Routledge,,
books#volume,H is for Hawk,Autobiography,2014,2014,1,300.0,NOT_MATURE,NOT_FOR_SALE,,,
books#volume,H is for Hawk,Autobiography,2014,2014,1,300.0,NOT_MATURE,NOT_FOR_SALE,,,
books#volume,Indigenous Biography and Autobiography,Autobiography,2008-12-01,2008,3,190.0,NOT_MATURE,NOT_FOR_SALE,ANU E Press,,
books#volume,The Situation and the Story,Autobiography,2001,2001,1,186.0,NOT_MATURE,NOT_FOR_SALE,Macmillan,,
books#volume,Born a Crime,Autobiography,2017-09,2017,1,288.0,NOT_MATURE,NOT_FOR_SALE,Spiegel & Grau,,
books#volume,Autobiography,Autobiography,2008,2008,1,468.0,NOT_MATURE,NOT_FOR_SALE,,,
books#volume,Making Meaning of Narratives,Autobiography,1999-04-05,1999,2,299.0,NOT_MATURE,NOT_FOR_SALE,SAGE,,
books#volume,Spaces of Belonging,Autobiography,2007,2007,1,318.0,NOT_MATURE,FOR_SALE,Rodopi,31.7,GBP
books#volume,Autobiography and Gender in Early Modern Literature,Autobiography,2006-03-02,2006,1,236.0,NOT_MATURE,NOT_FOR_SALE,Cambridge University Press,,
books#volume,Memoirs of an Aesthete,Autobiography,1948,1948,1,450.0,NOT_MATURE,NOT_FOR_SALE,Methuen Publishing,,
books#volume,Transatlantic Manners,Autobiography,1990-05-17,1990,1,264.0,NOT_MATURE,NOT_FOR_SALE,Cambridge University Press,,
books#volume,Long Walk to Freedom,Autobiography,2009,2009,2,64.0,NOT_MATURE,NOT_FOR_SALE,MacMillan Children's Books,,
books#volume,The Grammar of Autobiography,Autobiography,2000,2000,1,232.0,NOT_MATURE,NOT_FOR_SALE,Psychology Press,,
books#volume,Living Autobiographically,Autobiography,2008,2008,1,216.0,NOT_MATURE,NOT_FOR_SALE,,,
books#volume,The Radical Soldier's Tale,Autobiography,1988,1988,1,324.0,NOT_MATURE,NOT_FOR_SALE,,,
books#volume,The Diary of a Young Girl,Autobiography,1952,1952,1,306.0,NOT_MATURE,NOT_FOR_SALE,Bantam,,
books#volume,Nothing is Impossible,Autobiography,2002,2002,1,200.0,NOT_MATURE,NOT_FOR_SALE,"Random House Digital, Inc.",,
books#volume,Being in the Text,Autobiography,1984,1984,1,200.0,NOT_MATURE,NOT_FOR_SALE,"Ithaca, N.Y. : Cornell University Press",,
books#volume,Memories and Adventures,Autobiography,1930,1930,1,472.0,NOT_MATURE,NOT_FOR_SALE,,,
books#volume,Autobiography of a Yogi,Autobiography,2018-04,2018,1,376.0,NOT_MATURE,NOT_FOR_SALE,Digireads.com,,
books#volume,The Poet as Filmmaker,Autobiography,1973,1973,1,392.0,NOT_MATURE,NOT_FOR_SALE,"Cambridge, Mass. : MIT Press",,
books#volume,Imagining a Self,Autobiography,1976,1976,1,358.0,NOT_MATURE,NOT_FOR_SALE,"Cambridge, Mass. : Harvard University Press",,
books#volume,Revolution and Women's Autobiography in Nineteenth-century France,Autobiography,2004,2004,1,200.0,NOT_MATURE,FOR_SALE,Rodopi,20.12,GBP
books#volume,The House of the Dead,Autobiography,1962,1962,1,0.0,NOT_MATURE,NOT_FOR_SALE,,,
books#volume,Aged by Culture,Autobiography,2004-01-15,2004,1,278.0,NOT_MATURE,NOT_FOR_SALE,University of Chicago Press,,
books#volume,Between the World and Me,Autobiography,2015,2015,1,0.0,NOT_MATURE,NOT_FOR_SALE,,,
books#volume,A. P. H.: His Life and Times,Autobiography,1970,1970,1,388.0,NOT_MATURE,NOT_FOR_SALE,Heinemann Educational Books,,
books#volume,Mr. Home Pronounced Hume,Autobiography,1979,1979,1,244.0,NOT_MATURE,NOT_FOR_SALE,HarperCollins,,
books#volume,Night,Autobiography,2006,2006,1,0.0,NOT_MATURE,NOT_FOR_SALE,Turtleback Books,,
books#volume,My Life,Autobiography,1975,1975,1,504.0,NOT_MATURE,NOT_FOR_SALE,New York : Putnam,,
books#volume,Preminger,Autobiography,1977,1977,1,258.0,NOT_MATURE,NOT_FOR_SALE,"Garden City, N.Y. : Doubleday",,
books#volume,The Shaping of a Behaviorist,Autobiography,1979,1979,1,402.0,NOT_MATURE,NOT_FOR_SALE,Alfred A. Knopf,,
books#volume,The Madame Paul Affair,Autobiography,2000,2000,1,54.0,NOT_MATURE,NOT_FOR_SALE,,,
books#volume,Mau Mau Memoirs,Autobiography,1998,1998,1,300.0,NOT_MATURE,NOT_FOR_SALE,Lynne Rienner Publishers,,
books#volume,The Hiding Place,Autobiography,1987-06-01,1987,3,216.0,NOT_MATURE,NOT_FOR_SALE,Barbour Pub Incorporated,,
books#volume,Girl Singer,Autobiography,1999,1999,2,376.0,NOT_MATURE,NOT_FOR_SALE,Doubleday Books,,
books#volume,Charles Darwin,Autobiography,1892,1892,1,372.0,NOT_MATURE,FREE,,,
books#volume,Egodocuments and History,Autobiography,2002,2002,1,196.0,NOT_MATURE,NOT_FOR_SALE,Uitgeverij Verloren,,
books#volume,The Confessions of Jean-Jacques Rousseau,Autobiography,1924,1924,1,0.0,NOT_MATURE,NOT_FOR_SALE,,,
books#volume,How Our Lives Become Stories,Autobiography,1999,1999,1,228.0,NOT_MATURE,NOT_FOR_SALE,Cornell University Press,,
books#volume,Confessions of an English Opium-eater,Autobiography,1821,1821,1,233.0,NOT_MATURE,NOT_FOR_SALE,,,
books#volume,Of Self and Nation,Autobiography,2000,2000,1,0.0,NOT_MATURE,NOT_FOR_SALE,University of Hawaii Press,,
books#volume,Growing Up in British India,Autobiography,1983,1983,1,200.0,NOT_MATURE,NOT_FOR_SALE,Holmes & Meier Publishers,,
books#volume,Hamlet's Dresser,Autobiography,2002,2002,1,300.0,NOT_MATURE,NOT_FOR_SALE,Scribner Book Company,,
books#volume,The Life Writing of Otherness,Autobiography,2002,2002,1,207.0,NOT_MATURE,NOT_FOR_SALE,Psychology Press,,
books#volume,Reading Autobiography,Autobiography,2001,2001,1,318.0,NOT_MATURE,NOT_FOR_SALE,U of Minnesota Press,,
books#volume,'Surely You're Joking Mr Feynman!',Autobiography,2012,2012,2,356.0,NOT_MATURE,NOT_FOR_SALE,,,
books#volume,I Can Jump Puddles,Autobiography,2004,2004,2,248.0,NOT_MATURE,NOT_FOR_SALE,Penguin Books,,
books#volume,My Life,Autobiography,2002,2002,1,180.0,NOT_MATURE,NOT_FOR_SALE,,,
books#volume,Yeats's Myth of Self,Autobiography,1987-06,1987,1,162.0,NOT_MATURE,NOT_FOR_SALE,Rowman & Littlefield Publishers,,
books#volume,Eastern Approaches,Autobiography,1991,1991,1,543.0,NOT_MATURE,NOT_FOR_SALE,,,
books#volume,Echoes of an Autobiography,Autobiography,1997,1997,1,152.0,NOT_MATURE,NOT_FOR_SALE,Doubleday Books,,
books#volume,Right Turns,Autobiography,2004,2004,1,464.0,NOT_MATURE,NOT_FOR_SALE,"Random House Digital, Inc.",,
books#volume,London Calling,Autobiography,1992,1992,1,240.0,NOT_MATURE,NOT_FOR_SALE,,,
books#volume,Iacocca,Autobiography,1984,1984,2,404.0,NOT_MATURE,NOT_FOR_SALE,,,
books#volume,Time Enough for Love,Autobiography,1973,1973,1,589.0,NOT_MATURE,NOT_FOR_SALE,,,
books#volume,The Twelve Little Cakes,Autobiography,2004,2004,1,378.0,NOT_MATURE,NOT_FOR_SALE,Riverhead Books (Hardcover),,
books#volume,The Life and Letters of Charles Darwin,Autobiography,1887,1887,1,570.0,NOT_MATURE,FREE,,,
books#volume,Gertrude Stein,Autobiography,1979,1979,1,100.0,NOT_MATURE,NOT_FOR_SALE,"English Literary Studies, University of Victoria",,
books#volume,"Diaries and Letters, 1939-1945",Autobiography,1967,1967,1,511.0,NOT_MATURE,NOT_FOR_SALE,London : Collins,,
books#volume,The Sum of Our Days,Autobiography,2008-04,2008,1,328.0,NOT_MATURE,NOT_FOR_SALE,Harper,,
books#volume,The Life and Letters of Charles Darwin,Autobiography,1888,1888,1,424.0,NOT_MATURE,FREE,,,
books#volume,My Invented Country,Autobiography,2020-09-29,2020,1,224.0,NOT_MATURE,NOT_FOR_SALE,HarperVia,,
books#volume,Hermann Hesse's Fictions of the Self,Autobiography,2016-04-03,2016,1,362.0,NOT_MATURE,NOT_FOR_SALE,Princeton Legacy Library,,
books#volume,The Africa Letters,Autobiography,1988-01-01,1988,2,197.0,NOT_MATURE,NOT_FOR_SALE,St Martins Press,,
books#volume,The Victorian Self,Autobiography,1989,1989,1,224.0,NOT_MATURE,NOT_FOR_SALE,"Ithaca, N.Y. : Cornell University Press",,
books#volume,Keeping Your Personal Journal,Autobiography,1978,1978,1,162.0,NOT_MATURE,NOT_FOR_SALE,,,
books#volume,Subjectivities,Autobiography,1991,1991,1,334.0,NOT_MATURE,NOT_FOR_SALE,"Oxford University Press, USA",,
books#volume,She who Pays,Autobiography,1969,1969,1,214.0,NOT_MATURE,NOT_FOR_SALE,J.M. Dent & Sons,,
books#volume,The Original Sin,Autobiography,1974,1974,1,390.0,NOT_MATURE,NOT_FOR_SALE,,,
books#volume,Rousseau and Romantic Autobiography,Autobiography,1983,1983,1,272.0,NOT_MATURE,NOT_FOR_SALE,Oxford [Oxfordshire] : Oxford University Press,,
books#volume,The Downing Street Years,Autobiography,1993,1993,1,970.0,NOT_MATURE,NOT_FOR_SALE,HarperCollins Publishers,,
books#volume,Patterns of Experience in Autobiography,Autobiography,1984,1984,1,248.0,NOT_MATURE,NOT_FOR_SALE,Chapel Hill : University of North Carolina Press,,
books#volume,Living My Life,Autobiography,1970,1970,1,532.0,NOT_MATURE,NOT_FOR_SALE,Courier Corporation,,
books#volume,Free Fall,Autobiography,1962,1962,1,264.0,NOT_MATURE,NOT_FOR_SALE,Mariner Books,,
books#volume,Narcissus Absconditus,Autobiography,1978,1978,1,32.0,NOT_MATURE,NOT_FOR_SALE,,,
books#volume,When I was Old,Autobiography,1971,1971,1,366.0,NOT_MATURE,NOT_FOR_SALE,Houghton Mifflin Harcourt P,,
books#volume,Red Notice,Autobiography,2015-02-03,2015,1,416.0,NOT_MATURE,NOT_FOR_SALE,Simon and Schuster,,
books#volume,Threads of Life,Autobiography,2001-02,2001,1,416.0,NOT_MATURE,NOT_FOR_SALE,University of Chicago Press,,
books#volume,Typee,Autobiography,1965,1965,1,255.0,NOT_MATURE,NOT_FOR_SALE,,,
books#volume,Survivor,Autobiography,2000,2000,1,289.0,NOT_MATURE,NOT_FOR_SALE,,,
books#volume,The Romantic Subject in Autobiography,Autobiography,2000,2000,1,302.0,MATURE,NOT_FOR_SALE,University of Virginia Press,,
books#volume,Do No Harm,Autobiography,2015-05-26,2015,1,289.0,NOT_MATURE,NOT_FOR_SALE,Macmillan,,
books#volume,Touching the World,Autobiography,1992,1992,1,249.0,NOT_MATURE,NOT_FOR_SALE,,,
books#volume,Writing as Resistance,Autobiography,1997,1997,1,232.0,NOT_MATURE,NOT_FOR_SALE,Penn State University Press,,
books#volume,Verity,Autobiography,2018-12-10,2018,1,332.0,NOT_MATURE,NOT_FOR_SALE,Independently Published,,
books#volume,Day & Night,Autobiography,1998,1998,1,240.0,NOT_MATURE,NOT_FOR_SALE,,,
books#volume,My Way of Life,Autobiography,1971-01-01,1971,1,224.0,NOT_MATURE,NOT_FOR_SALE,Simon & Schuster,,
books#volume,Fictions in Autobiography,Autobiography,1985,1985,1,288.0,NOT_MATURE,NOT_FOR_SALE,"Princeton, N.J. : Princeton University Press",,
books#volume,Autobiographical Jews,Autobiography,2004,2004,1,240.0,NOT_MATURE,NOT_FOR_SALE,University of Washington Press,,
books#volume,Life-Writing,Autobiography,1995-01-01,1995,1,92.0,NOT_MATURE,NOT_FOR_SALE,University of Hawaii Press,,
books#volume,Bluebeard,Autobiography,1987,1987,1,320.0,NOT_MATURE,NOT_FOR_SALE,New York : Delacorte Press,,
books#volume,Relating Narratives,Autobiography,2000,2000,1,182.0,NOT_MATURE,NOT_FOR_SALE,Psychology Press,,
books#volume,I Know why the Caged Bird Sings,Autobiography,1997,1997,1,289.0,NOT_MATURE,NOT_FOR_SALE,,,
books#volume,Letters to Paula,Autobiography,1972,1972,2,288.0,NOT_MATURE,NOT_FOR_SALE,[Pennsylvania] : University of Pittsburgh Press,,
books#volume,Narrative and Genre,Autobiography,2002-11,2002,2,218.0,NOT_MATURE,NOT_FOR_SALE,Routledge,,
books#volume,Mapping the Private Geography,Autobiography,2001,2001,1,176.0,NOT_MATURE,NOT_FOR_SALE,,,
books#volume,Interfaces,Autobiography,2002,2002,2,504.0,NOT_MATURE,NOT_FOR_SALE,,,
books#volume,A Curious Mind,Autobiography,2015-04-07,2015,2,320.0,NOT_MATURE,NOT_FOR_SALE,Simon and Schuster,,
books#volume,Autobiography,Autobiography,1998,1998,1,268.0,NOT_MATURE,NOT_FOR_SALE,University of Michigan Press,,
books#volume,"History, Historians, and Autobiography",Autobiography,2005-05-09,2005,1,350.0,NOT_MATURE,NOT_FOR_SALE,University of Chicago Press,,
books#volume,Interpreting the Self,Autobiography,1998,1998,1,286.0,NOT_MATURE,NOT_FOR_SALE,University of Chicago Press,,
books#volume,Autobiography,Autobiography,1993,1993,1,208.0,NOT_MATURE,NOT_FOR_SALE,Macmillan Reference USA,,
books#volume,The Moon and Sixpence,Autobiography,1997-03,1997,1,214.0,NOT_MATURE,NOT_FOR_SALE,Random House (UK),,
books#volume,Meetings with Remarkable Men,Autobiography,1969,1969,1,324.0,NOT_MATURE,NOT_FOR_SALE,Plume Books,,
books#volume,Rousseau: Confessions,Autobiography,1987,1987,1,132.0,NOT_MATURE,NOT_FOR_SALE,Cambridge University Press,,
books#volume,A Not-so-still Life,Autobiography,1984,1984,1,312.0,NOT_MATURE,NOT_FOR_SALE,St. Martin's Press,,
books#volume,Inside the Steel Frame,Autobiography,1995,1995,1,294.0,NOT_MATURE,NOT_FOR_SALE,Vikas Publishing House Private,,
books#volume,The Brooklyn Follies,Autobiography,2006-10-17,2006,1,326.0,NOT_MATURE,NOT_FOR_SALE,Macmillan,,
books#volume,Rousseau's Legacy,Autobiography,1995,1995,1,315.0,NOT_MATURE,NOT_FOR_SALE,,,
books#volume,The Experience of Modernity,Autobiography,2003,2003,1,209.0,NOT_MATURE,NOT_FOR_SALE,University of Michigan Press,,
books#volume,My Life So Far,Autobiography,2005,2005,1,628.0,NOT_MATURE,NOT_FOR_SALE,"Random House Digital, Inc.",,
books#volume,The Glass Castle,Autobiography,2017-07-11,2017,1,320.0,NOT_MATURE,NOT_FOR_SALE,Simon and Schuster,,
books#volume,Personal Matters,Autobiography,2004,2004,1,308.0,NOT_MATURE,NOT_FOR_SALE,Stanford University Press,,
books#volume,Shackleton and the Lost Antarctic Expedition,Autobiography,2019-05,2019,1,36.0,NOT_MATURE,NOT_FOR_SALE,Capstone,,
books#volume,Desert Solitaire,Autobiography,1990-01-15,1990,1,292.0,NOT_MATURE,NOT_FOR_SALE,Simon and Schuster,,
books#volume,Testament of Youth,Autobiography,2015,2015,1,0.0,NOT_MATURE,NOT_FOR_SALE,Editeurs divers Royaume-Uni & Irlande,,
books#volume,Call the Midwife,Autobiography,2002,2002,1,294.0,NOT_MATURE,NOT_FOR_SALE,,,
books#volume,I Want to Die But I Still Want to Eat Tteokbokki,Autobiography,2024-08-06,2024,1,0.0,NOT_MATURE,NOT_FOR_SALE,Bloomsbury Publishing,,
books#volume,In Manchuria,Autobiography,2015-03-01,2015,1,352.0,NOT_MATURE,NOT_FOR_SALE,,,
books#volume,Samuel Johnson and Biographical Thinking,Autobiography,1991,1991,1,212.0,NOT_MATURE,NOT_FOR_SALE,University of Missouri Press,,
books#volume,My Story,Autobiography,1974,1974,1,154.0,NOT_MATURE,NOT_FOR_SALE,Scarborough House,,
books#volume,On Autobiography,Autobiography,1989,1989,2,289.0,NOT_MATURE,NOT_FOR_SALE,Minneapolis : University of Minnesota Press,,
books#volume,Books,Autobiography,2008,2008,1,275.0,NOT_MATURE,NOT_FOR_SALE,Simon and Schuster,,
books#volume,I Could Tell You Stories,Autobiography,2000,2000,1,240.0,NOT_MATURE,NOT_FOR_SALE,W. W. Norton & Company,,
books#volume,My Year,Autobiography,1994,1994,1,63.0,NOT_MATURE,NOT_FOR_SALE,Viking Press,,
books#volume,Jack Nicklaus,Autobiography,1997-04-16,1997,2,520.0,NOT_MATURE,NOT_FOR_SALE,Simon and Schuster,,
books#volume,Long Walk to Freedom,Autobiography,1994,1994,1,0.0,NOT_MATURE,NOT_FOR_SALE,,,
books#volume,Living to Tell the Tale,Autobiography,2003,2003,1,583.0,NOT_MATURE,NOT_FOR_SALE,Knopf,,
books#volume,Putting the Record Straight,Autobiography,1982,1982,1,374.0,NOT_MATURE,NOT_FOR_SALE,Viking Adult,,
books#volume,The Exploits of Moominpappa,Autobiography,1978,1978,1,156.0,NOT_MATURE,NOT_FOR_SALE,Avon Books,,
books#volume,Memory and Narrative,Autobiography,1998,1998,1,2.0,NOT_MATURE,NOT_FOR_SALE,University of Chicago Press,,
books#volume,Above the Line,Autobiography,2016-03,2016,1,224.0,NOT_MATURE,NOT_FOR_SALE,Simon and Schuster,,
books#volume,The Book of Disquiet,Autobiography,1998,1998,1,0.0,NOT_MATURE,NOT_FOR_SALE,,,
books#volume,My Autobiography,Autobiography,1964,1964,1,520.0,NOT_MATURE,NOT_FOR_SALE,New York : Simon and Schuster,,
books#volume,Life-Writing,Autobiography,1995-01-01,1995,1,92.0,NOT_MATURE,NOT_FOR_SALE,University of Hawaii Press,,
books#volume,"Sartre, Les Mots",Autobiography,1987,1987,1,94.0,NOT_MATURE,NOT_FOR_SALE,Foyles,,
books#volume,Autobiographical Voices,Autobiography,1989,1989,1,288.0,NOT_MATURE,NOT_FOR_SALE,Ithaca : Cornell University Press,,
books#volume,Unfinished,Autobiography,2021,2021,1,282.0,NOT_MATURE,NOT_FOR_SALE,,,
books#volume,Memoirs of a Dutiful Daughter,Autobiography,1963,1963,1,365.0,NOT_MATURE,NOT_FOR_SALE,Penguin Classics,,
books#volume,The Unvarnished Truth,Autobiography,2000,2000,1,271.0,NOT_MATURE,NOT_FOR_SALE,Univ of California Press,,
books#volume,Metalwork in Medieval Islamic Art,Art,1983-01-01,1983,1,400.0,NOT_MATURE,NOT_FOR_SALE,SUNY Press,,
books#volume,The Art of Ceramics,Art,2001-01-01,2001,1,272.0,NOT_MATURE,NOT_FOR_SALE,Yale University Press,,
books#volume,"Architecture in Britain, 1530 to 1830",Art,1977,1977,1,622.0,NOT_MATURE,NOT_FOR_SALE,Puffin Books,,
books#volume,Art Under Control in North Korea,Art,2005-08-15,2005,1,196.0,NOT_MATURE,NOT_FOR_SALE,Reaktion Books,,
books#volume,The Parthenon Frieze,Art,1994,1994,1,134.0,NOT_MATURE,NOT_FOR_SALE,,,
books#volume,Dead Souls,Art,2018-05-31,2018,1,266.0,NOT_MATURE,NOT_FOR_SALE,Lulu.com,,
books#volume,France in the Golden Age,Art,1982,1982,2,420.0,NOT_MATURE,NOT_FOR_SALE,Metropolitan Museum of Art,,
books#volume,三國志演義 : Romance of the three kingdoms,Art,,,1,1242.0,NOT_MATURE,FOR_SALE,พีเคพิงเคียว,4.49,GBP
books#volume,Treasures of the British Library,Art,2005,2005,1,288.0,NOT_MATURE,NOT_FOR_SALE,,,
books#volume,Modernism - Dada - Postmodernism,Art,2000,2000,1,516.0,NOT_MATURE,NOT_FOR_SALE,Northwestern University Press,,
books#volume,Robert Smithson,Art,1996-04-10,1996,1,422.0,NOT_MATURE,NOT_FOR_SALE,University of California Press,,
books#volume,The Oxford Handbook of the Archaeology and Anthropology of Rock Art,Art,2018-10-17,2018,2,1185.0,NOT_MATURE,FOR_SALE,Oxford University Press,67.71,GBP
books#volume,Colour,Art,1985-07-21,1985,1,240.0,NOT_MATURE,NOT_FOR_SALE,Princeton University Press,,
books#volume,Roman Art,Art,1991,1991,2,314.0,NOT_MATURE,NOT_FOR_SALE,ABRAMS,,
books#volume,Mary Magdalen,Art,1994,1994,1,550.0,NOT_MATURE,NOT_FOR_SALE,Houghton Mifflin Harcourt P,,
books#volume,Divine Heiress,Art,2002-03-11,2002,1,221.0,NOT_MATURE,FOR_SALE,Routledge,47.59,GBP
books#volume,"The Nature of Cultural Heritage, and the Culture of Natural Heritage",Art,2013-10-18,2013,2,100.0,NOT_MATURE,NOT_FOR_SALE,Routledge,,
books#volume,Fragments of the World: Uses of Museum Collections,Art,2006-08-11,2006,1,214.0,NOT_MATURE,FOR_SALE,Routledge,41.19,GBP
books#volume,Rubá'iyát of Omar Khayyám,Art,2023-07-18,2023,3,0.0,NOT_MATURE,NOT_FOR_SALE,Legare Street Press,,
books#volume,Angkor,Art,1970,1970,1,184.0,NOT_MATURE,NOT_FOR_SALE,Pantheon,,
books#volume,Jerusalem Architecture,Art,1994,1994,1,224.0,NOT_MATURE,NOT_FOR_SALE,Vendome Press,,
books#volume,Henry Fuseli,Art,2001,2001,2,80.0,NOT_MATURE,NOT_FOR_SALE,,,
books#volume,Escher on Escher,Art,1989-03-25,1989,1,166.0,NOT_MATURE,NOT_FOR_SALE,,,
books#volume,The Handbook of Tibetan Buddhist Symbols,Art,2003,2003,0,284.0,NOT_MATURE,NOT_FOR_SALE,"Serindia Publications, Inc.",,
books#volume,A Dictionary of Literary Symbols,Art,1999-11-04,1999,1,288.0,NOT_MATURE,NOT_FOR_SALE,,,
books#volume,The Æsthetic Attitude,Art,1920,1920,1,344.0,NOT_MATURE,NOT_FOR_SALE,,,
books#volume,Literary Into Cultural Studies,Art,1991,1991,1,202.0,NOT_MATURE,NOT_FOR_SALE,,,
books#volume,Martin Eden,Art,2020-12-15,2020,1,246.0,NOT_MATURE,NOT_FOR_SALE,,,
books#volume,From Good Goddess to Vestal Virgins,Art,2013-02-01,2013,1,236.0,NOT_MATURE,FOR_SALE,Routledge,47.59,GBP
books#volume,Kimono Design,Art,2017-05-16,2017,1,393.0,NOT_MATURE,NOT_FOR_SALE,Tuttle Publishing,,
books#volume,The Decay of Lying,Art,2022-04-18,2022,1,39.0,NOT_MATURE,FOR_SALE,Lindhardt og Ringhof,1.96,GBP
books#volume,Electrifying Art,Art,2004,2004,4,136.0,NOT_MATURE,NOT_FOR_SALE,,,
books#volume,Caravaggio,Art,1993,1993,2,60.0,NOT_MATURE,NOT_FOR_SALE,Paul Holberton Publishing,,
books#volume,Letters of Vincent Van Gogh,Art,2008-11-18,2008,1,374.0,NOT_MATURE,NOT_FOR_SALE,Touchstone Books,,
books#volume,The Hieroglyphics of Space,Art,2005-06-29,2005,1,324.0,NOT_MATURE,FOR_SALE,Routledge,35.59,GBP
books#volume,Pleasures Taken,Art,1995,1995,1,212.0,MATURE,NOT_FOR_SALE,Duke University Press,,
books#volume,The Cubist Epoch,Art,1971,1971,3,322.0,NOT_MATURE,NOT_FOR_SALE,Metropolitan Museum of Art,,
books#volume,The Sublime is Now,Art,1994,1994,2,126.0,NOT_MATURE,NOT_FOR_SALE,,,
books#volume,Silent Theater,Art,2007-06-05,2007,1,0.0,NOT_MATURE,NOT_FOR_SALE,Phaidon Press,,
books#volume,Drawings by Leonardo Da Vinci,Art,2021-09-09,2021,3,78.0,NOT_MATURE,NOT_FOR_SALE,Legare Street Press,,
books#volume,Cultural Studies,Art,2006-02-15,2006,1,,NOT_MATURE,NOT_FOR_SALE,Routledge,,
books#volume,Interpreting Cézanne,Art,1988,1988,1,320.0,NOT_MATURE,NOT_FOR_SALE,,,
books#volume,Picasso Linoleum Cuts,Art,1985,1985,3,169.0,NOT_MATURE,NOT_FOR_SALE,Metropolitan Museum of Art,,
books#volume,The Artist and the City,Art,1982,1982,1,180.0,NOT_MATURE,NOT_FOR_SALE,,,
books#volume,Netherlandish Sculpture 1450-1550,Art,2002,2002,2,192.0,NOT_MATURE,NOT_FOR_SALE,Victoria & Albert Museum,,
books#volume,The Golden Bowl,Art,1904,1904,1,426.0,NOT_MATURE,NOT_FOR_SALE,,,
books#volume,100 Manga Artists,Art,2017,2017,1,680.0,NOT_MATURE,NOT_FOR_SALE,,,
books#volume,The Persistence of Subjectivity,Art,2005-05-02,2005,1,380.0,NOT_MATURE,NOT_FOR_SALE,Cambridge University Press,,
books#volume,The Critique of Pure Reason,Art,2014-12-22,2014,2,332.0,NOT_MATURE,NOT_FOR_SALE,CreateSpace,,
books#volume,Lectures on Art,Art,1910,1910,1,298.0,NOT_MATURE,NOT_FOR_SALE,,,
books#volume,At Work with Grotowski on Physical Actions,Art,2003-09-02,2003,1,146.0,NOT_MATURE,NOT_FOR_SALE,Routledge,,
books#volume,The Empathic Screen,Art,2020,2020,1,273.0,NOT_MATURE,NOT_FOR_SALE,,,
books#volume,The Transformation of Athens,Art,2018-02-06,2018,1,306.0,NOT_MATURE,NOT_FOR_SALE,Princeton University Press,,
books#volume,Houdini On the Spot,Art,2012-10-12,2012,1,316.0,NOT_MATURE,NOT_FOR_SALE,CRC Press,,
books#volume,Courtly Art of the Ancient Maya,Art,2004,2004,2,304.0,NOT_MATURE,NOT_FOR_SALE,Thames & Hudson,,
books#volume,Bibliography of Art and Architecture in the Islamic World (2 Vol. Set),Art,2012,2012,3,1510.0,NOT_MATURE,NOT_FOR_SALE,BRILL,,
books#volume,Essential Capoeira,Art,2008,2008,2,132.0,NOT_MATURE,NOT_FOR_SALE,Blue Snake Books,,
books#volume,An Account of the Manners and Customs of the Modern Egyptians,Art,1986,1986,1,624.0,NOT_MATURE,NOT_FOR_SALE,Darf Publishers,,
books#volume,Dot Grid Graph Paper Notebook,Art,2019-05-26,2019,1,122.0,NOT_MATURE,NOT_FOR_SALE,,,
books#volume,Moscow Graffiti,Art,1990,1990,1,296.0,NOT_MATURE,NOT_FOR_SALE,Other,,
books#volume,Ottonian Book Illumination: Themes,Art,1991,1991,1,304.0,NOT_MATURE,NOT_FOR_SALE,,,
books#volume,Danse Macabre,Art,2021-01-27,2021,0,110.0,NOT_MATURE,NOT_FOR_SALE,Scriptoria Press,,
books#volume,The Raven,Art,2022-10-27,2022,1,0.0,NOT_MATURE,NOT_FOR_SALE,Legare Street Press,,
books#volume,Louise Bourgeois,Art,1994,1994,1,112.0,NOT_MATURE,NOT_FOR_SALE,Universe Publishing(NY),,
books#volume,Freedom Dreams,Art,2002,2002,1,270.0,NOT_MATURE,NOT_FOR_SALE,Beacon Press (MA),,
books#volume,A Guide to Art Nouveau Style,Art,1997-12-04,1997,1,132.0,NOT_MATURE,NOT_FOR_SALE,,,
books#volume,Growing Up with the Impressionists,Art,2017-08-24,2017,1,258.0,NOT_MATURE,NOT_FOR_SALE,Bloomsbury Publishing,,
books#volume,Idols Behind Altars,Art,1929,1929,1,454.0,NOT_MATURE,NOT_FOR_SALE,Biblo & Tannen Publishers,,
books#volume,An Leabhar Mòr,Art,2002,2002,2,321.0,NOT_MATURE,NOT_FOR_SALE,Canongate Books Limited,,
books#volume,"Astrophysical Techniques, 2nd Edition",Art,1991-10-01,1991,1,0.0,NOT_MATURE,NOT_FOR_SALE,CRC Press,,
books#volume,Museums and Source Communities,Art,2003,2003,2,289.0,NOT_MATURE,NOT_FOR_SALE,Psychology Press,,
books#volume,Letters in Gold,Art,1998,1998,3,209.0,NOT_MATURE,NOT_FOR_SALE,Metropolitan Museum of Art,,
books#volume,Rambles of an Archaeologist Among Old Books and in Old Places,Art,1871,1871,1,280.0,NOT_MATURE,FREE,,,
books#volume,"English Art, 1870-1940",Art,1978,1978,1,570.0,NOT_MATURE,NOT_FOR_SALE,Oxford : Clarendon Press,,
books#volume,The Man who Planted Trees,Art,1989,1989,1,62.0,NOT_MATURE,NOT_FOR_SALE,,,
books#volume,"Henri Michaux, 1899-1984",Art,1999,1999,2,68.0,NOT_MATURE,NOT_FOR_SALE,,,
books#volume,Memory and Desire,Art,2002,2002,1,328.0,NOT_MATURE,NOT_FOR_SALE,Ashgate Publishing,,
books#volume,The Story of Art - 16th Edition,Art,1995-09-09,1995,1,688.0,NOT_MATURE,NOT_FOR_SALE,Phaidon Press,,
books#volume,Dieter and Dorothy,Art,2001,2001,1,266.0,NOT_MATURE,NOT_FOR_SALE,Bilgerverlag Zurich,,
books#volume,The Anthropology of Art,Art,1981,1981,1,248.0,NOT_MATURE,NOT_FOR_SALE,New York : Columbia University Press,,
books#volume,Studies in Seven Arts,Art,1907,1907,1,416.0,NOT_MATURE,NOT_FOR_SALE,,,
books#volume,"A Summer's Day at Windsor, and a Visit to Eton (Classic Reprint)",Art,2018-03-18,2018,1,184.0,NOT_MATURE,NOT_FOR_SALE,Forgotten Books,,
books#volume,"The Early Landscapes of Frederic Edwin Church, 1845-1854",Art,1987,1987,2,192.0,NOT_MATURE,NOT_FOR_SALE,,,
books#volume,The Radical Use of Chance in 20th Century Art,Art,2012-01-01,2012,1,275.0,NOT_MATURE,NOT_FOR_SALE,Rodopi,,
books#volume,"Writing & Illuminating, & Lettering",Art,2015-08-08,2015,1,,NOT_MATURE,NOT_FOR_SALE,Andesite Press,,
books#volume,William Kent,Art,2006,2006,1,0.0,NOT_MATURE,NOT_FOR_SALE,,,
books#volume,They Called Me Mayer July,Art,2007-09-24,2007,2,432.0,NOT_MATURE,NOT_FOR_SALE,,,
books#volume,Germany,Art,2014-11-13,2014,1,709.0,NOT_MATURE,FOR_SALE,Penguin UK,3.99,GBP
books#volume,The Life of Michelangelo,Art,2006,2006,1,0.0,NOT_MATURE,NOT_FOR_SALE,,,
books#volume,"Letters and Notes on the Manners, Customs, and Conditions of the North American Indians",Art,2019-07-30,2019,1,482.0,NOT_MATURE,NOT_FOR_SALE,Hardpress Publishing,,
books#volume,The Religious Art of Andy Warhol,Art,1998,1998,2,136.0,NOT_MATURE,NOT_FOR_SALE,Burns & Oates,,
books#volume,The Predicament of Culture,Art,1988-05-18,1988,1,404.0,NOT_MATURE,NOT_FOR_SALE,,,
books#volume,The Medici,Art,2007,2007,1,460.0,NOT_MATURE,NOT_FOR_SALE,Random House,,
books#volume,Scenes from Deep Time,Art,1992,1992,1,302.0,NOT_MATURE,NOT_FOR_SALE,University of Chicago Press,,
books#volume,The Chrysanthemum and the Sword,Art,2005,2005,1,340.0,NOT_MATURE,NOT_FOR_SALE,Houghton Mifflin Harcourt,,
books#volume,"Early Books on Art, 1500 to 1800",Art,1977,1977,2,118.0,NOT_MATURE,NOT_FOR_SALE,,,
books#volume,The Great Stone Face (Classic Reprint),Art,2018-09-23,2018,1,50.0,NOT_MATURE,NOT_FOR_SALE,Forgotten Books,,
books#volume,Language of Vision,Art,2021-09-09,2021,1,228.0,NOT_MATURE,NOT_FOR_SALE,Hassell Street Press,,
books#volume,42 Indian Mandalas,Art,2001-10-10,2001,1,100.0,NOT_MATURE,NOT_FOR_SALE,Hunter House,,
books#volume,The World of the Meiji Print,Art,1986,1986,2,346.0,NOT_MATURE,NOT_FOR_SALE,"Weatherhill, Incorporated",,
books#volume,Indian Renaissance,Art,2005,2005,2,364.0,NOT_MATURE,NOT_FOR_SALE,"Ashgate Publishing, Ltd.",,
books#volume,Lust for Life,Art,2001,2001,1,434.0,NOT_MATURE,NOT_FOR_SALE,Random House,,
books#volume,"Diana Michener, Jim Dine",Art,2006,2006,2,96.0,NOT_MATURE,NOT_FOR_SALE,,,
books#volume,Adventures Among Books,Art,2016-05-11,2016,1,222.0,NOT_MATURE,NOT_FOR_SALE,Createspace Independent Publishing Platform,,
books#volume,Six Greek Sculptors,Art,1925,1925,1,444.0,NOT_MATURE,NOT_FOR_SALE,,,
books#volume,Babylonian and Assyrian Literature,Art,2016-04-18,2016,1,432.0,NOT_MATURE,NOT_FOR_SALE,Createspace Independent Publishing Platform,,
books#volume,Mark Rothko,Art,1993-11-15,1993,1,778.0,NOT_MATURE,NOT_FOR_SALE,University of Chicago Press,,
books#volume,Graffiti,Art,2005,2005,1,124.0,NOT_MATURE,NOT_FOR_SALE,Silverback Books,,
books#volume,"Art of the Mediterranean World, A.D. 100 to 1400",Art,1983,1983,1,368.0,NOT_MATURE,NOT_FOR_SALE,,,
books#volume,Purposes of Art,Art,1981,1981,1,468.0,NOT_MATURE,NOT_FOR_SALE,Harcourt Brace College Publishers,,
books#volume,The Renaissance; Studies in Art and Poetry,Art,2017-07-31,2017,1,270.0,NOT_MATURE,NOT_FOR_SALE,Trieste Publishing,,
books#volume,My Blank Journal,Art,2019-08-09,2019,1,112.0,NOT_MATURE,NOT_FOR_SALE,,,
books#volume,Portrait of Picasso,Art,1971,1971,1,136.0,NOT_MATURE,NOT_FOR_SALE,,,
books#volume,The First and the Last,Art,1954,1954,1,0.0,NOT_MATURE,NOT_FOR_SALE,Buccaneer Books,,
books#volume,Art as Experience,Art,2005-07-05,2005,1,385.0,NOT_MATURE,NOT_FOR_SALE,Penguin,,
books#volume,Man and Superman,Art,2022-06-13,2022,1,241.0,NOT_MATURE,NOT_FOR_SALE,DigiCat,,
books#volume,The Ones that are Wanted,Art,2002,2002,1,324.0,NOT_MATURE,NOT_FOR_SALE,Univ of California Press,,
books#volume,"19th Century French Art, 1848-1905",Art,2004,2004,1,0.0,NOT_MATURE,NOT_FOR_SALE,Harrap's,,
books#volume,The Social System,Art,1991,1991,1,448.0,NOT_MATURE,NOT_FOR_SALE,Psychology Press,,
books#volume,Mind and Art,Art,2015-03-08,2015,1,363.0,NOT_MATURE,FOR_SALE,Princeton University Press,38.6,GBP
books#volume,The Elgin Marbles,Art,1987,1987,1,148.0,NOT_MATURE,NOT_FOR_SALE,Vintage,,
books#volume,Pocket Word Search,Art,2019-09-24,2019,1,100.0,NOT_MATURE,NOT_FOR_SALE,,,
books#volume,Pocket Word Search,Art,2019-10,2019,1,100.0,NOT_MATURE,NOT_FOR_SALE,,,
books#volume,The Diffusion of Classical Art in Antiquity,Art,2023-08-15,2023,1,352.0,NOT_MATURE,NOT_FOR_SALE,Princeton University Press,,
books#volume,Fun Home,Art,2007,2007,1,248.0,NOT_MATURE,NOT_FOR_SALE,Houghton Mifflin Harcourt,,
books#volume,Grandpa Mudcake and the Rickety Robot,Art,2021-06-04,2021,1,18.0,NOT_MATURE,NOT_FOR_SALE,Sophia J. Ferguson,,
books#volume,Pocket Word Search,Art,2019-10-04,2019,1,100.0,NOT_MATURE,NOT_FOR_SALE,,,
books#volume,Pocket Sudoku Easy,Art,2019-11-25,2019,1,80.0,NOT_MATURE,NOT_FOR_SALE,,,
books#volume,Modernism's Other Work,Art,2011-11-01,2011,1,272.0,NOT_MATURE,FOR_SALE,Oxford University Press,14.62,GBP
books#volume,Challenging Modernity,Art,2000,2000,1,360.0,NOT_MATURE,NOT_FOR_SALE,Berghahn Books,,
books#volume,Islam in India and Pakistan,Art,1982,1982,1,96.0,NOT_MATURE,NOT_FOR_SALE,BRILL,,
books#volume,Gardner's Art Through the Ages: Non-western perspectives,Art,2006,2006,1,256.0,NOT_MATURE,NOT_FOR_SALE,,,
books#volume,Post Cinematic Affect,Art,2010-11-16,2010,1,0.0,NOT_MATURE,NOT_FOR_SALE,Zer0 Books,,
books#volume,Carole A. Feuerman,Art,1999,1999,3,178.0,NOT_MATURE,NOT_FOR_SALE,Hudson Hills,,
books#volume,Art in Three Dimensions,Art,2010-07-15,2010,1,548.0,NOT_MATURE,FOR_SALE,OUP Oxford,26.64,GBP
books#volume,Calliope's Sisters,Art,1990,1990,1,344.0,NOT_MATURE,NOT_FOR_SALE,,,
books#volume,Pocket Word Search,Art,2019-10-02,2019,1,100.0,NOT_MATURE,NOT_FOR_SALE,,,
books#volume,Thais,Art,2023-12-01,2023,1,124.0,NOT_MATURE,NOT_FOR_SALE,BoD – Books on Demand,,
books#volume,Robert Ryman,Art,1988,1988,1,62.0,NOT_MATURE,NOT_FOR_SALE,,,
books#volume,The Society of the Spectacle,Art,2024-09-03,2024,1,161.0,NOT_MATURE,NOT_FOR_SALE,PM Press,,
books#volume,Tony Smith,Art,1995,1995,2,136.0,NOT_MATURE,NOT_FOR_SALE,,,
books#volume,"Jasper F. Cropsey, Artist and Architect",Art,1987,1987,2,184.0,NOT_MATURE,NOT_FOR_SALE,New-York Historical Society,,
books#volume,Building a Masterpiece,Art,2001,2001,2,248.0,NOT_MATURE,NOT_FOR_SALE,,,
books#volume,A History of Art in Africa,Art,2008,2008,4,0.0,NOT_MATURE,NOT_FOR_SALE,Discontinued 3pd,,
books#volume,Selected Writings,Art,1996,1996,1,474.0,NOT_MATURE,NOT_FOR_SALE,Harvard University Press,,
books#volume,Neo-Baroque,Art,1992,1992,1,227.0,NOT_MATURE,NOT_FOR_SALE,,,
books#volume,The Face on the Screen,Art,2004,2004,1,132.0,NOT_MATURE,NOT_FOR_SALE,Intellect Books,,
books#volume,Making Comics,Art,2006-09-05,2006,1,,NOT_MATURE,NOT_FOR_SALE,,,
books#volume,Guild Dynamics in Seventeenth-Century Istanbul,Art,2004,2004,1,336.0,NOT_MATURE,NOT_FOR_SALE,BRILL,,
books#volume,The Hours of Catherine of Cleves,Art,1966,1966,1,0.0,NOT_MATURE,NOT_FOR_SALE,New York : G. Braziller,,
books#volume,The Love of Art,Art,1990,1990,3,182.0,NOT_MATURE,NOT_FOR_SALE,,,
books#volume,A Short History of English Literature,Art,2020-09-23,2020,1,493.0,NOT_MATURE,FOR_SALE,Routledge,33.19,GBP
books#volume,The Meaning of Modern Architecture,Art,2016-03-09,2016,1,197.0,NOT_MATURE,FOR_SALE,Routledge,42.79,GBP
books#volume,The Story of the Kimono,Art,1989,1989,1,256.0,NOT_MATURE,NOT_FOR_SALE,Studio,,
books#volume,Handmade Culture,Art,2005,2005,1,0.0,NOT_MATURE,NOT_FOR_SALE,University of Hawaii Press,,
books#volume,The Lady of Burma,Art,2007-08-01,2007,1,73.0,NOT_MATURE,FOR_SALE,Bloomsbury Publishing,8.99,GBP
books#volume,Seduction and Power,Art,2013-10-10,2013,2,387.0,NOT_MATURE,NOT_FOR_SALE,A&C Black,,
books#volume,Michelangelo's Mountain,Art,2005-08-30,2005,1,0.0,NOT_MATURE,NOT_FOR_SALE,Free Press,,
books#volume,Pilgrimage to the End of the World,Art,2004-05-19,2004,1,145.0,NOT_MATURE,NOT_FOR_SALE,University of Chicago Press,,
books#volume,"Antique Works of Art from Benin, West Africa",Art,1971,1971,1,140.0,NOT_MATURE,NOT_FOR_SALE,,,
books#volume,The World of Roman Song,Music,2005-07-27,2005,1,352.0,NOT_MATURE,NOT_FOR_SALE,JHU Press,,
books#volume,The Guitar and Its Music,Music,2002,2002,2,349.0,NOT_MATURE,NOT_FOR_SALE,,,
books#volume,The Hymns of the Ṛgveda,Music,1973-01-01,1973,2,738.0,NOT_MATURE,NOT_FOR_SALE,Motilal Banarsidass Publishing House,,
books#volume,Divine Service and the Performing Arts in India,Music,2002,2002,1,156.0,NOT_MATURE,NOT_FOR_SALE,APH Publishing,,
books#volume,Understanding Popular Music Culture,Music,2026-11-02,2026,3,333.0,NOT_MATURE,FOR_SALE,Taylor & Francis,33.19,GBP
books#volume,"Good Pop, Bad Pop",Music,2020-06-01,2020,1,25.0,NOT_MATURE,NOT_FOR_SALE,Rough Trade Books,,
books#volume,The Beatles Diary Volume 1: The Beatles Years,Music,2009-10-27,2009,1,,NOT_MATURE,NOT_FOR_SALE,Omnibus Press,,
books#volume,Indian Music in Performance,Music,1980,1980,2,214.0,NOT_MATURE,NOT_FOR_SALE,Manchester University Press,,
books#volume,Skin Privilege,Music,2011,2011,1,578.0,NOT_MATURE,NOT_FOR_SALE,Random House,,
books#volume,Chinese Musical Instruments,Music,1999,1999,2,216.0,NOT_MATURE,NOT_FOR_SALE,,,
books#volume,New Directions in Music,Music,1976,1976,1,300.0,NOT_MATURE,NOT_FOR_SALE,WCB/McGraw-Hill,,
books#volume,The Cambridge Companion to the Violin,Music,1992-12-10,1992,1,309.0,NOT_MATURE,FOR_SALE,Cambridge University Press,25.99,GBP
books#volume,The New Harvard Dictionary of Music,Music,1986,1986,1,984.0,NOT_MATURE,NOT_FOR_SALE,Belknap Press,,
books#volume,The Pirates of Penzance,Music,2010-04-01,2010,2,196.0,NOT_MATURE,FOR_SALE,"Serenissima Music, Inc.",2.99,GBP
books#volume,Reading Jazz,Music,1996,1996,1,1096.0,NOT_MATURE,NOT_FOR_SALE,Pantheon,,
books#volume,Guinness Book of British Hit Singles,Music,2000-05-12,2000,2,544.0,NOT_MATURE,NOT_FOR_SALE,,,
books#volume,Rossini,Music,1986,1986,1,330.0,NOT_MATURE,NOT_FOR_SALE,J M Dent & Sons Limited,,
books#volume,Shaw on Music,Music,1995,1995,1,324.0,NOT_MATURE,NOT_FOR_SALE,Hal Leonard Corporation,,
books#volume,Edvard Grieg,Music,2001,2001,1,482.0,NOT_MATURE,NOT_FOR_SALE,Peer Gynt Press,,
books#volume,Darius Milhaud,Music,2002,2002,1,152.0,NOT_MATURE,NOT_FOR_SALE,,,
books#volume,The Jazz Theory Book,Music,2011-01-12,2011,1,725.0,NOT_MATURE,NOT_FOR_SALE,"""O'Reilly Media, Inc.""",,
books#volume,Musical Instruments,Music,1989,1989,1,248.0,NOT_MATURE,NOT_FOR_SALE,,,
books#volume,Wagner Remembered,Music,2000,2000,1,308.0,NOT_MATURE,NOT_FOR_SALE,,,
books#volume,Schoenberg,Music,1977,1977,1,592.0,NOT_MATURE,NOT_FOR_SALE,Calder Publications Limited,,
books#volume,Ancient Traditions of the Virgin Mary's Dormition and Assumption,Music,2003-01-17,2003,1,477.0,NOT_MATURE,FOR_SALE,OUP Oxford,25.99,GBP
books#volume,The Concise Oxford Dictionary of Music,Music,1980,1980,1,738.0,NOT_MATURE,NOT_FOR_SALE,"Oxford University Press, USA",,
books#volume,The Parisian Worlds of Frédéric Chopin,Music,1999-01-01,1999,1,480.0,NOT_MATURE,NOT_FOR_SALE,Yale University Press,,
books#volume,Beethoven,Music,2013-05-06,2013,1,621.0,NOT_MATURE,FOR_SALE,W. W. Norton & Company,12.34,GBP
books#volume,The Story of Organ Music,Music,1968,1968,1,320.0,NOT_MATURE,NOT_FOR_SALE,,,
books#volume,A History of Music in Pictures,Music,1929,1929,1,386.0,NOT_MATURE,NOT_FOR_SALE,"London : J. M. Dent and sons, Limited",,
books#volume,One Hundred Years of Violoncello,Music,1998,1998,1,311.0,NOT_MATURE,NOT_FOR_SALE,,,
books#volume,Stravinsky,Music,2020-07-15,2020,1,1164.0,NOT_MATURE,NOT_FOR_SALE,Knopf,,
books#volume,London Music in 1888-89 as Heard by Corno Di Bassetto,Music,1937,1937,1,430.0,NOT_MATURE,NOT_FOR_SALE,,,
books#volume,Thirty Years' Musical Recollections; Volume 1,Music,2023-07-18,2023,1,0.0,NOT_MATURE,NOT_FOR_SALE,Legare Street Press,,
books#volume,Born in the U.S.A.,Music,1997,1997,1,336.0,NOT_MATURE,NOT_FOR_SALE,HarperCollins Publishers,,
books#volume,1001 Albums You Must Hear Before You Die,Music,,,1,960.0,NOT_MATURE,NOT_FOR_SALE,,,
books#volume,Haydn,Music,1946,1946,1,364.0,NOT_MATURE,NOT_FOR_SALE,"New York, Norton",,
books#volume,Adaptive Strategies for Small-handed Pianists,Music,2017,2017,2,305.0,NOT_MATURE,NOT_FOR_SALE,Oxford University Press,,
books#volume,The Music of Israel,Music,1996,1996,1,480.0,NOT_MATURE,NOT_FOR_SALE,,,
books#volume,A History of Consonance and Dissonance,Music,1988-01,1988,1,117.0,NOT_MATURE,NOT_FOR_SALE,New York : Excelsior,,
books#volume,Encyclopedia of Popular Music,Music,2000-01,2000,2,,NOT_MATURE,NOT_FOR_SALE,Burns & Oates,,
books#volume,University Musical Encyclopedia,Music,1912,1912,1,374.0,NOT_MATURE,NOT_FOR_SALE,,,
books#volume,Elvis Day by Day,Music,1999,1999,2,408.0,NOT_MATURE,NOT_FOR_SALE,,,
books#volume,An Introduction to Wisdom Literature and the Psalms,Music,2000,2000,2,264.0,NOT_MATURE,NOT_FOR_SALE,,,
books#volume,As a Man Thinketh,Music,2016-05-14,2016,2,38.0,NOT_MATURE,NOT_FOR_SALE,Createspace Independent Publishing Platform,,
books#volume,The Fitzwilliam virginal book,Music,1963,1963,3,520.0,NOT_MATURE,NOT_FOR_SALE,,,
books#volume,The Developmental Psychology of Music,Music,1986-12-18,1986,1,276.0,NOT_MATURE,NOT_FOR_SALE,Cambridge University Press,,
books#volume,Adrian Willaert,Music,2005,2005,1,463.0,NOT_MATURE,NOT_FOR_SALE,Psychology Press,,
books#volume,The Song in the Story,Music,1993,1993,1,360.0,NOT_MATURE,NOT_FOR_SALE,University of Pennsylvania Press Anniversary Collection,,
books#volume,Thirty Years' Musical Recollections. Volume 1,Music,2019-10-05,2019,1,330.0,NOT_MATURE,NOT_FOR_SALE,,,
books#volume,The Growth of Music,Music,1978,1978,1,550.0,NOT_MATURE,NOT_FOR_SALE,"Oxford University Press, USA",,
books#volume,The Stranglers: Song by Song,Music,2011-08-01,2011,2,479.0,NOT_MATURE,FOR_SALE,Bobcat Books,8.99,GBP
books#volume,The Institution of Christian Religion (Classic Reprint),Music,2017-10-28,2017,1,1028.0,NOT_MATURE,NOT_FOR_SALE,Forgotten Books,,
books#volume,Music,Music,2002,2002,1,484.0,NOT_MATURE,NOT_FOR_SALE,,,
books#volume,The Longest Cocktail Party,Music,2000,2000,1,392.0,NOT_MATURE,NOT_FOR_SALE,Mojo Books,,
books#volume,My Life,Music,2025-03-28,2025,1,0.0,NOT_MATURE,NOT_FOR_SALE,Anson Street Press,,
books#volume,England's Dreaming,Music,1992-01-01,1992,1,602.0,NOT_MATURE,NOT_FOR_SALE,St Martins Press,,
books#volume,Beatles Gear,Music,2009-12,2009,1,0.0,NOT_MATURE,NOT_FOR_SALE,,,
books#volume,The Life of Lou Reed,Music,2019-09-10,2019,1,405.0,NOT_MATURE,NOT_FOR_SALE,Diversion Books,,
books#volume,Early Keyboard Instruments in European Museums,Music,1997-05-22,1997,2,340.0,NOT_MATURE,NOT_FOR_SALE,Indiana University Press,,
books#volume,In My Life,Music,2000,2000,1,209.0,NOT_MATURE,NOT_FOR_SALE,Macmillan,,
books#volume,Late Renaissance and Baroque Music,Music,1988,1988,2,404.0,NOT_MATURE,NOT_FOR_SALE,Random House (UK),,
books#volume,Short Studies in the Nature of Music (Classic Reprint),Music,2018-01-25,2018,1,256.0,NOT_MATURE,NOT_FOR_SALE,Forgotten Books,,
books#volume,Rock: the Primary Text,Music,2017-06-30,2017,1,,NOT_MATURE,NOT_FOR_SALE,Routledge,,
books#volume,Dennis Brain,Music,1976,1976,1,208.0,NOT_MATURE,NOT_FOR_SALE,Robert Hale,,
books#volume,A Sting in the Tale,Music,2000,2000,1,220.0,NOT_MATURE,NOT_FOR_SALE,Mirage Publishing,,
books#volume,The Evolution of Electronic Music,Music,1977,1977,1,326.0,NOT_MATURE,NOT_FOR_SALE,New York : Schirmer Books,,
books#volume,Mystery Train,Music,1997,1997,1,340.0,NOT_MATURE,NOT_FOR_SALE,Plume Books,,
books#volume,Alfred's Basic Piano Prep Course: Solo Book E,Music,2005-05-03,2005,3,36.0,NOT_MATURE,FOR_SALE,Alfred Music,5.28,GBP
books#volume,The Traditional Tunes of the Child Ballads,Music,1959,1959,1,512.0,NOT_MATURE,NOT_FOR_SALE,,,
books#volume,Music Notation,Music,1972,1972,1,504.0,NOT_MATURE,NOT_FOR_SALE,Rodale Books,,
books#volume,The Birth of Tragedy,Music,1923,1923,1,194.0,NOT_MATURE,NOT_FOR_SALE,,,
books#volume,The Bob Dylan Encyclopedia,Music,2008-04-15,2008,1,0.0,NOT_MATURE,NOT_FOR_SALE,Continuum,,
books#volume,Ethnomusicology and Modern Music History,Music,1991,1991,3,344.0,NOT_MATURE,NOT_FOR_SALE,Urbana : University of Illinois Press,,
books#volume,The History of Music,Music,2018-10-11,2018,1,696.0,NOT_MATURE,NOT_FOR_SALE,Franklin Classics,,
books#volume,Germany and the Germans,Music,2017-05-26,2017,1,372.0,NOT_MATURE,NOT_FOR_SALE,Pinnacle Press,,
books#volume,Music; How It Came to Be What It Is,Music,2017-09-17,2017,2,270.0,NOT_MATURE,NOT_FOR_SALE,Trieste Publishing,,
books#volume,The Material Used in Musical Composition,Music,2017-11-26,2017,1,288.0,NOT_MATURE,NOT_FOR_SALE,Forgotten Books,,
books#volume,American Musical Theatre,Music,1978,1978,1,776.0,NOT_MATURE,NOT_FOR_SALE,New York : Oxford University Press,,
books#volume,The Nutcracker Suite,Music,,,3,24.0,NOT_MATURE,NOT_FOR_SALE,Alfred Music,,
books#volume,Choral Music,Music,1993,1993,1,262.0,NOT_MATURE,NOT_FOR_SALE,Pearson,,
books#volume,Late Renaissance and Baroque Music,Music,1959,1959,2,356.0,NOT_MATURE,NOT_FOR_SALE,[London] : Barrie & Rockliff,,
books#volume,Olney Hymns in Three Books,Music,2018-10-16,2018,2,298.0,NOT_MATURE,NOT_FOR_SALE,Franklin Classics,,
books#volume,Music in the History of the Western Church,Music,2013-11,2013,1,440.0,NOT_MATURE,NOT_FOR_SALE,Nabu Press,,
books#volume,Companion to Medieval and Renaissance Music,Music,1997,1997,2,448.0,NOT_MATURE,NOT_FOR_SALE,Univ of California Press,,
books#volume,Masters of Italian Music,Music,2023-07-18,2023,1,0.0,NOT_MATURE,NOT_FOR_SALE,Legare Street Press,,
books#volume,"Ballads, Songs, and Snatches",Music,1999,1999,1,248.0,NOT_MATURE,NOT_FOR_SALE,Routledge,,
books#volume,Music in Childhood,Music,1995,1995,2,424.0,NOT_MATURE,NOT_FOR_SALE,Schirmer Trade Books,,
books#volume,1001 Songs,Music,2007,2007,1,0.0,NOT_MATURE,NOT_FOR_SALE,Hardie Grant Publishing,,
books#volume,Making Music in the Polish Tatras,Music,2005,2005,1,330.0,NOT_MATURE,NOT_FOR_SALE,,,
books#volume,White Boy Singin' The Blues,Music,1992-03-21,1992,1,300.0,NOT_MATURE,NOT_FOR_SALE,"Da Capo Press, Incorporated",,
books#volume,Early Percussion Instruments,Music,1976,1976,2,100.0,NOT_MATURE,NOT_FOR_SALE,London : Oxford University Press,,
books#volume,Performing Rites,Music,1998-02-06,1998,1,364.0,NOT_MATURE,NOT_FOR_SALE,Harvard University Press,,
books#volume,The Liturgical Year,Music,2017-11-23,2017,1,558.0,NOT_MATURE,NOT_FOR_SALE,Forgotten Books,,
books#volume,The New Shostakovich,Music,1990,1990,1,374.0,NOT_MATURE,NOT_FOR_SALE,,,
books#volume,Opera and Drama,Music,1851,1851,1,,NOT_MATURE,NOT_FOR_SALE,,,
books#volume,George Whitefield Chadwick,Music,1996-03-19,1996,1,244.0,NOT_MATURE,NOT_FOR_SALE,Bloomsbury Publishing PLC,,
books#volume,Essays on Music (Classic Reprint),Music,2017-10-21,2017,1,286.0,NOT_MATURE,NOT_FOR_SALE,Forgotten Books,,
books#volume,The Art of the Prima Donna and Concert Singer,Music,1977,1977,1,344.0,NOT_MATURE,NOT_FOR_SALE,"New York : Arno Press, 1977 [c1923]",,
books#volume,A History of Western Music,Music,1980,1980,2,849.0,NOT_MATURE,NOT_FOR_SALE,W. W. Norton,,
books#volume,In Search of Wagner,Music,2005,2005,1,184.0,NOT_MATURE,NOT_FOR_SALE,,,
books#volume,Ballads Without Words,Music,1992,1992,1,386.0,NOT_MATURE,NOT_FOR_SALE,Hal Leonard Publishing Corporation,,
books#volume,Hollywood Shack Job,Music,2006,2006,1,420.0,NOT_MATURE,NOT_FOR_SALE,UNM Press,,
books#volume,Stockhausen,Music,1974,1974,2,252.0,NOT_MATURE,NOT_FOR_SALE,Robson Books Limited,,
books#volume,Purcell,Music,1982,1982,1,96.0,NOT_MATURE,NOT_FOR_SALE,London : British Broadcasting Corporation,,
books#volume,Mendelssohn and Victorian England,Music,2017-07-05,2017,1,208.0,NOT_MATURE,FOR_SALE,Routledge,48.39,GBP
books#volume,Sacred Poetry,Music,2023-07-18,2023,2,0.0,NOT_MATURE,NOT_FOR_SALE,Legare Street Press,,
books#volume,Jazz,Music,2017-07-24,2017,1,316.0,NOT_MATURE,NOT_FOR_SALE,Forgotten Books,,
books#volume,Classical Music: 1600-2000: a Chronology,Music,2015-02-01,2015,1,704.0,NOT_MATURE,NOT_FOR_SALE,Omnibus Press& Schirmer Trade Books,,
books#volume,Spin Alternative Record Guide,Music,1998-11-01,1998,1,,NOT_MATURE,NOT_FOR_SALE,Random House Value Pub,,
books#volume,According to the Rolling Stones,Music,2009-05-20,2009,1,0.0,NOT_MATURE,NOT_FOR_SALE,Chronicle Books,,
books#volume,"Checklist of Writings on American Music, 1640-1992",Music,1996,1996,1,258.0,NOT_MATURE,NOT_FOR_SALE,Bloomsbury Publishing PLC,,
books#volume,"Music, the Arts, and Ideas",Music,2010-04-15,2010,1,389.0,NOT_MATURE,FOR_SALE_AND_RENTAL,University of Chicago Press,30.0,GBP
books#volume,Opera on Record 2,Music,1984,1984,1,399.0,NOT_MATURE,NOT_FOR_SALE,,,
books#volume,Rhymes for the Nursery,Music,2015-08-08,2015,1,106.0,NOT_MATURE,NOT_FOR_SALE,Andesite Press,,
books#volume,Beethoven and His Nine Symphonies (Classic Reprint),Music,2016-10-24,2016,1,422.0,NOT_MATURE,NOT_FOR_SALE,Forgotten Books,,
books#volume,J. S. Bach,Music,2007-02-15,2007,1,13.0,NOT_MATURE,FOR_SALE,Cambridge University Press,26.99,GBP
books#volume,Conversations with Célestin Deliège,Music,1976,1976,2,0.0,NOT_MATURE,NOT_FOR_SALE,,,
books#volume,Cultures of Popular Music,Music,2001,2001,1,214.0,NOT_MATURE,NOT_FOR_SALE,,,
books#volume,Heartland Excursions,Music,1995,1995,1,200.0,NOT_MATURE,NOT_FOR_SALE,,,
books#volume,Eurovision!,Music,2017-04-20,2017,1,264.0,NOT_MATURE,FOR_SALE,Melville House UK,6.66,GBP
books#volume,Symphonia,Music,2018-09-05,2018,1,345.0,NOT_MATURE,NOT_FOR_SALE,Cornell University Press,,
books#volume,There But for Fortune,Music,1996-09-06,1996,1,424.0,NOT_MATURE,NOT_FOR_SALE,Hyperion Books,,
books#volume,The Cambridge Companion to Jazz,Music,2002,2002,2,436.0,NOT_MATURE,NOT_FOR_SALE,Cambridge University Press,,
books#volume,Audio Sampling,Music,2008,2008,2,232.0,NOT_MATURE,NOT_FOR_SALE,Taylor & Francis,,
books#volume,A Shostakovich Casebook,Music,2005-08-17,2005,1,430.0,NOT_MATURE,NOT_FOR_SALE,Indiana University Press,,
books#volume,"Stravinsky and the Russian Traditions, Volume One",Music,2023-09-01,2023,1,992.0,NOT_MATURE,NOT_FOR_SALE,Univ of California Press,,
books#volume,"The Raccolta, Or Collection of Indulgenced Prayers and Good Works (Classic Reprint)",Music,2016-10-08,2016,1,448.0,NOT_MATURE,NOT_FOR_SALE,Forgotten Books,,
books#volume,The Music of the Louvin Brothers,Music,1999,1999,1,188.0,NOT_MATURE,NOT_FOR_SALE,,,
books#volume,Reflections on Liszt,Music,2005,2005,1,312.0,NOT_MATURE,NOT_FOR_SALE,"Ithaca, N.Y. : Cornell University Press",,
books#volume,"The Prima Donna and Opera, 1815-1930",Music,2006-08-10,2006,1,26.0,NOT_MATURE,NOT_FOR_SALE,Cambridge University Press,,
books#volume,The Drummer's Toolbox,Music,2019-11-04,2019,1,477.0,NOT_MATURE,FOR_SALE,Drumeo,6.99,GBP
books#volume,The Virgin Encyclopedia of Eighties Music,Music,1997,1997,1,524.0,NOT_MATURE,NOT_FOR_SALE,Virgin Books Limited,,
books#volume,Essays on Music,Music,2003-01-01,2003,1,265.0,NOT_MATURE,NOT_FOR_SALE,,,
books#volume,Ideas and Styles in the Western Musical Tradition,Music,1991,1991,1,480.0,NOT_MATURE,NOT_FOR_SALE,"McGraw-Hill Humanities, Social Sciences & World Languages",,
books#volume,The Music of Light,Music,1998,1998,1,256.0,NOT_MATURE,NOT_FOR_SALE,,,
books#volume,The Jazz Piano Book,Music,2011-01-12,2011,2,431.0,NOT_MATURE,NOT_FOR_SALE,Sher Music Co.,,
books#volume,The Music Lover's Handbook,Music,1979,1979,1,620.0,NOT_MATURE,NOT_FOR_SALE,A & C Black,,
books#volume,Letters from Italy and Switzerland,Music,2013-04-07,2013,1,356.0,NOT_MATURE,NOT_FOR_SALE,,,
books#volume,The Modern Trombone,Music,1979,1979,1,136.0,NOT_MATURE,NOT_FOR_SALE,,,
books#volume,The Penguin Book of English Song,Music,2016-04-07,2016,1,2277.0,NOT_MATURE,FOR_SALE,Penguin UK,6.99,GBP
books#volume,Reggae Bloodlines,Music,1977,1977,1,230.0,NOT_MATURE,NOT_FOR_SALE,S.l. : Anchor Press Doubleday,,
books#volume,Brecht at the Opera,Music,2008-08-04,2008,1,302.0,NOT_MATURE,NOT_FOR_SALE,Univ of California Press,,
books#volume,Song of Exile,Music,2016-04-01,2016,1,233.0,NOT_MATURE,FOR_SALE,Oxford University Press,11.1,GBP
books#volume,You Forgot about Dre!,Music,2001,2001,1,162.0,NOT_MATURE,NOT_FOR_SALE,Amber Books Publishing,,
books#volume,Paul McCartney: Bass Master,Music,2006-10-01,2006,1,161.0,NOT_MATURE,FOR_SALE,Bloomsbury Publishing PLC,17.99,GBP
books#volume,The Cambridge History of Seventeenth-Century Music,Music,2005-12-22,2005,2,636.0,NOT_MATURE,NOT_FOR_SALE,Cambridge University Press,,
books#volume,The Beatles as Musicians,Music,2001,2001,1,476.0,NOT_MATURE,NOT_FOR_SALE,,,
books#volume,Quasi Una Fantasia,Music,1992,1992,1,360.0,NOT_MATURE,NOT_FOR_SALE,,,
books#volume,The Recording Industry,Music,1998,1998,1,328.0,NOT_MATURE,NOT_FOR_SALE,Prentice Hall,,
books#volume,Pop Music and the Press,Music,2002,2002,1,300.0,NOT_MATURE,NOT_FOR_SALE,Temple University Press,,
books#volume,The Music of India,Music,1986,1986,3,186.0,NOT_MATURE,NOT_FOR_SALE,,,
books#volume,Here Comes Everybody,Music,2014-05-01,2014,1,418.0,NOT_MATURE,NOT_FOR_SALE,Chicago Review Press,,
books#volume,Haydn,Music,2017-07-05,2017,1,555.0,NOT_MATURE,NOT_FOR_SALE,Routledge,,
books#volume,Black Magic,Music,2004,2004,1,348.0,NOT_MATURE,NOT_FOR_SALE,Rutgers University Press,,
books#volume,Evening in the Palace of Reason,Music,2005-03,2005,1,350.0,NOT_MATURE,NOT_FOR_SALE,Harper Collins,,
books#volume,This is Serbia Calling,Music,2001,2001,1,264.0,NOT_MATURE,NOT_FOR_SALE,,,
books#volume,Understanding the Music Industries,Music,2012-12-14,2012,3,250.0,NOT_MATURE,FOR_SALE_AND_RENTAL,SAGE,39.99,GBP
books#volume,This Ain't the Summer of Love,Music,2009-02-04,2009,1,408.0,NOT_MATURE,NOT_FOR_SALE,Univ of California Press,,
books#volume,Fever,Music,1978,1978,0,0.0,NOT_MATURE,NOT_FOR_SALE,,,
books#volume,The Science of Sugar Confectionery,Cooking,2000,2000,1,180.0,NOT_MATURE,NOT_FOR_SALE,Royal Society of Chemistry,,
books#volume,Curry Easy Vegetarian,Cooking,2014-09-25,2014,1,689.0,NOT_MATURE,FOR_SALE,Random House,0.99,GBP
books#volume,An Omelette and a Glass of Wine,Cooking,1986,1986,1,326.0,NOT_MATURE,NOT_FOR_SALE,Penguin Books,,
books#volume,The Weekend Cook,Cooking,2022-05-26,2022,1,561.0,NOT_MATURE,FOR_SALE,Bloomsbury Publishing,18.2,GBP
books#volume,The Savoy Cocktail Book,Cooking,2025-07-15T00:00:00Z,2025,1,615.0,NOT_MATURE,FOR_SALE,Rare Treasure Editions,0.99,GBP
books#volume,One Pound Meals,Cooking,2017-01-26,2017,1,316.0,NOT_MATURE,FOR_SALE,Hachette UK,3.99,GBP
books#volume,Caviar,Cooking,2002,2002,1,294.0,NOT_MATURE,NOT_FOR_SALE,Broadway,,
books#volume,The Cook's Oracle,Cooking,2006-04-01,2006,1,68.0,NOT_MATURE,FOR_SALE,"Cosimo, Inc.",5.2,GBP
books#volume,Le Manoir Aux Quat'Saisons,Cooking,2016-11-29,2016,1,484.0,NOT_MATURE,NOT_FOR_SALE,Bloomsbury Publishing,,
books#volume,Sweet Invention,Cooking,2011,2011,1,426.0,NOT_MATURE,FOR_SALE,Chicago Review Press,12.99,GBP
books#volume,"Roast Figs, Sugar Snow",Cooking,2023-09-14,2023,1,455.0,NOT_MATURE,NOT_FOR_SALE,Aster,,
books#volume,How to eat a peach,Cooking,2018-04-05,2018,1,517.0,NOT_MATURE,FOR_SALE,Hachette UK,4.99,GBP
books#volume,The Korean Way of Tea,Cooking,2007,2007,2,140.0,NOT_MATURE,NOT_FOR_SALE,"Seoul Selection USA, Incorporated",,
books#volume,Cold Dishes for Hot Weather,Cooking,1896,1896,2,148.0,NOT_MATURE,FREE,,,
books#volume,Rainbow Green Live-Food Cuisine,Cooking,2003,2003,1,572.0,NOT_MATURE,NOT_FOR_SALE,North Atlantic Books,,
books#volume,"The Pantropheon, Or, History of Food, and Its Preparation, from the Earliest Ages of the World",Cooking,1853,1853,1,670.0,NOT_MATURE,FREE,"London ; Simpkin, Marshall",,
books#volume,The Power of the Center,Cooking,1983-01-01,1983,1,266.0,NOT_MATURE,NOT_FOR_SALE,Univ of California Press,,
books#volume,The French Kitchen,Cooking,2003,2003,2,258.0,NOT_MATURE,NOT_FOR_SALE,Random House,,
books#volume,Original 1896 Boston Cooking-School Cook Book,Cooking,1997-01-01,1997,1,642.0,NOT_MATURE,NOT_FOR_SALE,Courier Corporation,,
books#volume,The Gourmet's Guide to Europe,Cooking,1908,1908,1,340.0,NOT_MATURE,NOT_FOR_SALE,,,
books#volume,Vegetarian,Cooking,2010,2010,0,240.0,NOT_MATURE,NOT_FOR_SALE,,,
books#volume,Cooking Along the Ganges,Cooking,2002-11-18,2002,1,579.0,NOT_MATURE,NOT_FOR_SALE,iUniverse,,
books#volume,A Guide to Modern Cookery (Classic Reprint),Cooking,2017-07-20,2017,1,906.0,NOT_MATURE,NOT_FOR_SALE,Forgotten Books,,
books#volume,Chocolate and Cocoa Recipes,Cooking,2018-09-05,2018,1,168.0,NOT_MATURE,NOT_FOR_SALE,Createspace Independent Publishing Platform,,
books#volume,Chocolate & Cocoa Recipes,Cooking,2023-10-26,2023,1,0.0,NOT_MATURE,NOT_FOR_SALE,,,
books#volume,Escoffier,Cooking,2025-03-03,2025,1,0.0,NOT_MATURE,NOT_FOR_SALE,,,
books#volume,Industrial Chocolate Manufacture and Use,Cooking,2011-09-07,2011,1,679.0,NOT_MATURE,NOT_FOR_SALE,John Wiley & Sons,,
books#volume,The Book of Tea,Cooking,2018-02-17,2018,1,30.0,NOT_MATURE,NOT_FOR_SALE,Createspace Independent Publishing Platform,,
books#volume,Turquoise,Cooking,2024-12-17,2024,2,623.0,NOT_MATURE,FOR_SALE,Hardie Grant Publishing,9.51,GBP
books#volume,Kafka's Soup,Cooking,2006,2006,0,104.0,NOT_MATURE,NOT_FOR_SALE,Houghton Mifflin Harcourt,,
books#volume,The Pocket Guide to Edible Wild Plants,Cooking,2024-04-02,2024,1,252.0,NOT_MATURE,FOR_SALE,Simon and Schuster,7.65,GBP
books#volume,Street Foods,Cooking,2025-04-01,2025,2,418.0,NOT_MATURE,NOT_FOR_SALE,John Wiley & Sons,,
books#volume,Stray Birds,Cooking,2018-10-17,2018,1,90.0,NOT_MATURE,NOT_FOR_SALE,Franklin Classics Trade Press,,
books#volume,Konkan Cookbook,Cooking,2005,2005,2,156.0,NOT_MATURE,NOT_FOR_SALE,Popular Prakashan,,
books#volume,Flavors of Slovenia,Cooking,2007,2007,1,244.0,NOT_MATURE,NOT_FOR_SALE,Hippocrene Books,,
books#volume,Honey For Dummies,Cooking,2021-03-05,2021,2,363.0,NOT_MATURE,FOR_SALE,John Wiley & Sons,13.99,GBP
books#volume,The MeatEater Fish and Game Cookbook,Cooking,2018-11-20,2018,1,369.0,NOT_MATURE,FOR_SALE,Random House,8.67,GBP
books#volume,The Redpath Canadian Bake Book,Cooking,2017-09-05,2017,1,613.0,NOT_MATURE,FOR_SALE,Appetite by Random House,20.09,GBP
books#volume,Just how,Cooking,1892,1892,1,342.0,NOT_MATURE,FREE,,,
books#volume,Budget Cooking,Cooking,1977,1977,1,156.0,NOT_MATURE,NOT_FOR_SALE,,,
books#volume,The Book of Tea,Cooking,1991,1991,1,160.0,NOT_MATURE,NOT_FOR_SALE,Kodansha Amer Incorporated,,
books#volume,Becoming Vegan,Cooking,2000-01-01,2000,2,281.0,NOT_MATURE,NOT_FOR_SALE,Book Publishing Company (TN),,
books#volume,Blissful Basil,Cooking,2016-12-20,2016,1,321.0,NOT_MATURE,FOR_SALE,"BenBella Books, Inc.",6.19,GBP
books#volume,Ella's Kitchen: The First Foods Book,Cooking,2015-05-05,2015,1,0.0,NOT_MATURE,NOT_FOR_SALE,Hamlyn,,
books#volume,"Japanese Foodways, Past and Present",Cooking,2010,2010,2,306.0,NOT_MATURE,NOT_FOR_SALE,University of Illinois Press,,
books#volume,The Book of Cheese,Cooking,2013-04,2013,1,252.0,NOT_MATURE,NOT_FOR_SALE,Rarebooksclub.com,,
books#volume,Nigella Summer,Cooking,2014-05-01,2014,1,469.0,NOT_MATURE,FOR_SALE,Random House,12.99,GBP
books#volume,Green Kitchen Travels,Cooking,2014-09-15,2014,2,369.0,NOT_MATURE,FOR_SALE,Hardie Grant Books,13.99,GBP
books#volume,Cooking the Russian Way,Cooking,2003-01-01,2003,2,80.0,NOT_MATURE,NOT_FOR_SALE,Lerner Publications,,
books#volume,Food and Drink in Medieval Poland,Cooking,1999-08-20,1999,1,260.0,NOT_MATURE,NOT_FOR_SALE,University of Pennsylvania Press,,
books#volume,World Food Indonesia,Cooking,2002,2002,1,272.0,NOT_MATURE,NOT_FOR_SALE,,,
books#volume,Dastarkhwan-e-Awadh,Cooking,2015-05-01,2015,2,257.0,NOT_MATURE,FOR_SALE,HarperCollins,4.99,GBP
books#volume,The Story of Milk (Classic Reprint),Cooking,2015-07-06,2015,1,220.0,NOT_MATURE,NOT_FOR_SALE,Forgotten Books,,
books#volume,A Book of Mediterranean Food,Cooking,1968,1968,1,207.0,NOT_MATURE,NOT_FOR_SALE,,,
books#volume,The Art of Eating Well,Cooking,1996,1996,1,0.0,NOT_MATURE,NOT_FOR_SALE,Random House (NY),,
books#volume,Malting and Brewing Science,Cooking,1971,1971,3,700.0,NOT_MATURE,NOT_FOR_SALE,,,
books#volume,The Physiology of Taste,Cooking,2011-06-12,2011,2,190.0,NOT_MATURE,NOT_FOR_SALE,CreateSpace,,
books#volume,A Taste of India,Cooking,2001,2001,1,262.0,NOT_MATURE,NOT_FOR_SALE,Harper Collins,,
books#volume,The Boston Cooking-School Cook Book,Cooking,2018-10-23,2018,1,622.0,NOT_MATURE,NOT_FOR_SALE,Franklin Classics Trade Press,,
books#volume,The Silk Road Gourmet,Cooking,2009-07-01,2009,1,372.0,NOT_MATURE,NOT_FOR_SALE,,,
books#volume,The Sushi Economy,Cooking,2007,2007,1,364.0,NOT_MATURE,NOT_FOR_SALE,Penguin,,
books#volume,Cookery for Invalids,Cooking,2023-07-18,2023,1,0.0,NOT_MATURE,NOT_FOR_SALE,Legare Street Press,,
books#volume,Encyclopedia of Foods,Cooking,2002,2002,2,600.0,NOT_MATURE,NOT_FOR_SALE,Academic Press,,
books#volume,The Complete Idiot's Guide to Coffee and Tea,Cooking,2006,2006,2,356.0,NOT_MATURE,NOT_FOR_SALE,Penguin,,
books#volume,My Blank Journal,Cooking,2019-08-10,2019,1,112.0,NOT_MATURE,NOT_FOR_SALE,,,
books#volume,The Logic of Vegetarianism: Essays and Dialogues,Cooking,2019-02-21,2019,1,124.0,NOT_MATURE,NOT_FOR_SALE,Wentworth Press,,
books#volume,A Matter of Taste,Cooking,2004,2004,1,388.0,NOT_MATURE,NOT_FOR_SALE,Penguin Books India,,
books#volume,"Platina, on Right Pleasure and Good Health",Cooking,1998,1998,2,536.0,NOT_MATURE,NOT_FOR_SALE,Arizona Center for Medieval and Renaissance Studies (ACMRS),,
books#volume,A Plain Cookery Book for the Working Classes,Cooking,2016-05-07,2016,1,126.0,NOT_MATURE,NOT_FOR_SALE,Createspace Independent Publishing Platform,,
books#volume,Sausage & Mash,Cooking,2012-09-20,2012,1,161.0,NOT_MATURE,FOR_SALE,A&amp;C Black,10.82,GBP
books#volume,Bakers Gonna Bake,Cooking,2019-08-03,2019,1,112.0,NOT_MATURE,NOT_FOR_SALE,,,
books#volume,The Conquest of Bread,Cooking,2019-02-27,2019,1,296.0,NOT_MATURE,NOT_FOR_SALE,Wentworth Press,,
books#volume,A Change of Appetite,Cooking,2014-03-03,2014,1,,NOT_MATURE,NOT_FOR_SALE,Mitchell Beazley,,
books#volume,Curry,Cooking,2006-02-06,2006,1,354.0,NOT_MATURE,NOT_FOR_SALE,Oxford University Press,,
books#volume,A Visual Feast,Cooking,1991-01-01,1991,2,220.0,NOT_MATURE,NOT_FOR_SALE,Ebury Press,,
books#volume,The Physiology of Taste,Cooking,2009-10-06,2009,1,506.0,NOT_MATURE,NOT_FOR_SALE,Everyman's Library,,
books#volume,Esquire Handbook for Hosts,Cooking,1924-12,1924,1,,NOT_MATURE,NOT_FOR_SALE,Hearst Books,,
books#volume,The Closet of Sir Kenelm Digby Knight Opened,Cooking,2018-07-10,2018,1,228.0,NOT_MATURE,NOT_FOR_SALE,Createspace Independent Publishing Platform,,
books#volume,The Story of My Boyhood and Youth,Cooking,2024-02-17,2024,1,0.0,NOT_MATURE,NOT_FOR_SALE,,,
books#volume,Understanding Food,Cooking,2007-04,2007,1,672.0,NOT_MATURE,NOT_FOR_SALE,Cengage Learning,,
books#volume,"Raw and Natural Nutrition for Dogs, Revised Edition",Cooking,2015-08-18,2015,1,337.0,NOT_MATURE,NOT_FOR_SALE,North Atlantic Books,,
books#volume,Cakes,Cooking,2011-03-07,2011,1,265.0,NOT_MATURE,NOT_FOR_SALE,A&C Black,,
books#volume,The Dictionary of American Food and Drink,Cooking,1994,1994,1,379.0,NOT_MATURE,NOT_FOR_SALE,Hearst Communications,,
books#volume,"A Treatise On Flour, Yeast, Fermentation, and Baking",Cooking,2022-10-27,2022,1,0.0,NOT_MATURE,NOT_FOR_SALE,Legare Street Press,,
books#volume,High Tea,Cooking,2020-09-29,2020,1,146.0,NOT_MATURE,NOT_FOR_SALE,Rizzoli Publications,,
books#volume,The Little Tea Book,Cooking,2013-04-07,2013,1,66.0,NOT_MATURE,NOT_FOR_SALE,CreateSpace,,
books#volume,Nadiya's Fast Flavours,Cooking,2021-10-28,2021,1,305.0,NOT_MATURE,FOR_SALE,Penguin UK,9.99,GBP
books#volume,All about Coffee,Cooking,1935,1935,1,818.0,NOT_MATURE,NOT_FOR_SALE,Gale Cengage,,
books#volume,Suriani Kitchen,Cooking,2009,2009,1,240.0,NOT_MATURE,NOT_FOR_SALE,,,
books#volume,How to Cook a Wolf,Cooking,2020-06-04,2020,1,288.0,NOT_MATURE,NOT_FOR_SALE,,,
books#volume,SuperFoods Rx LP,Cooking,2007-04-01,2007,2,416.0,NOT_MATURE,NOT_FOR_SALE,HarperLargePrint,,
books#volume,Pocket Sudoku Hard,Cooking,2019-12-27,2019,1,160.0,NOT_MATURE,NOT_FOR_SALE,,,
books#volume,Pocket Sudoku Hard,Cooking,2019-12-26,2019,1,160.0,NOT_MATURE,NOT_FOR_SALE,,,
books#volume,Foods to Fight Cancer,Cooking,2007-04-16,2007,1,,NOT_MATURE,NOT_FOR_SALE,,,
books#volume,Five Quarters of the Orange,Cooking,2001,2001,1,440.0,NOT_MATURE,NOT_FOR_SALE,Doubleday UK,,
books#volume,Salt,Cooking,2001,2001,1,244.0,NOT_MATURE,NOT_FOR_SALE,Columbia University Press,,
books#volume,The Compleat I Hate to Cook Book,Cooking,1997-04-01,1997,1,288.0,NOT_MATURE,NOT_FOR_SALE,Bbs Publishing Corporation,,
books#volume,The Cook's Decameron,Cooking,2018-01-03,2018,1,198.0,NOT_MATURE,NOT_FOR_SALE,Forgotten Books,,
books#volume,A History and Description of Modern Wines,Cooking,2016-05-19,2016,1,456.0,NOT_MATURE,NOT_FOR_SALE,Palala Press,,
books#volume,Mince Pie,Cooking,2023-07-18,2023,1,0.0,NOT_MATURE,NOT_FOR_SALE,Legare Street Press,,
books#volume,A Kipper with My Tea,Cooking,1988,1988,1,274.0,NOT_MATURE,NOT_FOR_SALE,,,
books#volume,Eating Without Fears,Cooking,1924,1924,1,208.0,NOT_MATURE,NOT_FOR_SALE,,,
books#volume,Greek Cookbook,Cooking,1976,1976,1,128.0,NOT_MATURE,NOT_FOR_SALE,,,
books#volume,Jekka's Complete Herb Book,Cooking,2003-03,2003,1,256.0,NOT_MATURE,NOT_FOR_SALE,,,
books#volume,Wine All-in-One For Dummies,Cooking,2009-08-31,2009,3,711.0,NOT_MATURE,NOT_FOR_SALE,John Wiley & Sons,,
books#volume,"Love and Lemons Every Day: More Than 100 Bright, Plant-Forward Recipes for Every Meal: a Cookbook [Spiral-Bound] Jeanine Donofrio",Cooking,2019-04-02,2019,1,0.0,NOT_MATURE,NOT_FOR_SALE,,,
books#volume,Street Food around the World,Cooking,2013-09-09,2013,2,882.0,NOT_MATURE,FOR_SALE,Bloomsbury Publishing USA,76.5,GBP
books#volume,The Food of India,Cooking,2005,2005,2,0.0,NOT_MATURE,NOT_FOR_SALE,Whitecap Books,,
books#volume,Noodle!,Cooking,2014-06-26,2014,1,160.0,NOT_MATURE,FOR_SALE,A&C Black,10.39,GBP
books#volume,Pizza,Cooking,2012-01-13,2012,2,545.0,NOT_MATURE,FOR_SALE,Chronicle Books,12.99,GBP
books#volume,Indian & Western Air fryer recipes,Cooking,2018-10-06,2018,1,129.0,NOT_MATURE,FOR_SALE,Notion Press,2.09,GBP
books#volume,Wine Into Words. a History and Bibliography of Wine Books in the English Language,Cooking,1985-01-01,1985,2,420.0,NOT_MATURE,NOT_FOR_SALE,,,
books#volume,"For God, Country and Coca-Cola",Cooking,1997,1997,1,604.0,NOT_MATURE,NOT_FOR_SALE,Scribner,,
books#volume,Good Better Green,Cooking,2016-03-10,2016,1,295.0,NOT_MATURE,FOR_SALE,Hardie Grant Publishing,8.99,GBP
books#volume,The Book of Tea,Cooking,2006,2006,1,74.0,NOT_MATURE,NOT_FOR_SALE,ReadHowYouWant.com,,
books#volume,The Invention of the Restaurant,Cooking,2020-01-14,2020,1,353.0,NOT_MATURE,FOR_SALE,Harvard University Press,15.57,GBP
books#volume,Thailand's Best Street Food,Cooking,2015-02-24,2015,1,168.0,NOT_MATURE,FOR_SALE,Tuttle Publishing,9.51,GBP
books#volume,The Unexpected Genius of Pigs,Cooking,2018-10-04,2018,1,121.0,NOT_MATURE,FOR_SALE,HarperCollins,5.99,GBP
books#volume,Cheese,Cooking,2009-11-15,2009,1,154.0,NOT_MATURE,FOR_SALE,Reaktion Books,8.96,GBP
books#volume,Mary Berry's Family Sunday Lunches,Cooking,2016-09-08,2016,1,452.0,NOT_MATURE,NOT_FOR_SALE,Headline Home,,
books#volume,The Bloodless Revolution,Cooking,2007,2007,1,692.0,NOT_MATURE,NOT_FOR_SALE,W. W. Norton & Company,,
books#volume,The Ideal Bartender,Cooking,2015-09-18,2015,1,60.0,NOT_MATURE,NOT_FOR_SALE,,,
books#volume,Sensory Evaluation Practices,Cooking,2012-08-02,2012,3,450.0,NOT_MATURE,NOT_FOR_SALE,Academic Press,,
books#volume,The Pasta Man,Cooking,2021-06-10,2021,1,206.0,MATURE,FOR_SALE,Hardie Grant Publishing,9.99,GBP
books#volume,The Lost Chef,Cooking,2020-04-11,2020,1,148.0,NOT_MATURE,FOR_SALE,Leila Chalk,8.0,GBP
books#volume,Motherland,Cooking,2022-09-29,2022,1,306.0,NOT_MATURE,FOR_SALE,Bloomsbury Publishing,18.2,GBP
books#volume,Tastes of Byzantium,Cooking,2010-06-30,2010,1,272.0,NOT_MATURE,FOR_SALE,Bloomsbury Publishing,17.09,GBP
books#volume,Uncorked,Cooking,2013-06-02,2013,1,213.0,NOT_MATURE,FOR_SALE,Princeton University Press,14.3,GBP
books#volume,Memories of Gascony,Cooking,2013-10-01,2013,1,256.0,NOT_MATURE,NOT_FOR_SALE,Mitchell Beazley,,
books#volume,Pasta,Cooking,2002-11-06,2002,2,465.0,NOT_MATURE,FOR_SALE,Columbia University Press,26.79,GBP
books#volume,Solo Food: 72 recipes for you alone,Cooking,2017-12-14,2017,1,251.0,NOT_MATURE,FOR_SALE,HarperCollins UK,7.99,GBP
books#volume,Restoring Heritage Grains,Cooking,2016-07-01,2016,1,199.0,NOT_MATURE,FOR_SALE,Chelsea Green Publishing,16.37,GBP
books#volume,Intuitive Weaning,Cooking,2023-01-31,2023,1,0.0,NOT_MATURE,NOT_FOR_SALE,National Geographic Books,,
books#volume,Radical Brewing,Cooking,2004-05-06,2004,1,666.0,NOT_MATURE,FOR_SALE,Brewers Publications,13.16,GBP
books#volume,"The Peppers, Cracklings, and Knots of Wool Cookbook",Cooking,2000-09-07,2000,1,440.0,NOT_MATURE,NOT_FOR_SALE,SUNY Press,,
books#volume,Gin,Cooking,2012-05-15,2012,1,170.0,NOT_MATURE,FOR_SALE,Reaktion Books,8.96,GBP
books#volume,Made in Italy,Cooking,2008,2008,2,0.0,NOT_MATURE,NOT_FOR_SALE,Fourth Estate (GB),,
books#volume,Victoria's Favorite Recipes,Cooking,2019-05-10,2019,1,120.0,NOT_MATURE,NOT_FOR_SALE,,,
books#volume,Heat,Cooking,2006-05-30,2006,1,336.0,NOT_MATURE,NOT_FOR_SALE,Vintage,,
books#volume,Large Print Word Search,Cooking,2019-08-31,2019,1,99.0,NOT_MATURE,NOT_FOR_SALE,,,
books#volume,Mary Berry's Stress-free Kitchen,Cooking,2008,2008,1,214.0,NOT_MATURE,NOT_FOR_SALE,Headline Book Pub Limited,,
books#volume,My Bread,Cooking,2024-09-17,2024,1,314.0,NOT_MATURE,FOR_SALE,W. W. Norton & Company,17.28,GBP
books#volume,The Wisdom of the Chinese Kitchen,Cooking,1999-05-05,1999,1,312.0,NOT_MATURE,NOT_FOR_SALE,Simon and Schuster,,
books#volume,Temperature Log Book,Cooking,2018-07-03,2018,1,104.0,NOT_MATURE,NOT_FOR_SALE,Createspace Independent Publishing Platform,,
books#volume,The Kingdom of Rye,Cooking,2024-04-23,2024,1,197.0,NOT_MATURE,NOT_FOR_SALE,Univ of California Press,,
books#volume,Nobu,Cooking,2017-11-07,2017,1,224.0,NOT_MATURE,NOT_FOR_SALE,Simon and Schuster,,
books#volume,Taste,Cooking,2021-10-07,2021,1,336.0,NOT_MATURE,NOT_FOR_SALE,Fig Tree,,
books#volume,"The Christmas Chronicles: Notes, stories & 100 essential recipes for midwinter",Cooking,2017-10-19,2017,1,632.0,NOT_MATURE,FOR_SALE,HarperCollins UK,9.99,GBP
books#volume,Deja's Favorite Recipes,Cooking,2019-05-08,2019,1,120.0,NOT_MATURE,NOT_FOR_SALE,,,
books#volume,A Matter of Taste,Cooking,2010,2010,0,,NOT_MATURE,NOT_FOR_SALE,,,
books#volume,Food and Feast in Medieval England,Cooking,1995,1995,1,204.0,NOT_MATURE,NOT_FOR_SALE,Alan Sutton Publishing,,
books#volume,Chinese Food,Cooking,1973,1973,1,270.0,NOT_MATURE,NOT_FOR_SALE,,,
books#volume,Delicioso,Cooking,2025-07-13,2025,1,344.0,NOT_MATURE,FOR_SALE,Reaktion Books,13.0,GBP
books#volume,Olive Odyssey,Cooking,2014-05-05,2014,1,211.0,NOT_MATURE,FOR_SALE,Greystone Books,12.99,GBP
books#volume,Brandon's Best Recipes,Cooking,2019-05-21,2019,1,120.0,NOT_MATURE,NOT_FOR_SALE,,,
books#volume,Kara's Favorite Recipes,Cooking,2019-05-09,2019,1,120.0,NOT_MATURE,NOT_FOR_SALE,,,
books#volume,The World Atlas of Tea,Cooking,2025-02,2025,1,0.0,NOT_MATURE,NOT_FOR_SALE,Firefly Books,,
books#volume,Angel's Favorite Recipes,Cooking,2019-05-09,2019,1,120.0,NOT_MATURE,NOT_FOR_SALE,,,
books#volume,The Whole Food Bible,Cooking,1996-10,1996,1,274.0,NOT_MATURE,NOT_FOR_SALE,Inner Traditions / Bear & Co,,
books#volume,Secrets of Saffron,Cooking,2002-04-11,2002,1,246.0,NOT_MATURE,NOT_FOR_SALE,Beacon Press,,
books#volume,Trace Elements and Other Essential Nutrients,Health,1997,1997,1,200.0,NOT_MATURE,NOT_FOR_SALE,,,
books#volume,A Social History of Medicine,Health,2001,2001,1,250.0,NOT_MATURE,NOT_FOR_SALE,Psychology Press,,
books#volume,The Fyrst Boke of the Introduction of Knowledge,Health,1870,1870,1,412.0,NOT_MATURE,FREE,,,
books#volume,Essential Concepts for Healthy Living,Health,2002-12,2002,2,92.0,MATURE,NOT_FOR_SALE,Jones & Bartlett Learning,,
books#volume,Principles of Gender-specific Medicine,Health,2004,2004,2,696.0,NOT_MATURE,NOT_FOR_SALE,Gulf Professional Publishing,,
books#volume,The Encyclopedia of Men's Health,Health,2005,2005,2,400.0,NOT_MATURE,NOT_FOR_SALE,Infobase Publishing,,
books#volume,"Health, the Basics",Health,1994,1994,2,548.0,MATURE,NOT_FOR_SALE,,,
books#volume,Ie-Inv Hlth Bf W/Pro 04,Health,2004,2004,1,440.0,NOT_MATURE,NOT_FOR_SALE,,,
books#volume,Handbook of Religion and Health,Health,2001,2001,3,724.0,NOT_MATURE,NOT_FOR_SALE,"Oxford University Press, USA",,
books#volume,Handbook of Religion and Health,Health,2024,2024,3,1113.0,NOT_MATURE,NOT_FOR_SALE,Oxford University Press,,
books#volume,The Pleasures of Imagination,Health,1794,1794,1,106.0,NOT_MATURE,FREE,,,
books#volume,Science and Health with Key to the Scriptures,Health,1894,1894,1,696.0,NOT_MATURE,FREE,,,
books#volume,Matters of Life and Death,Health,1998,1998,1,0.0,NOT_MATURE,NOT_FOR_SALE,,,
books#volume,The Art of Preserving Health,Health,1893,1893,1,488.0,NOT_MATURE,FREE,,,
books#volume,An Occult View of Health & Disease,Health,1925,1925,1,82.0,NOT_MATURE,NOT_FOR_SALE,,,
books#volume,"The American Woman's Home: Or, Principles of Domestic Science",Health,1869,1869,2,532.0,NOT_MATURE,FREE,,,
books#volume,Social Psychology of Health,Health,2003,2003,2,412.0,NOT_MATURE,NOT_FOR_SALE,Psychology Press,,
books#volume,Understanding Trauma,Health,2007,2007,3,519.0,NOT_MATURE,NOT_FOR_SALE,,,
books#volume,Inner Hygiene,Health,2023,2023,1,0.0,NOT_MATURE,NOT_FOR_SALE,,,
books#volume,The Science of Well-being,Health,2005,2005,3,562.0,NOT_MATURE,NOT_FOR_SALE,,,
books#volume,Health and Social Organization,Health,1996,1996,3,346.0,NOT_MATURE,NOT_FOR_SALE,Psychology Press,,
books#volume,The Wheel of Health,Health,1938,1938,1,164.0,NOT_MATURE,NOT_FOR_SALE,,,
books#volume,Mirage of Health,Health,1987,1987,1,296.0,NOT_MATURE,NOT_FOR_SALE,Rutgers University Press,,
books#volume,The Royal Society of Medicine Health Encyclopedia,Health,2001,2001,1,798.0,NOT_MATURE,NOT_FOR_SALE,Bloomsbury Press,,
books#volume,Psychology of Physical Activity and Exercise,Health,1991,1991,2,328.0,NOT_MATURE,NOT_FOR_SALE,Springer,,
books#volume,An Invitation to Health,Health,2012,2012,1,513.0,NOT_MATURE,NOT_FOR_SALE,,,
books#volume,Loving Yourself to Great Health,Health,2014,2014,3,385.0,NOT_MATURE,NOT_FOR_SALE,Hay House,,
books#volume,Health,Health,2001,2001,1,484.0,MATURE,NOT_FOR_SALE,Benjamin-Cummings Publishing Company,,
books#volume,Fitness and Wellness,Health,2004-03-01,2004,1,274.0,NOT_MATURE,NOT_FOR_SALE,Brooks/Cole Publishing Company,,
books#volume,Oxford Textbook of Spirituality in Healthcare,Health,2012,2012,3,0.0,NOT_MATURE,NOT_FOR_SALE,Oxford Textbooks in Public Hea,,
books#volume,"The Tao of Health, Sex, and Longevity",Health,1989-07-15,1989,1,432.0,MATURE,NOT_FOR_SALE,Simon and Schuster,,
books#volume,Applying Concepts for Healthy Living,Health,2006,2006,1,0.0,NOT_MATURE,NOT_FOR_SALE,,,
books#volume,"The Fyrst Boke of the Introduction of Knowledge Made by Andrew Borde, of Physycke Doctor",Health,1870,1870,1,402.0,NOT_MATURE,FREE,,,
books#volume,An Invitation to Health,Health,2006,2006,1,,NOT_MATURE,NOT_FOR_SALE,,,
books#volume,American Medical Association Complete Medical Encyclopedia,Health,2003,2003,3,1410.0,NOT_MATURE,NOT_FOR_SALE,Random House Reference Publishing,,
books#volume,The British Medical Association Family Doctor Home Adviser,Health,1999,1999,1,320.0,NOT_MATURE,NOT_FOR_SALE,,,
books#volume,Health and Beauty Therapy,Health,2001,2001,2,0.0,NOT_MATURE,NOT_FOR_SALE,,,
books#volume,Vitamins & Minerals,Health,2016-01-21,2016,1,0.0,NOT_MATURE,NOT_FOR_SALE,Bounty Books,,
books#volume,Health and the Rise of Civilization,Health,1989-01-01,1989,1,300.0,NOT_MATURE,NOT_FOR_SALE,Yale University Press,,
books#volume,Research Methods in Physical Activity,Health,1990,1990,2,578.0,NOT_MATURE,NOT_FOR_SALE,,,
books#volume,Health,Health,2018-01-30,2018,1,576.0,NOT_MATURE,NOT_FOR_SALE,,,
books#volume,"Money, and the Law of Attraction",Health,2008,2008,2,294.0,NOT_MATURE,NOT_FOR_SALE,Hay House,,
books#volume,The Maintenance of Health,Health,1875,1875,1,386.0,NOT_MATURE,FREE,,,
books#volume,Good Health and how We Won it,Health,1909,1909,2,356.0,NOT_MATURE,NOT_FOR_SALE,,,
books#volume,Science and Health,Health,1934,1934,1,194.0,NOT_MATURE,NOT_FOR_SALE,Writings of Mary Baker Eddy,,
books#volume,The Psychology of Exercise,Health,2014,2014,3,0.0,NOT_MATURE,NOT_FOR_SALE,Routledge,,
books#volume,Encyclopedia of Family Health,Health,2004,2004,2,148.0,NOT_MATURE,NOT_FOR_SALE,Marshall Cavendish,,
books#volume,Human Biology and Health,Health,2000,2000,5,,NOT_MATURE,NOT_FOR_SALE,,,
books#volume,The Hygienist,Health,1917,1917,0,266.0,NOT_MATURE,NOT_FOR_SALE,,,
books#volume,Biology of Women,Health,1980,1980,1,564.0,MATURE,NOT_FOR_SALE,John Wiley & Sons,,
books#volume,Your Body's Many Cries for Water,Health,1995,1995,1,212.0,NOT_MATURE,NOT_FOR_SALE,,,
books#volume,"Mosby's Pocket Dictionary of Medicine, Nursing & Allied Health",Health,1998,1998,2,1324.0,NOT_MATURE,NOT_FOR_SALE,,,
books#volume,Health Promotion Throughout the Lifespan,Health,1986,1986,2,706.0,NOT_MATURE,NOT_FOR_SALE,Mosby,,
books#volume,Dreambody,Health,2011,2011,1,247.0,NOT_MATURE,FOR_SALE,Deep Democracy Exchange,12.49,GBP
books#volume,"Spirit, Science, and Health",Health,2007-06-30,2007,2,0.0,NOT_MATURE,NOT_FOR_SALE,Praeger,,
books#volume,An Irreverent and Almost Complete Social History of the Bathroom,Health,1983,1983,1,188.0,NOT_MATURE,NOT_FOR_SALE,,,
books#volume,Body Mechanics and Health,Health,1922,1922,2,120.0,NOT_MATURE,NOT_FOR_SALE,,,
books#volume,Hygienic System Vol. II - Orthotrophy,Health,1963,1963,1,290.0,NOT_MATURE,NOT_FOR_SALE,Health Research Books,,
books#volume,Qigong,Health,1992-01-01,1992,2,100.0,NOT_MATURE,NOT_FOR_SALE,Weiser Books,,
books#volume,Your Body's Many Cries for Water,Health,2008,2008,1,0.0,NOT_MATURE,NOT_FOR_SALE,,,
books#volume,Child Care in the Tropics,Health,1978,1978,1,106.0,NOT_MATURE,NOT_FOR_SALE,,,
books#volume,"Counsels on Health, and Instruction to Medical Missionary Workers",Health,1957,1957,1,687.0,NOT_MATURE,NOT_FOR_SALE,,,
books#volume,Lifetime Physical Fitness and Wellness,Health,1995,1995,1,388.0,NOT_MATURE,NOT_FOR_SALE,Morton Publishing Company,,
books#volume,Core Concepts in Health,Health,2005,2005,1,717.0,NOT_MATURE,NOT_FOR_SALE,,,
books#volume,Promoting the Health of Adolescents,Health,1993,1993,3,418.0,NOT_MATURE,NOT_FOR_SALE,,,
books#volume,The Essence of Tai Chi Chi Kung,Health,1990,1990,1,0.0,NOT_MATURE,NOT_FOR_SALE,,,
books#volume,Principles and Labs for Fitness and Wellness,Health,2008-11-10,2008,4,472.0,NOT_MATURE,NOT_FOR_SALE,,,
books#volume,Wheat Belly,Health,2011,2011,1,292.0,NOT_MATURE,NOT_FOR_SALE,Rodale Books,,
books#volume,"The Fyrst Boke of the Introduction of Knowledge Made by Andrew Borde, of Physycke Doctor",Health,1870,1870,1,396.0,NOT_MATURE,NOT_FOR_SALE,,,
books#volume,Forever Fit,Health,1991,1991,1,364.0,NOT_MATURE,NOT_FOR_SALE,Bantam,,
books#volume,The Healing Code,Health,2011,2011,2,0.0,NOT_MATURE,NOT_FOR_SALE,,,
books#volume,Science and Health with a Key to the Scriptures,Health,2015-08-11,2015,1,726.0,NOT_MATURE,NOT_FOR_SALE,Andesite Press,,
books#volume,Qualitative Research Methods,Health,1999,1999,2,314.0,NOT_MATURE,NOT_FOR_SALE,,,
books#volume,Principles & Labs for Physical Fitness and Wellness,Health,1994,1994,2,424.0,NOT_MATURE,NOT_FOR_SALE,,,
books#volume,Principles and Labs for Physical Fitness and Wellness,Health,1991-01-01,1991,1,352.0,NOT_MATURE,NOT_FOR_SALE,Morton Publishing Company,,
books#volume,Essentials for Health and Wellness,Health,1997,1997,3,0.0,NOT_MATURE,NOT_FOR_SALE,Jones & Bartlett Publishers,,
books#volume,100% Health,Health,2003-12-18,2003,1,288.0,NOT_MATURE,NOT_FOR_SALE,Piatkus Books,,
books#volume,The One Minute Manager Gets Fit,Health,1986,1986,3,136.0,NOT_MATURE,NOT_FOR_SALE,William Morrow,,
books#volume,How to Eat,Health,1999,1999,1,548.0,NOT_MATURE,NOT_FOR_SALE,Random House,,
books#volume,Progress and Poverty,Health,1975,1975,2,10.0,NOT_MATURE,NOT_FOR_SALE,,,
books#volume,Encyclopedia of Food and Health,Health,2016,2016,3,,NOT_MATURE,NOT_FOR_SALE,,,
books#volume,Le normal et le pathologique,Health,1984,1984,1,224.0,NOT_MATURE,NOT_FOR_SALE,Presses Universitaires de France - PUF,,
books#volume,The Health Reformer,Health,1870,1870,0,354.0,NOT_MATURE,FREE,,,
books#volume,Fit for Life,Health,1986,1986,2,241.0,NOT_MATURE,NOT_FOR_SALE,,,
books#volume,Core Concepts in Health,Health,1979,1979,2,636.0,NOT_MATURE,NOT_FOR_SALE,,,
books#volume,Health: Pearson New International Edition,Health,2013-07-23,2013,1,539.0,NOT_MATURE,NOT_FOR_SALE,,,
books#volume,Principles and Labs for Fitness and Wellness,Health,2006,2006,1,0.0,NOT_MATURE,NOT_FOR_SALE,,,
books#volume,Fit & Well,Health,2005,2005,3,498.0,NOT_MATURE,NOT_FOR_SALE,McGraw-Hill Companies,,
books#volume,Body for Life,Health,2002,2002,2,232.0,NOT_MATURE,NOT_FOR_SALE,HarperCollins UK,,
books#volume,The Book of Do-In,Health,1979,1979,1,224.0,NOT_MATURE,NOT_FOR_SALE,Kodansha,,
books#volume,The Brain,Health,1997,1997,1,36.0,NOT_MATURE,NOT_FOR_SALE,HarperCollins Publishers,,
books#volume,Earl Mindell's Vitamin Bible,Health,1981,1981,1,351.0,NOT_MATURE,NOT_FOR_SALE,Grand Central Pub,,
books#volume,Picturing Health and Illness,Health,1995,1995,1,208.0,NOT_MATURE,NOT_FOR_SALE,,,
books#volume,"Insects, Hygiene and History",Health,1976,1976,1,280.0,NOT_MATURE,NOT_FOR_SALE,Burns & Oates,,
books#volume,The Great Escape,Health,2024-05-21,2024,1,392.0,NOT_MATURE,NOT_FOR_SALE,Princeton University Press,,
books#volume,"Stressful Life Events, Social-support Networks, and Gerontological Health",Health,1982,1982,1,184.0,NOT_MATURE,NOT_FOR_SALE,Free Press,,
books#volume,Science and Health,Health,1920,1920,1,700.0,NOT_MATURE,NOT_FOR_SALE,,,
books#volume,Health and Wellness for Life,Health,2009,2009,1,506.0,MATURE,NOT_FOR_SALE,Human Kinetics,,
books#volume,Naturally Dangerous,Health,2001-09-21,2001,1,308.0,NOT_MATURE,NOT_FOR_SALE,University Science Books,,
books#volume,The China Study,Health,2006,2006,2,442.0,NOT_MATURE,NOT_FOR_SALE,BenBella Books,,
books#volume,The Secret Garden,Health,1994,1994,1,244.0,NOT_MATURE,NOT_FOR_SALE,Playmore Publishers,,
books#volume,Handbook of Self-Regulation,Health,2005-07-25,2005,3,814.0,NOT_MATURE,NOT_FOR_SALE,Elsevier,,
books#volume,How Australia Compares,Health,2004-04-27,2004,2,302.0,NOT_MATURE,NOT_FOR_SALE,Cambridge University Press,,
books#volume,Go Up and Seek God,Health,1998,1998,2,79.0,NOT_MATURE,NOT_FOR_SALE,,,
books#volume,Poverty and Health,Health,1978,1978,1,296.0,NOT_MATURE,NOT_FOR_SALE,,,
books#volume,Where There is No Doctor,Health,1979-01-01,1979,1,432.0,NOT_MATURE,NOT_FOR_SALE,,,
books#volume,Primary Health Care in Korea,Health,1981,1981,1,224.0,NOT_MATURE,NOT_FOR_SALE,,,
books#volume,Perfect Health,Health,2006,2006,1,,NOT_MATURE,NOT_FOR_SALE,,,
books#volume,Doing a Literature Review in Health,Health,2007-08-01,2007,1,148.0,NOT_MATURE,NOT_FOR_SALE,Open University Press,,
books#volume,Dangerous Sexualities,Health,2000,2000,1,304.0,MATURE,NOT_FOR_SALE,Psychology Press,,
books#volume,Well-being for the Elderly,Health,1985,1985,1,216.0,NOT_MATURE,NOT_FOR_SALE,Free Press,,
books#volume,Health,Health,1999,1999,0,742.0,NOT_MATURE,NOT_FOR_SALE,,,
books#volume,Gracie Diet,Health,2010-10-08,2010,1,,NOT_MATURE,NOT_FOR_SALE,,,
books#volume,Wheatgrass,Health,1998-04-01,1998,1,224.0,NOT_MATURE,NOT_FOR_SALE,Sprout House,,
books#volume,Health; Some Books about it,Health,1915,1915,1,12.0,NOT_MATURE,NOT_FOR_SALE,,,
books#volume,Rainbow Green Live-Food Cuisine,Health,2003,2003,1,572.0,NOT_MATURE,NOT_FOR_SALE,North Atlantic Books,,
books#volume,An Occupational Perspective of Health,Health,2006,2006,1,392.0,NOT_MATURE,NOT_FOR_SALE,SLACK Incorporated,,
books#volume,George's Marvelous Medicine,Health,2002,2002,1,0.0,NOT_MATURE,NOT_FOR_SALE,Knopf Books for Young Readers,,
books#volume,Sociology for Nurses,Health,2005,2005,2,321.0,NOT_MATURE,NOT_FOR_SALE,Polity,,
books#volume,Light on Yoga,Health,1991-10,1991,1,544.0,NOT_MATURE,NOT_FOR_SALE,,,
books#volume,The Mystery of Sleep,Health,1905,1905,1,226.0,NOT_MATURE,NOT_FOR_SALE,,,
books#volume,Core Concepts in Health,Health,2006,2006,3,,NOT_MATURE,NOT_FOR_SALE,,,
books#volume,Successful Aging,Health,2020,2020,1,0.0,NOT_MATURE,NOT_FOR_SALE,Dutton Adult (Hc),,
books#volume,The World's Greatest Treasury of Health Secrets : Newly Expanded,Health,2006,2006,0,563.0,NOT_MATURE,NOT_FOR_SALE,,,
books#volume,Nutrition Almanac,Health,1972,1972,2,174.0,NOT_MATURE,NOT_FOR_SALE,,,
books#volume,Eat Right for Your Type,Health,2016,2016,2,411.0,NOT_MATURE,NOT_FOR_SALE,,,
books#volume,Positive Psychology,Health,2004,2004,1,408.0,NOT_MATURE,NOT_FOR_SALE,Psychology Press,,
books#volume,The World's Greatest Treasury of Health Secrets,Health,2007-01-01,2007,1,563.0,NOT_MATURE,NOT_FOR_SALE,,,
books#volume,Live Well Live Long,Health,2016,2016,1,0.0,NOT_MATURE,NOT_FOR_SALE,,,
books#volume,Solitary Fitness,Health,2007,2007,1,0.0,NOT_MATURE,NOT_FOR_SALE,John Blake Publishing Ltd,,
books#volume,Infections and Inequalities,Health,2001-02-23,2001,1,424.0,NOT_MATURE,NOT_FOR_SALE,Univ of California Press,,
books#volume,Get Well Naturally,Health,1965,1965,1,406.0,NOT_MATURE,NOT_FOR_SALE,,,
books#volume,Live Right for Your Type,Health,2002-03-07,2002,2,362.0,NOT_MATURE,NOT_FOR_SALE,Penguin UK,,
books#volume,ECompanion for Principles and Labs for Physical Fitness,Health,2011,2011,2,,NOT_MATURE,NOT_FOR_SALE,,,
books#volume,Aquaculture,Health,1990,1990,1,575.0,NOT_MATURE,NOT_FOR_SALE,Wiley-Blackwell,,
books#volume,The use of the self,Health,1931,1931,1,0.0,NOT_MATURE,NOT_FOR_SALE,,,
books#volume,The Bottom Line Book of Total Health and Wellness,Health,2004,2004,0,356.0,NOT_MATURE,NOT_FOR_SALE,Barnes & Noble Publishing,,
books#volume,Beyond Training,Health,2014,2014,1,484.0,NOT_MATURE,NOT_FOR_SALE,Simon and Schuster,,
books#volume,Health Statistics,Health,1980,1980,1,168.0,NOT_MATURE,NOT_FOR_SALE,Gale Cengage,,
books#volume,May the People Live,Health,1999,1999,1,380.0,NOT_MATURE,NOT_FOR_SALE,Auckland University Press,,
books#volume,You and Your Fitness and Health,Health,1986,1986,2,52.0,NOT_MATURE,NOT_FOR_SALE,E.D.C. Publishing,,
books#volume,Reader's Digest Family Health Guide,Health,1979,1979,0,599.0,NOT_MATURE,NOT_FOR_SALE,,,
books#volume,Fit & Well,Health,2023,2023,4,,NOT_MATURE,NOT_FOR_SALE,,,
books#volume,Complete Blood Type Encyclopedia,Health,2002,2002,1,583.0,NOT_MATURE,NOT_FOR_SALE,,,
books#volume,The Blue Zones Solution,Health,2015,2015,1,324.0,NOT_MATURE,NOT_FOR_SALE,National Geographic Books,,
books#volume,The Functional Foods Revolution,Health,2001,2001,2,337.0,NOT_MATURE,NOT_FOR_SALE,Routledge,,
books#volume,High Level Wellness,Health,1979,1979,1,305.0,NOT_MATURE,NOT_FOR_SALE,,,
books#volume,The Genetics of Health,Health,2017,2017,1,408.0,NOT_MATURE,NOT_FOR_SALE,,,
books#volume,You are the Placebo,Health,2014,2014,1,417.0,NOT_MATURE,NOT_FOR_SALE,Hay House,,
books#volume,Daoist Body Cultivation,Health,2006,2006,1,252.0,NOT_MATURE,NOT_FOR_SALE,Three Pine Press,,
books#volume,The Miracle of Enzyme,Health,2008,2008,1,308.0,NOT_MATURE,NOT_FOR_SALE,PT Mizan Publika,,
books#volume,You are what You Eat Cookbook,Health,2005,2005,1,0.0,NOT_MATURE,NOT_FOR_SALE,,,
books#volume,Fresh Vegetable and Fruit Juices,Health,1970,1970,1,136.0,NOT_MATURE,NOT_FOR_SALE,Book Publishing Company,,
books#volume,Feeling Good,Health,2004-05-06,2004,1,401.0,NOT_MATURE,NOT_FOR_SALE,Oxford University Press,,
books#volume,Making Stress Work for You,Health,1984,1984,1,222.0,NOT_MATURE,NOT_FOR_SALE,W Publishing Group,,
books#volume,An Invitation to Health,Health,2003,2003,1,0.0,NOT_MATURE,NOT_FOR_SALE,Cengage Learning,,
books#volume,Introduction to Health Research Methods,Health,2016-07-29,2016,1,393.0,NOT_MATURE,NOT_FOR_SALE,Jones & Bartlett Publishers,,
books#volume,Psychological Perspectives on Stress and Health,Health,1999,1999,1,364.0,NOT_MATURE,NOT_FOR_SALE,Concept Publishing Company,,
books#volume,Aveda Rituals,Health,1999,1999,1,308.0,NOT_MATURE,NOT_FOR_SALE,Macmillan,,
books#volume,Manly Health and Training,Health,2017-02-07,2017,2,224.0,NOT_MATURE,NOT_FOR_SALE,Simon and Schuster,,
books#volume,Move Well Age Well,Fitness,2020-03-22,2020,1,43.0,NOT_MATURE,NOT_FOR_SALE,,,
books#volume,The Body in Motion,Fitness,1988,1988,0,174.0,NOT_MATURE,NOT_FOR_SALE,Time Life Medical,,
books#volume,Perfectly Imperfect,Fitness,2016,2016,1,185.0,NOT_MATURE,NOT_FOR_SALE,Hay House,,
books#volume,BTEC National Sport,Fitness,2004,2004,1,358.0,NOT_MATURE,NOT_FOR_SALE,Heinemann,,
books#volume,Natural Superwoman,Fitness,1999,1999,1,208.0,NOT_MATURE,NOT_FOR_SALE,,,
books#volume,Physical Activity and Health,Fitness,,,0,0.0,NOT_MATURE,NOT_FOR_SALE,,,
books#volume,Serious Training for Endurance Athletes,Fitness,1996,1996,2,320.0,NOT_MATURE,NOT_FOR_SALE,Human Kinetics,,
books#volume,Physical Activity and Health,Fitness,2012,2012,3,,NOT_MATURE,NOT_FOR_SALE,,,
books#volume,Fit Can be Fun,Fitness,2011-01-01,2011,1,,NOT_MATURE,NOT_FOR_SALE,,,
books#volume,Physical Activity and Health,Fitness,,,0,0.0,NOT_MATURE,NOT_FOR_SALE,,,
books#volume,Lauren Conrad Beauty,Fitness,2012-10-16,2012,1,288.0,NOT_MATURE,NOT_FOR_SALE,HarperTeen,,
books#volume,The Art of Resilience,Fitness,2020-05-28,2020,1,320.0,NOT_MATURE,NOT_FOR_SALE,HarperCollins,,
books#volume,Can Piggles Do It,Fitness,1992,1992,1,32.0,NOT_MATURE,NOT_FOR_SALE,Puffin HC,,
books#volume,Walking for Fitness,Fitness,2003,2003,1,0.0,NOT_MATURE,NOT_FOR_SALE,DK Publishing (Dorling Kindersley),,
books#volume,The Body in Motion,Fitness,1989,1989,1,144.0,NOT_MATURE,NOT_FOR_SALE,,,
books#volume,Beauty Pure and Simple,Fitness,2011,2011,1,231.0,NOT_MATURE,NOT_FOR_SALE,Shambhala Publications,,
books#volume,Healthy You!,Fitness,2015-01-01,2015,1,19.0,NOT_MATURE,NOT_FOR_SALE,Capstone Classroom,,
books#volume,Health & Fitness Excellence,Fitness,1989,1989,1,548.0,NOT_MATURE,NOT_FOR_SALE,,,
books#volume,Ten Minute Workouts,Fitness,2003,2003,1,136.0,NOT_MATURE,NOT_FOR_SALE,Sterling Publishing Company,,
books#volume,Anatomy of the Moving Body,Fitness,2026-09-15,2026,1,0.0,NOT_MATURE,NOT_FOR_SALE,,,
books#volume,Find Your Path,Fitness,2020,2020,1,352.0,NOT_MATURE,NOT_FOR_SALE,Dey St,,
books#volume,"Motionsdoping. Styrketræning, identitet og kultur",Fitness,2018,2018,1,236.0,NOT_MATURE,NOT_FOR_SALE,,,
books#volume,Strečink,Fitness,2000,2000,1,95.0,NOT_MATURE,NOT_FOR_SALE,,,
books#volume,Fitness for Life,Fitness,1996,1996,2,0.0,NOT_MATURE,NOT_FOR_SALE,Piatkus Books,,
books#volume,Strong to the Core,Fitness,2003,2003,1,184.0,NOT_MATURE,NOT_FOR_SALE,Aurum Press,,
books#volume,Fatigue Solution,Fitness,2017-03-30,2017,1,0.0,NOT_MATURE,NOT_FOR_SALE,,,
books#volume,Aqua Fitness,Fitness,1999,1999,1,100.0,NOT_MATURE,NOT_FOR_SALE,,,
books#volume,Exercise For Mood,Fitness,2020-07-15,2020,1,160.0,NOT_MATURE,NOT_FOR_SALE,Jw Choices,,
books#volume,Wellness Uprising,Fitness,2014-10-07,2014,1,288.0,NOT_MATURE,NOT_FOR_SALE,,,
books#volume,The Alexander Technique Workbook,Fitness,1992,1992,1,136.0,NOT_MATURE,NOT_FOR_SALE,HarperElement,,
books#volume,10 Tips to Healthy Eating and Physical Activity for You,Fitness,1998,1998,0,,NOT_MATURE,NOT_FOR_SALE,,,
books#volume,Group Fitness Instructor Manual,Fitness,2000,2000,0,0.0,NOT_MATURE,NOT_FOR_SALE,,,
books#volume,Be Your Own Beautician,Fitness,2006-01-01,2006,1,178.0,NOT_MATURE,NOT_FOR_SALE,Health Harmony,,
books#volume,Romana's Pilates,Fitness,2003,2003,0,,NOT_MATURE,NOT_FOR_SALE,,,
books#volume,Nutrition and Fitness,Fitness,1980,1980,0,0.0,NOT_MATURE,NOT_FOR_SALE,,,
books#volume,Rosemary Conley's Diet and Fitness Record Book,Fitness,1994-07,1994,1,96.0,NOT_MATURE,NOT_FOR_SALE,,,
books#volume,Anatomy of Fitness,Fitness,2014-02,2014,1,0.0,NOT_MATURE,NOT_FOR_SALE,Hinkler Books (AU),,
books#volume,Heart Health Manual,Fitness,1996,1996,1,628.0,NOT_MATURE,NOT_FOR_SALE,,,
books#volume,The Importance of Being Life Long Lean and Strong,Fitness,2015-07-17,2015,1,60.0,NOT_MATURE,NOT_FOR_SALE,Xlibris,,
books#volume,Flatten Your Belly with Pilates,Fitness,2004,2004,1,,NOT_MATURE,NOT_FOR_SALE,,,
books#volume,Exercise Your Way to Lower Blood Pressure,Fitness,2001,2001,0,2.0,NOT_MATURE,NOT_FOR_SALE,,,
books#volume,Physical Fitness,Fitness,2004-01-01,2004,1,400.0,NOT_MATURE,NOT_FOR_SALE,,,
books#volume,Walking Works,Fitness,,,0,12.0,NOT_MATURE,NOT_FOR_SALE,,,
books#volume,Zest: Bikini Body Made Easy,Fitness,2009-05-18,2009,1,182.0,NOT_MATURE,NOT_FOR_SALE,Anova Books,,
books#volume,Total Fitness and Wellness,Fitness,2007,2007,1,,NOT_MATURE,NOT_FOR_SALE,,,
books#volume,The Mayo Clinic Guide to Healthy Living,Fitness,2017,2017,0,96.0,NOT_MATURE,NOT_FOR_SALE,,,
books#volume,'Mainly Fitness',Fitness,1997,1997,1,20.0,NOT_MATURE,NOT_FOR_SALE,,,
books#volume,Physical Activity and Health,Fitness,,,0,1.0,NOT_MATURE,NOT_FOR_SALE,,,
books#volume,Customized Edition of Fitness Walking,Fitness,2006,2006,1,129.0,NOT_MATURE,NOT_FOR_SALE,,,
books#volume,Complete Exercise and Fitness Book,Fitness,1984-07-01,1984,3,100.0,NOT_MATURE,NOT_FOR_SALE,,,
books#volume,Going for Gold,Fitness,2008,2008,1,180.0,NOT_MATURE,NOT_FOR_SALE,,,
books#volume,Certificate IV in Fitness Lecture Notes,Fitness,2006,2006,0,,NOT_MATURE,NOT_FOR_SALE,,,
books#volume,The Easy Fitness Workbook,Fitness,2005-01,2005,1,144.0,NOT_MATURE,NOT_FOR_SALE,Duncan Baird Publishers,,
books#volume,The Mediterranean Diet for Beginners:,Fitness,2018-09-20,2018,1,224.0,NOT_MATURE,NOT_FOR_SALE,Createspace Independent Publishing Platform,,
books#volume,Is Sam Fit?,Fitness,2019-03-15,2019,1,,NOT_MATURE,NOT_FOR_SALE,,,
books#volume,Health -- Exercising for Excellence,Fitness,2003,2003,1,0.0,NOT_MATURE,NOT_FOR_SALE,,,
books#volume,You are what You Eat,Fitness,2005,2005,0,,NOT_MATURE,NOT_FOR_SALE,,,
books#volume,Extrait des registres des délibérations des Trois-Ordres de la ville de Metz. Du 21 Juin 1789,Fitness,1789*,1789*,0,,NOT_MATURE,NOT_FOR_SALE,,,
books#volume,Winning Nutrition for Athletes,Fitness,,,0,3.0,NOT_MATURE,NOT_FOR_SALE,,,
books#volume,Healthy Harold's Fitness Fun!,Fitness,2019,2019,1,,NOT_MATURE,NOT_FOR_SALE,,,
books#volume,Sport & Fitness,Fitness,2003,2003,0,184.0,NOT_MATURE,NOT_FOR_SALE,,,
books#volume,Tae-Bo Advanced [Video],Fitness,1998,1998,1,,NOT_MATURE,NOT_FOR_SALE,,,
books#volume,Fitness for Women,Fitness,1990,1990,1,104.0,NOT_MATURE,NOT_FOR_SALE,Smithmark Publishers,,
books#volume,Move,Fitness,2018,2018,1,97.0,NOT_MATURE,NOT_FOR_SALE,,,
books#volume,Personal Fitness with Norma Chase,Fitness,1996,1996,0,,NOT_MATURE,NOT_FOR_SALE,,,
books#volume,Complete Idiot's Guide to Fitness Boxing Illustrated,Fitness,2006,2006,2,0.0,NOT_MATURE,NOT_FOR_SALE,,,
books#volume,Wally's Total Body Workout,Fitness,,,1,,NOT_MATURE,NOT_FOR_SALE,,,
books#volume,7-Minute Total Body Workouts,Fitness,2019-11-15,2019,1,,NOT_MATURE,NOT_FOR_SALE,,,
books#volume,Fitsmart System 3,Fitness,2004,2004,3,200.0,NOT_MATURE,NOT_FOR_SALE,,,
books#volume,Laura's Great Guide to Fitness,Fitness,2016-09-28,2016,1,0.0,NOT_MATURE,NOT_FOR_SALE,,,
books#volume,Health & Fitness,Fitness,1997,1997,0,64.0,NOT_MATURE,NOT_FOR_SALE,,,
books#volume,Everything about diets and fitness,Fitness,2006,2006,1,,NOT_MATURE,NOT_FOR_SALE,,,
books#volume,Comparision of Factors Driving Purchasing Decision for Slimming Services,Fitness,2013,2013,0,160.0,NOT_MATURE,NOT_FOR_SALE,,,
books#volume,Nutrition and Fitness,Fitness,1997-02-01,1997,1,272.0,NOT_MATURE,NOT_FOR_SALE,Kendall/Hunt Publishing Company,,
books#volume,Training Programs,Fitness,2007,2007,1,194.0,NOT_MATURE,NOT_FOR_SALE,,,
books#volume,Survival Fitness,Fitness,2013-05-05,2013,2,104.0,NOT_MATURE,NOT_FOR_SALE,CreateSpace,,
books#volume,Lisa B,Fitness,2008,2008,1,256.0,NOT_MATURE,NOT_FOR_SALE,Icon Books Limited,,
books#volume,A Piece of Cake,Fitness,1991,1991,1,32.0,NOT_MATURE,NOT_FOR_SALE,,,
books#volume,Be Active,Fitness,2001,2001,0,18.0,NOT_MATURE,NOT_FOR_SALE,,,
books#volume,Gamification in Healthcare and Fitness,Fitness,2015-01-07,2015,1,122.0,NOT_MATURE,NOT_FOR_SALE,CreateSpace,,
books#volume,5 Minutes a Day,Fitness,2011,2011,1,0.0,NOT_MATURE,NOT_FOR_SALE,,,
books#volume,Special Issue,Fitness,2007,2007,2,115.0,NOT_MATURE,NOT_FOR_SALE,,,
books#volume,Active).,Fitness,2005,2005,0,0.0,NOT_MATURE,NOT_FOR_SALE,,,
books#volume,Get Active!,Fitness,2009,2009,1,24.0,NOT_MATURE,NOT_FOR_SALE,,,
books#volume,"Helping You Child be Healthy and Fit/ Carol S. Katzman and Carolyn R. McCary with Deborah Kidushim-Allen, R.D.",Fitness,1993,1993,2,44.0,NOT_MATURE,NOT_FOR_SALE,,,
books#volume,"Nutrition, Health & Wellness",Fitness,2011,2011,6,,NOT_MATURE,NOT_FOR_SALE,,,
books#volume,Michelle Bridges,Fitness,2011-11-23,2011,1,149.0,NOT_MATURE,NOT_FOR_SALE,Penguin Group Australia,,
books#volume,Physical Activity and Health,Fitness,,,0,2.0,NOT_MATURE,NOT_FOR_SALE,,,
books#volume,Certificate III in Fitness C597 Lecture Notes,Fitness,2006,2006,0,,NOT_MATURE,NOT_FOR_SALE,,,
books#volume,The Ultimate Guide to Weight Training for Roller Hockey,Fitness,2003,2003,1,64.0,NOT_MATURE,NOT_FOR_SALE,Price World Publishing,,
books#volume,The Party Girl Diet,Fitness,2011-02-18,2011,1,232.0,NOT_MATURE,NOT_FOR_SALE,CreateSpace,,
books#volume,Fitness for Life Lifetime Fitness,Fitness,2005-06-28,2005,2,,NOT_MATURE,NOT_FOR_SALE,Human Kinetics,,
books#volume,Pyjama-Pilates,Fitness,2023-11-21,2023,1,0.0,NOT_MATURE,NOT_FOR_SALE,,,
books#volume,This is Your Life! You're It. Get Fit!.,Fitness,,,0,32.0,NOT_MATURE,NOT_FOR_SALE,,,
books#volume,Ferdi Fly and the Flamenco Guitar - Being Active,Fitness,2019,2019,0,,NOT_MATURE,NOT_FOR_SALE,,,
books#volume,Youth and Recreation,Fitness,1946,1946,1,8.0,NOT_MATURE,NOT_FOR_SALE,,,
books#volume,The Complete Mediterranean Diet Cookbook for Beginners,Fitness,2019-03-10,2019,1,146.0,NOT_MATURE,NOT_FOR_SALE,Independently Published,,
books#volume,The Real Woman's Personal Trainer,Fitness,2005,2005,1,0.0,NOT_MATURE,NOT_FOR_SALE,Kyle Cathie Limited,,
books#volume,Your Health Transformation,Fitness,2016-10-25,2016,1,172.0,NOT_MATURE,NOT_FOR_SALE,Babypie Publishing,,
books#volume,5K Fitness Run,Fitness,2004-07-01,2004,1,230.0,NOT_MATURE,NOT_FOR_SALE,,,
books#volume,Modern fitness,Fitness,2006,2006,1,195.0,NOT_MATURE,NOT_FOR_SALE,,,
books#volume,Finding Theo,Fitness,2018-08,2018,1,0.0,NOT_MATURE,NOT_FOR_SALE,,,
books#volume,Taiji Quan,Fitness,2011-02-22,2011,1,0.0,NOT_MATURE,NOT_FOR_SALE,,,
books#volume,Ağırlık antrenmanları ve zindelik,Fitness,2018,2018,1,,NOT_MATURE,NOT_FOR_SALE,,,
books#volume,Træn i det fri,Fitness,,,0,192.0,NOT_MATURE,NOT_FOR_SALE,,,
books#volume,Holdtræning,Fitness,2014,2014,1,,NOT_MATURE,NOT_FOR_SALE,,,
books#volume,Fitness,Fitness,2001,2001,3,95.0,NOT_MATURE,NOT_FOR_SALE,,,
books#volume,Escalire: Le robot détective,Fitness,2014,2014,3,,NOT_MATURE,NOT_FOR_SALE,,,
books#volume,Fra muskelmasse til massebevægelse,Fitness,2007,2007,3,,NOT_MATURE,NOT_FOR_SALE,,,
books#volume,Workout,Fitness,2006,2006,1,246.0,NOT_MATURE,NOT_FOR_SALE,,,
books#volume,#EnForma con Tu Vida,Fitness,2016-02-23,2016,1,0.0,NOT_MATURE,NOT_FOR_SALE,Createspace Independent Publishing Platform,,
books#volume,Kernesund familiefitness,Fitness,2008,2008,2,,NOT_MATURE,NOT_FOR_SALE,,,
books#volume,Den levende krop,Fitness,1996,1996,2,,NOT_MATURE,NOT_FOR_SALE,,,
books#volume,Phiṭanesa,Fitness,2002,2002,1,136.0,NOT_MATURE,NOT_FOR_SALE,,,
books#volume,運動與補酒,Fitness,2007,2007,2,213.0,NOT_MATURE,NOT_FOR_SALE,,,
books#volume,"Spinning, biking & cycling",Fitness,2014,2014,1,,NOT_MATURE,NOT_FOR_SALE,,,
books#volume,Как быть здоровым,Fitness,2003,2003,2,380.0,NOT_MATURE,NOT_FOR_SALE,,,
books#volume,21 dian shi ni geng mei li,Fitness,1990*,1990*,1,184.0,NOT_MATURE,NOT_FOR_SALE,,,
books#volume,Pemilihan ujian kecergasan fizikal berasaskan kesihatan,Fitness,2009,2009,1,157.0,NOT_MATURE,NOT_FOR_SALE,,,
books#volume,Fit mit Spaß,Fitness,2023-03,2023,2,0.0,NOT_MATURE,NOT_FOR_SALE,,,
books#volume,Politikens fitnessbog,Fitness,2003,2003,3,,NOT_MATURE,NOT_FOR_SALE,,,
books#volume,产后瘦身快快快,Fitness,2015,2015,1,179.0,NOT_MATURE,NOT_FOR_SALE,,,
books#volume,Muškarac u formi,Fitness,2006,2006,2,134.0,NOT_MATURE,NOT_FOR_SALE,,,
books#volume,"瑜珈讓你健康, 讓你瘦",Fitness,2018,2018,0,,NOT_MATURE,NOT_FOR_SALE,,,
books#volume,Goro Va à L'école,Fitness,2014,2014,1,16.0,NOT_MATURE,NOT_FOR_SALE,,,
books#volume,Dopingkontrol i motions- og fitnesscentre,Fitness,2012,2012,1,,NOT_MATURE,NOT_FOR_SALE,,,
books#volume,不一样的代谢瘦身法,Fitness,2008,2008,1,219.0,NOT_MATURE,NOT_FOR_SALE,,,
books#volume,Changi te naroi sehat,Fitness,2011,2011,1,128.0,NOT_MATURE,NOT_FOR_SALE,,,
books#volume,"Sportaktivität, Fitness und Gesundheit im Lebenslauf",Fitness,2003,2003,1,208.0,NOT_MATURE,NOT_FOR_SALE,,,
books#volume,Træn selv,Fitness,1994,1994,1,224.0,NOT_MATURE,NOT_FOR_SALE,,,
books#volume,Senior Fitness,Fitness,2016,2016,0,,NOT_MATURE,NOT_FOR_SALE,,,
books#volume,"Aftale om yderligere genåbning af indendørs idræts- og foreningsliv, som ikke allerede er omfattet af åbning samt alle lokaler, hvor der udøves idræts- og fritidsaktiviteter, herunder spillehaller, lege- og badelande, svømmehaller og træningscentre",Fitness,2020,2020,0,,NOT_MATURE,NOT_FOR_SALE,,,
books#volume,Fitness og styrketræning,Fitness,,,1,,NOT_MATURE,NOT_FOR_SALE,,,
books#volume,Idrætspædagogisk årbog 2002 00,Fitness,2002,2002,1,277.0,NOT_MATURE,NOT_FOR_SALE,,,
books#volume,Кремлевская диета,Fitness,2006,2006,1,122.0,NOT_MATURE,NOT_FOR_SALE,,,
books#volume,Fitness coaching motiovation og metodik - succes og vedholdenhed i fitness og personlig træning,Fitness,,,1,,NOT_MATURE,NOT_FOR_SALE,,,
books#volume,Bodytrainer,Fitness,1997,1997,1,94.0,NOT_MATURE,NOT_FOR_SALE,,,
books#volume,Workout,Fitness,2003,2003,1,245.0,NOT_MATURE,NOT_FOR_SALE,,,
books#volume,HIIT高强度间歇训练完全指南,Fitness,2016,2016,0,182.0,NOT_MATURE,NOT_FOR_SALE,,,
books#volume,Abriendo Viejos Y Olvidados Baules,Fitness,2011-12-22,2011,1,113.0,NOT_MATURE,NOT_FOR_SALE,,,
books#volume,Empowerment of Women Through Self Help Groups,Self-Help,2006,2006,1,334.0,NOT_MATURE,NOT_FOR_SALE,Gyan Books,,
books#volume,Measuring Ego Development,Self-Help,1970,1970,2,488.0,NOT_MATURE,NOT_FOR_SALE,,,
books#volume,Ego Analysis in the Helping Professions,Self-Help,1973,1973,1,280.0,NOT_MATURE,NOT_FOR_SALE,,,
books#volume,Inquiring about Myself,Self-Help,1972,1972,1,390.0,NOT_MATURE,NOT_FOR_SALE,,,
books#volume,"Act Thin, Stay Thin",Self-Help,1978,1978,1,232.0,NOT_MATURE,NOT_FOR_SALE,,,
books#volume,A Study of the Relationship of the Self-concept to Adjustment in a Selected Group of College Women,Self-Help,1953,1953,1,558.0,NOT_MATURE,NOT_FOR_SALE,,,
books#volume,The Magic Within,Self-Help,1990,1990,1,144.0,NOT_MATURE,NOT_FOR_SALE,Health Communications,,
books#volume,About Me,Self-Help,1969,1969,0,310.0,NOT_MATURE,NOT_FOR_SALE,,,
books#volume,On Willing Selves,Self-Help,2007-08-30,2007,2,260.0,NOT_MATURE,NOT_FOR_SALE,Palgrave MacMillan,,
books#volume,Hidden Paths,Self-Help,2007,2007,1,290.0,NOT_MATURE,NOT_FOR_SALE,University of London Press,,
books#volume,Encounters with the Self,Self-Help,1992,1992,1,408.0,NOT_MATURE,NOT_FOR_SALE,West Publishing Company,,
books#volume,Psychological Perspectives on the Self,Self-Help,1982,1982,1,300.0,NOT_MATURE,NOT_FOR_SALE,,,
books#volume,In an African Direction,Self-Help,1999,1999,1,286.0,NOT_MATURE,NOT_FOR_SALE,,,
books#volume,Midlife Mothers in Transition,Self-Help,1994,1994,1,318.0,NOT_MATURE,NOT_FOR_SALE,,,
books#volume,The Development of the Ego,Self-Help,1989,1989,1,390.0,NOT_MATURE,NOT_FOR_SALE,,,
books#volume,Self and Family,Self-Help,1984,1984,1,124.0,NOT_MATURE,NOT_FOR_SALE,Westminster John Knox Press,,
books#volume,Everyday Life Philosophers,Self-Help,1996,1996,1,372.0,NOT_MATURE,NOT_FOR_SALE,,,
books#volume,Weaning and Human Development,Self-Help,1969,1969,1,232.0,MATURE,NOT_FOR_SALE,,,
books#volume,The Unmanifest Self,Self-Help,1990,1990,1,172.0,NOT_MATURE,NOT_FOR_SALE,Aslan Publishing,,
books#volume,"The Self-concept, Ideal-self, and Concept of Mother and Father of Male Students who Seek Help for Achievement Problems",Self-Help,1966,1966,1,120.0,NOT_MATURE,NOT_FOR_SALE,,,
books#volume,You Yourself,Self-Help,1936,1936,1,232.0,NOT_MATURE,NOT_FOR_SALE,,,
books#volume,Midlife Mothers in Transition,Self-Help,1994,1994,1,318.0,NOT_MATURE,NOT_FOR_SALE,,,
books#volume,The Self as Process,Self-Help,1983,1983,1,144.0,NOT_MATURE,NOT_FOR_SALE,,,
books#volume,A Study of Characteristics of Well-adjusted and Poorly-adjusted Children,Self-Help,1962,1962,1,136.0,NOT_MATURE,NOT_FOR_SALE,,,
books#volume,Dimensions of Life,Self-Help,1985,1985,1,356.0,NOT_MATURE,NOT_FOR_SALE,Cincinnati : South-Western Publishing Company,,
books#volume,The Private Me,Self-Help,1980,1980,2,328.0,NOT_MATURE,NOT_FOR_SALE,,,
books#volume,Progress in Self Psychology,Self-Help,1995,1995,1,344.0,NOT_MATURE,NOT_FOR_SALE,,,
books#volume,The Unmanifest Self,Self-Help,1990,1990,1,172.0,NOT_MATURE,NOT_FOR_SALE,Aslan Publishing,,
books#volume,Encounters with the Self,Self-Help,1992,1992,1,408.0,NOT_MATURE,NOT_FOR_SALE,West Publishing Company,,
books#volume,Everyday Life Philosophers,Self-Help,1996,1996,1,372.0,NOT_MATURE,NOT_FOR_SALE,,,
books#volume,Having Fun Being Yourself,Self-Help,1975,1975,1,188.0,NOT_MATURE,NOT_FOR_SALE,,,
books#volume,The Negotiation of Personal Identity,Self-Help,2008,2008,1,224.0,NOT_MATURE,NOT_FOR_SALE,VDM Publishing,,
books#volume,Japan in Analysis,Self-Help,2008-06-17,2008,1,194.0,NOT_MATURE,NOT_FOR_SALE,Palgrave MacMillan,,
books#volume,Childhood Identities,Self-Help,1993,1993,1,264.0,NOT_MATURE,NOT_FOR_SALE,,,
books#volume,Two Sides to Every Self-Process: the Pros and Cons,Self-Help,2009,2009,2,220.0,NOT_MATURE,NOT_FOR_SALE,Psychology Press,,
books#volume,Self-therapy Techniques for Personal Growth,Self-Help,1967,1967,1,186.0,NOT_MATURE,NOT_FOR_SALE,,,
books#volume,Slings and Arrows,Self-Help,1993,1993,1,344.0,NOT_MATURE,NOT_FOR_SALE,"Jason Aronson, Incorporated",,
books#volume,"Good Days, Bad Days",Self-Help,1991,1991,1,332.0,NOT_MATURE,NOT_FOR_SALE,,,
books#volume,Using Knowledge of Self,Self-Help,1974,1974,1,368.0,NOT_MATURE,NOT_FOR_SALE,,,
books#volume,Culture and Self,Self-Help,1991,1991,1,540.0,NOT_MATURE,NOT_FOR_SALE,,,
books#volume,Slings and Arrows,Self-Help,1993,1993,1,344.0,NOT_MATURE,NOT_FOR_SALE,"Jason Aronson, Incorporated",,
books#volume,A Study of Characteristics of Well-adjusted and Poorly-adjusted Children,Self-Help,1962,1962,1,136.0,NOT_MATURE,NOT_FOR_SALE,,,
books#volume,The Private Me,Self-Help,1980,1980,2,328.0,NOT_MATURE,NOT_FOR_SALE,,,
books#volume,Becoming Human,Self-Help,2007-09-28,2007,1,208.0,NOT_MATURE,NOT_FOR_SALE,Palgrave MacMillan,,
books#volume,The Self as Process,Self-Help,1983,1983,1,144.0,NOT_MATURE,NOT_FOR_SALE,,,
books#volume,Motherself,Self-Help,1988,1988,1,264.0,NOT_MATURE,NOT_FOR_SALE,,,
books#volume,"Breadth of Perspective, Culture Contact, and Self",Self-Help,1959,1959,1,588.0,NOT_MATURE,NOT_FOR_SALE,,,
books#volume,The Promotion of Ego Development Through Role Play in a Ten Year Old Boy,Self-Help,1969,1969,1,104.0,NOT_MATURE,NOT_FOR_SALE,,,
books#volume,Ego Psychology and Social Work Practice,Self-Help,1984,1984,1,344.0,NOT_MATURE,NOT_FOR_SALE,,,
books#volume,How to Choose a Career Now that You're All Grown Up,Self-Help,1996,1996,1,236.0,NOT_MATURE,NOT_FOR_SALE,,,
books#volume,The Paradoxical Self,Self-Help,1990-03-21,1990,1,248.0,NOT_MATURE,NOT_FOR_SALE,"Da Capo Press, Incorporated",,
books#volume,Journey Into Self,Self-Help,1956,1956,1,324.0,NOT_MATURE,NOT_FOR_SALE,,,
books#volume,Building Self-esteem Through the Museum of I,Self-Help,1995,1995,1,158.0,NOT_MATURE,NOT_FOR_SALE,Free Spirit Publishing,,
books#volume,Emotional Rollercoaster,Self-Help,2005,2005,1,438.0,NOT_MATURE,NOT_FOR_SALE,HarperCollins UK,,
books#volume,Understanding Social Anxiety,Self-Help,1983-12,1983,1,232.0,NOT_MATURE,NOT_FOR_SALE,"SAGE Publications, Incorporated",,
books#volume,An Instrumented Self-awareness Program for College Students,Self-Help,1970,1970,1,478.0,NOT_MATURE,NOT_FOR_SALE,,,
books#volume,"Self, Society, and Science",Self-Help,2005,2005,2,540.0,NOT_MATURE,NOT_FOR_SALE,,,
books#volume,Lives in Motion,Self-Help,1999,1999,1,320.0,NOT_MATURE,NOT_FOR_SALE,"Cornell University, East Asia Program",,
books#volume,Ego Psychology and Mental Disorder,Self-Help,1977,1977,2,376.0,NOT_MATURE,NOT_FOR_SALE,Saunders,,
books#volume,The Don't Worry Philosophy,Self-Help,1894,1894,1,292.0,NOT_MATURE,FREE,,,
books#volume,The Don't Worry Philosophy,Self-Help,1894,1894,1,292.0,NOT_MATURE,FREE,,,
books#volume,The Science of Self,Self-Help,1889,1889,1,778.0,NOT_MATURE,FREE,,,
books#volume,"Self. Six Lectures on Self, Delivered During Lent, 1877",Self-Help,1877,1877,1,60.0,NOT_MATURE,FREE,,,
books#volume,Sex Role and Self Concept,Self-Help,1955,1955,1,306.0,NOT_MATURE,NOT_FOR_SALE,,,
books#volume,"Motivation, Language Identity and the L2 Self",Self-Help,2009,2009,2,388.0,NOT_MATURE,NOT_FOR_SALE,Multilingual Matters Limited,,
books#volume,"Psychotherapy, Adolescents, and Self Psychology",Self-Help,1991,1991,2,488.0,MATURE,NOT_FOR_SALE,,,
books#volume,A Cross-cultural Comparison of Self-concepts and Value Orientations of Japanese and American Ninth Graders,Self-Help,1972,1972,1,378.0,NOT_MATURE,NOT_FOR_SALE,,,
books#volume,Constellations of Life Satisfaction in Three Cohorts of Women,Self-Help,1995,1995,1,210.0,NOT_MATURE,NOT_FOR_SALE,,,
books#volume,Ego Psychology in Counseling,Self-Help,1968,1968,2,128.0,NOT_MATURE,NOT_FOR_SALE,,,
books#volume,Self Defined,Self-Help,1999,1999,2,216.0,NOT_MATURE,NOT_FOR_SALE,"Stewart, Tabori, & Chang",,
books#volume,The Privacy of the Self,Self-Help,1974,1974,1,348.0,NOT_MATURE,NOT_FOR_SALE,,,
books#volume,The Plural Self,Self-Help,1999-02-23,1999,1,296.0,NOT_MATURE,NOT_FOR_SALE,SAGE Publications Limited,,
books#volume,Beyond Individuality,Self-Help,1970,1970,1,112.0,NOT_MATURE,NOT_FOR_SALE,,,
books#volume,The Self in Social Psychology,Self-Help,1980,1980,2,328.0,NOT_MATURE,NOT_FOR_SALE,New York : Oxford University Press,,
books#volume,The Things of the World,Self-Help,1998-10-30,1998,1,190.0,NOT_MATURE,NOT_FOR_SALE,Praeger,,
books#volume,"Melanie Klein: The ego and the good object, 1932-1960",Self-Help,1990,1990,1,304.0,NOT_MATURE,NOT_FOR_SALE,,,
books#volume,Community Service by First Offenders,Self-Help,1990,1990,1,332.0,NOT_MATURE,NOT_FOR_SALE,,,
books#volume,"An Enquiry Into Psychology, Soul, and Absolute",Self-Help,1979,1979,1,86.0,NOT_MATURE,NOT_FOR_SALE,,,
books#volume,Other Than Identity,Self-Help,1997,1997,1,268.0,NOT_MATURE,NOT_FOR_SALE,,,
books#volume,Ecological Psychology,Self-Help,1996,1996,1,340.0,NOT_MATURE,NOT_FOR_SALE,Addison Wesley Publishing Company,,
books#volume,The Day the Music Stopped,Self-Help,2001,2001,1,236.0,NOT_MATURE,NOT_FOR_SALE,Tenacity Press,,
books#volume,Understanding the Self,Self-Help,1996-02-27,1996,1,388.0,NOT_MATURE,NOT_FOR_SALE,SAGE Publications Limited,,
books#volume,The Psychodynamic Image,Self-Help,2007,2007,1,204.0,NOT_MATURE,NOT_FOR_SALE,,,
books#volume,Mind and Its Treatment,Self-Help,1993,1993,1,520.0,NOT_MATURE,NOT_FOR_SALE,,,
books#volume,The Developing Ego and the Emerging Self in Group Therapy,Self-Help,1987,1987,2,312.0,NOT_MATURE,NOT_FOR_SALE,"Jason Aronson, Incorporated",,
books#volume,"An Enquiry Into Psychology, Soul, and Absolute",Self-Help,1979,1979,1,86.0,NOT_MATURE,NOT_FOR_SALE,,,
books#volume,Other Than Identity,Self-Help,1997,1997,1,268.0,NOT_MATURE,NOT_FOR_SALE,,,
books#volume,The Land of Debris and the Home of Alfredo,Self-Help,1997-05,1997,1,236.0,NOT_MATURE,NOT_FOR_SALE,Clearwater Publishing,,
books#volume,Beyond Self-esteem,Self-Help,2003,2003,1,220.0,NOT_MATURE,NOT_FOR_SALE,"Peter Lang Incorporated, International Academic Publishers",,
books#volume,The Self in Social Psychology,Self-Help,1980,1980,2,328.0,NOT_MATURE,NOT_FOR_SALE,New York : Oxford University Press,,
books#volume,"Self, Society, Existence",Self-Help,1961,1961,1,418.0,NOT_MATURE,NOT_FOR_SALE,,,
books#volume,Stories of the 'real Self',Self-Help,1992,1992,1,816.0,NOT_MATURE,NOT_FOR_SALE,,,
books#volume,Open-mindedness and Self-ideal Discrepancy as They Affect Attraction to a Helping Situation,Self-Help,1967,1967,1,190.0,NOT_MATURE,NOT_FOR_SALE,,,
books#volume,Community Service by First Offenders,Self-Help,1990,1990,1,332.0,NOT_MATURE,NOT_FOR_SALE,,,
books#volume,The Clinical Psychology of Melanie Klein,Self-Help,1984,1984,1,158.0,MATURE,NOT_FOR_SALE,Charles C. Thomas Publisher,,
books#volume,Expanding the Self Personal Growth for Teachers,Self-Help,1971,1971,2,152.0,NOT_MATURE,NOT_FOR_SALE,WCB/McGraw-Hill,,
books#volume,Invincible Surmise,Self-Help,1936,1936,1,368.0,NOT_MATURE,NOT_FOR_SALE,,,
books#volume,Attributions to Self and Other,Self-Help,1974,1974,1,234.0,NOT_MATURE,NOT_FOR_SALE,,,
books#volume,Concepts of Person in Religion and Thought,Self-Help,1990,1990,3,428.0,NOT_MATURE,NOT_FOR_SALE,Walter de Gruyter,,
books#volume,The Inner Sentinel,Self-Help,1930,1930,1,200.0,NOT_MATURE,NOT_FOR_SALE,,,
books#volume,The Elusive Human Subject,Self-Help,1998,1998,1,248.0,NOT_MATURE,NOT_FOR_SALE,,,
books#volume,"Melanie Klein: The ego and the good object, 1932-1960",Self-Help,1990,1990,1,304.0,NOT_MATURE,NOT_FOR_SALE,,,
books#volume,The Clinical Psychology of Melanie Klein,Self-Help,1984,1984,1,158.0,MATURE,NOT_FOR_SALE,Charles C. Thomas Publisher,,
books#volume,The Courage to Change,Self-Help,1980,1980,1,272.0,NOT_MATURE,NOT_FOR_SALE,,,
books#volume,Expanding the Self Personal Growth for Teachers,Self-Help,1971,1971,2,152.0,NOT_MATURE,NOT_FOR_SALE,WCB/McGraw-Hill,,
books#volume,The Inner Sentinel,Self-Help,1930,1930,1,200.0,NOT_MATURE,NOT_FOR_SALE,,,
books#volume,"Sociological Variables, Personality Traits, and Buying Attitudes Related to Role Perceptions and Conflicts Among 242 Michigan Wives",Self-Help,1959,1959,1,356.0,NOT_MATURE,NOT_FOR_SALE,,,
books#volume,Understanding the Self,Self-Help,1996-02-27,1996,1,388.0,NOT_MATURE,NOT_FOR_SALE,SAGE Publications Limited,,
books#volume,Community Service by First Offenders,Self-Help,1990,1990,1,332.0,NOT_MATURE,NOT_FOR_SALE,,,
books#volume,Lost in the Land of Oz,Self-Help,1990,1990,1,226.0,NOT_MATURE,NOT_FOR_SALE,HarperCollins Publishers,,
books#volume,Discovery of the Self,Self-Help,1963,1963,1,344.0,NOT_MATURE,NOT_FOR_SALE,,,
books#volume,The Psychodynamic Image,Self-Help,2007,2007,1,204.0,NOT_MATURE,NOT_FOR_SALE,,,
books#volume,Open-mindedness and Self-ideal Discrepancy as They Affect Attraction to a Helping Situation,Self-Help,1967,1967,1,190.0,NOT_MATURE,NOT_FOR_SALE,,,
books#volume,Tricks of Time,Self-Help,2006,2006,1,320.0,NOT_MATURE,NOT_FOR_SALE,Duquesne,,
books#volume,Regression in the Service of the Ego,Self-Help,1962,1962,1,320.0,NOT_MATURE,NOT_FOR_SALE,,,
books#volume,Marriage and Family Living as Self-other Fulfillment,Self-Help,1962,1962,1,430.0,NOT_MATURE,NOT_FOR_SALE,,,
books#volume,Culture and Developing Selves: Beyond Dichotomization,Self-Help,2004-07,2004,2,116.0,NOT_MATURE,NOT_FOR_SALE,Jossey-Bass,,
books#volume,"Kinship, Gender and Personhood in a Korean Village",Self-Help,1989,1989,1,480.0,NOT_MATURE,NOT_FOR_SALE,,,
books#volume,Identity and Story,Self-Help,2006,2006,3,312.0,NOT_MATURE,NOT_FOR_SALE,American Psychological Association (APA),,
books#volume,Beyond Self-esteem,Self-Help,2003,2003,1,220.0,NOT_MATURE,NOT_FOR_SALE,"Peter Lang Incorporated, International Academic Publishers",,
books#volume,In Defense of Narcissism,Self-Help,1980,1980,1,208.0,NOT_MATURE,NOT_FOR_SALE,"Gardner Press, Incorporated",,
books#volume,Expanding the Self Personal Growth for Teachers,Self-Help,1971,1971,2,152.0,NOT_MATURE,NOT_FOR_SALE,WCB/McGraw-Hill,,
books#volume,The Courage to Change,Self-Help,1980,1980,1,272.0,NOT_MATURE,NOT_FOR_SALE,,,
books#volume,The Things of the World,Self-Help,1998-10-30,1998,1,190.0,NOT_MATURE,NOT_FOR_SALE,Praeger,,
books#volume,A Reliability Test of the Twenty Statements Test,Self-Help,1966,1966,1,268.0,NOT_MATURE,NOT_FOR_SALE,,,
books#volume,"Self, Thought and Reality",Self-Help,1957,1957,1,468.0,NOT_MATURE,NOT_FOR_SALE,,,
books#volume,A Comparative Study of Elementary Pupils Whose Self-concepts are Markedly Contrary to Expectations,Self-Help,1962,1962,1,510.0,NOT_MATURE,NOT_FOR_SALE,,,
books#volume,The Journey of Self-discovery,Self-Help,1990,1990,1,342.0,NOT_MATURE,NOT_FOR_SALE,Los Angeles : Bhaktivedanta Book Trust,,
books#volume,Self and World,Self-Help,1981,1981,1,450.0,NOT_MATURE,NOT_FOR_SALE,,,
books#volume,The Therapeutic Self,Self-Help,1978,1978,1,554.0,NOT_MATURE,NOT_FOR_SALE,,,
books#volume,"Locus of Control, Body Articulation and Sexual Differentiation in Women as Modified by Self-help and Sex Education Programs",Self-Help,1977,1977,1,330.0,NOT_MATURE,NOT_FOR_SALE,,,
books#volume,Treatment Of Alcoholism And Other Addictions,Self-Help,1987,1987,1,456.0,NOT_MATURE,NOT_FOR_SALE,"Jason Aronson, Incorporated",,
books#volume,Independence in Old Age,Self-Help,1988,1988,1,58.0,NOT_MATURE,NOT_FOR_SALE,,,
books#volume,Radical Self-acceptance,Self-Help,1999,1999,1,280.0,NOT_MATURE,NOT_FOR_SALE,Crossroad Publishing,,
books#volume,In Search of the Self,Self-Help,1961,1961,1,352.0,NOT_MATURE,NOT_FOR_SALE,,,
books#volume,Emotion-focused Couples Therapy,Self-Help,2008,2008,2,424.0,NOT_MATURE,NOT_FOR_SALE,American Psychological Association (APA),,
books#volume,Jacob's Son,Self-Help,1971,1971,1,360.0,NOT_MATURE,NOT_FOR_SALE,,,
books#volume,Living with Genetics,Self-Help,2008,2008,1,176.0,NOT_MATURE,NOT_FOR_SALE,Hampton Press (NJ),,
books#volume,Developmentally Based Psychotherapy,Self-Help,1997,1997,1,476.0,NOT_MATURE,NOT_FOR_SALE,,,
books#volume,A Critical Study of Self-help and Self-improvement Practices,Self-Help,2011,2011,1,0.0,NOT_MATURE,NOT_FOR_SALE,,,
books#volume,The Toothpaste of Immortality,Self-Help,2006-08-02,2006,1,454.0,NOT_MATURE,NOT_FOR_SALE,Woodrow Wilson Center Press,,
books#volume,Self-parenting 12-step Workbook,Self-Help,1990,1990,2,176.0,NOT_MATURE,NOT_FOR_SALE,,,
books#volume,"Moral Selves, Evil Selves",Self-Help,2008-09-15,2008,1,292.0,NOT_MATURE,NOT_FOR_SALE,Palgrave MacMillan,,
books#volume,"Race, Ethnicity and Self",Self-Help,1994,1994,2,240.0,NOT_MATURE,NOT_FOR_SALE,NMCI Publications,,
books#volume,Identity and Difference,Self-Help,1997-05-05,1997,1,376.0,NOT_MATURE,NOT_FOR_SALE,SAGE Publications Limited,,
books#volume,Coping and Defensive Ego Functioning in Persons Seeking and Not Seeking Psychotherapy,Self-Help,1980,1980,1,206.0,NOT_MATURE,NOT_FOR_SALE,,,
books#volume,"Existence, Experience, and Ethics",Self-Help,2000,2000,1,398.0,NOT_MATURE,NOT_FOR_SALE,,,
books#volume,Who is Mad?,Self-Help,2001,2001,1,94.0,NOT_MATURE,NOT_FOR_SALE,,,
books#volume,Cross-cultural Differences in Perspectives on the Self,Self-Help,2003,2003,2,370.0,NOT_MATURE,NOT_FOR_SALE,U of Nebraska Press,,
books#volume,Salvaging Self Esteem,Self-Help,1937,1937,1,120.0,NOT_MATURE,NOT_FOR_SALE,,,
books#volume,Proceedings of the 10th international Wittgenstein Symposium,Self-Help,1986,1986,2,582.0,NOT_MATURE,NOT_FOR_SALE,Schriftenreihe der Wittgenstein-Gesellschaft,,
books#volume,"Ego Functions in Schizophrenics, Neurotics, and Normals",Self-Help,1973,1973,3,600.0,NOT_MATURE,NOT_FOR_SALE,Wiley-Interscience,,
books#volume,The Relational Self in Women,Self-Help,1988,1988,1,330.0,NOT_MATURE,NOT_FOR_SALE,,,
books#volume,"Support, Innovation, and Autonomy: Tavistock Clinic Golden Jubilee Papers",Self-Help,1973,1973,2,324.0,NOT_MATURE,NOT_FOR_SALE,London : Tavistock Publications,,
books#volume,Empowerment of Women Through Self Help Groups,Self-Help,2006,2006,1,334.0,NOT_MATURE,NOT_FOR_SALE,Gyan Books,,
books#volume,The Development of Self in Later Life,Self-Help,1984,1984,1,184.0,NOT_MATURE,NOT_FOR_SALE,,,
books#volume,Weight Stages,Self-Help,2000-02,2000,0,192.0,NOT_MATURE,NOT_FOR_SALE,Wiley,,
books#volume,Experiences in Personality,Self-Help,1998,1998,2,244.0,NOT_MATURE,NOT_FOR_SALE,John Wiley & Sons,,
books#volume,Early Adolescence and the Search for Self,Self-Help,1989-06-23,1989,2,176.0,NOT_MATURE,NOT_FOR_SALE,Praeger,,
books#volume,The Principle of Individuality and Value,Self-Help,1912,1912,1,460.0,NOT_MATURE,NOT_FOR_SALE,,,
books#volume,The Mandaeans,Religion,2002,2002,1,217.0,NOT_MATURE,NOT_FOR_SALE,"Oxford University Press, USA",,
books#volume,The World of Roman Song,Religion,2005-07-27,2005,1,352.0,NOT_MATURE,NOT_FOR_SALE,JHU Press,,
books#volume,Think And Grow Rich,Religion,2007-12,2007,1,163.0,NOT_MATURE,NOT_FOR_SALE,Lulu.com,,
books#volume,Sacred and Secular,Religion,2004,2004,1,329.0,NOT_MATURE,NOT_FOR_SALE,,,
books#volume,"T. S. Eliot, Anti-Semitism, and Literary Form",Religion,1995,1995,1,324.0,NOT_MATURE,NOT_FOR_SALE,CUP Archive,,
books#volume,A Course in Miracles,Religion,2008-05,2008,1,1356.0,NOT_MATURE,FOR_SALE,Foundation for Inner Peace,12.88,GBP
books#volume,The Taming of the Shrew,Religion,2008-07-30,2008,1,160.0,NOT_MATURE,NOT_FOR_SALE,Book Jungle,,
books#volume,Wor(l)d Religions,Religion,2003-12-16,2003,1,121.0,NOT_MATURE,FOR_SALE,iUniverse,3.59,GBP
books#volume,A History of Arabic Astronomy,Religion,1995-07-01,1995,1,352.0,NOT_MATURE,NOT_FOR_SALE,NYU Press,,
books#volume,Arguing about Gods,Religion,2006-09-04,2006,1,427.0,NOT_MATURE,FOR_SALE,Cambridge University Press,50.99,GBP
books#volume,Arguing for Atheism,Religion,1996,1996,1,188.0,NOT_MATURE,NOT_FOR_SALE,Psychology Press,,
books#volume,The Poetic Edda,Religion,2014,2014,1,385.0,NOT_MATURE,NOT_FOR_SALE,"Oxford University Press, USA",,
books#volume,Precept and Practice: Traditional Buddhism in the Rural Highlands of Ceylon,Religion,1971,1971,1,388.0,NOT_MATURE,NOT_FOR_SALE,"Oxford University Press, USA",,
books#volume,A Record of Buddhistic Kingdoms,Religion,2019-11-19,2019,1,274.0,NOT_MATURE,FOR_SALE,Good Press,1.49,GBP
books#volume,"The Secret Doctrine: The Synthesis of Science, Religion, and Philosophy Volume I: Cosmogenesis",Religion,2018-02-24,2018,1,362.0,NOT_MATURE,NOT_FOR_SALE,Lulu.com,,
books#volume,The Hindu Religious Tradition,Religion,2025-04-17,2025,2,376.0,NOT_MATURE,FOR_SALE,Taylor & Francis,33.19,GBP
books#volume,Banker to the Poor,Religion,2001,2001,2,352.0,NOT_MATURE,NOT_FOR_SALE,"Oxford University Press, USA",,
books#volume,Lull & Bruno,Religion,2013-10-28,2013,1,330.0,NOT_MATURE,FOR_SALE,Routledge,47.59,GBP
books#volume,The Islamic Law of Personal Status,Religion,2020-06-02,2020,1,288.0,NOT_MATURE,NOT_FOR_SALE,BRILL,,
books#volume,The Handbook of Religions in Ancient Europe,Religion,2014-09-11,2014,3,655.0,NOT_MATURE,FOR_SALE,Routledge,39.59,GBP
books#volume,Osho Rajaneesh and His Disciples,Religion,1999,1999,1,496.0,NOT_MATURE,NOT_FOR_SALE,Motilal Banarsidass Publ.,,
books#volume,Classical Indian Metaphysics,Religion,1997-01-01,1997,1,412.0,NOT_MATURE,NOT_FOR_SALE,Motilal Banarsidass Publishing House,,
books#volume,A Companion to Dharmaśāstra,Religion,1998,1998,1,288.0,NOT_MATURE,NOT_FOR_SALE,,,
books#volume,"Boundaries, Dynamics and Construction of Traditions in South Asia",Religion,2005,2005,1,622.0,NOT_MATURE,NOT_FOR_SALE,Firenze University Press,,
books#volume,The God Franchise,Religion,2011-12,2011,1,373.0,NOT_MATURE,NOT_FOR_SALE,Alan H. Dawe,,
books#volume,Olney Hymns,Religion,2018-06-30,2018,1,444.0,NOT_MATURE,NOT_FOR_SALE,Lulu.com,,
books#volume,Shiʻite Islam,Religion,1975,1975,1,276.0,NOT_MATURE,NOT_FOR_SALE,,,
books#volume,Interior Castle (The Mansion),Religion,2014-02-05,2014,2,219.0,NOT_MATURE,NOT_FOR_SALE,"Wyatt North Publishing, LLC",,
books#volume,The Face of Jizo,Religion,2012-01-31,2012,1,322.0,NOT_MATURE,NOT_FOR_SALE,,,
books#volume,The Varieties of Religious Experience,Religion,1902,1902,1,556.0,NOT_MATURE,NOT_FOR_SALE,,,
books#volume,In the Shadow of the Prophet,Religion,1998,1998,1,372.0,NOT_MATURE,NOT_FOR_SALE,Doubleday,,
books#volume,Tales of Power,Religion,1974,1974,1,295.0,NOT_MATURE,NOT_FOR_SALE,,,
books#volume,THE LECTURES ON FAITH,Religion,2022-08-07,2022,1,101.0,NOT_MATURE,FOR_SALE,LATTER-DAY STRENGTHS,1.49,GBP
books#volume,The Treasury of Catholic Wisdom,Religion,2011-05-17,2011,1,764.0,NOT_MATURE,FOR_SALE,Ignatius Press,18.83,GBP
books#volume,Life and Writings of Sir Thomas More,Religion,2012-09-17,2012,1,486.0,NOT_MATURE,NOT_FOR_SALE,Createspace Independent Pub,,
books#volume,Islam,Religion,2003-01-19,2003,1,221.0,NOT_MATURE,FOR_SALE,MSA Publication Limited,13.95,GBP
books#volume,A Book of Golden Deeds,Religion,2009-04-10,2009,1,446.0,NOT_MATURE,NOT_FOR_SALE,ReadHowYouWant.com,,
books#volume,The Light of Asia,Religion,2004-04-01,2004,1,136.0,NOT_MATURE,NOT_FOR_SALE,IndyPublish.com,,
books#volume,The Book of Occultation - Kitab Al-Ghaibah,Religion,2013-12,2013,1,0.0,NOT_MATURE,NOT_FOR_SALE,CreateSpace,,
books#volume,Sōtō Zen in Medieval Japan,Religion,1993-01-01,1993,1,376.0,NOT_MATURE,NOT_FOR_SALE,University of Hawaii Press,,
books#volume,The Truth of Religion,Religion,1913,1913,1,624.0,NOT_MATURE,NOT_FOR_SALE,,,
books#volume,The Protestant ethic and the spirit of capitalism,Religion,2015-07-20,2015,1,310.0,NOT_MATURE,NOT_FOR_SALE,,,
books#volume,A History of the English Church and People,Religion,1984,1984,2,364.0,NOT_MATURE,NOT_FOR_SALE,,,
books#volume,The Formation of Hanbalism,Religion,2002,2002,1,212.0,NOT_MATURE,NOT_FOR_SALE,Psychology Press,,
books#volume,Phenomenology of Religion,Religion,1973,1973,1,362.0,NOT_MATURE,NOT_FOR_SALE,Gregorian Biblical BookShop,,
books#volume,The Field of Zen,Religion,1969,1969,1,130.0,NOT_MATURE,NOT_FOR_SALE,,,
books#volume,Devil Worship: The Sacred Books and Traditions of the Yezidiz,Religion,2018-11-11,2018,1,228.0,NOT_MATURE,NOT_FOR_SALE,Franklin Classics Trade Press,,
books#volume,The History and Literature of Buddhism,Religion,1999,1999,1,144.0,NOT_MATURE,NOT_FOR_SALE,,,
books#volume,The Art of War,Religion,2016-09-22,2016,1,46.0,NOT_MATURE,NOT_FOR_SALE,Value Classic Reprints,,
books#volume,The Reign of Quantity and the Signs of the Times,Religion,1972,1972,1,376.0,NOT_MATURE,NOT_FOR_SALE,Penguin Group,,
books#volume,Did Jesus Rise from the Dead? the Resurrection Debate,Religion,1989,1989,2,210.0,NOT_MATURE,NOT_FOR_SALE,Harper San Francisco,,
books#volume,The Four Noble Truths,Religion,2010-07,2010,1,246.0,NOT_MATURE,NOT_FOR_SALE,ReadHowYouWant.com,,
books#volume,The Varieties of Religious Experience,Religion,2004-06,2004,1,0.0,NOT_MATURE,NOT_FOR_SALE,Kessinger Publishing,,
books#volume,The Book of Five Rings,Religion,2023-07-20,2023,1,0.0,NOT_MATURE,NOT_FOR_SALE,,,
books#volume,The Imitation of Christ,Religion,2017-04-29,2017,1,122.0,NOT_MATURE,NOT_FOR_SALE,,,
books#volume,Tao Te Ching,Religion,2000,2000,1,136.0,NOT_MATURE,NOT_FOR_SALE,Counterpoint LLC,,
books#volume,The Light of Asia,Religion,2022-10-26,2022,1,0.0,NOT_MATURE,NOT_FOR_SALE,Legare Street Press,,
books#volume,Pagan and Christian Rome,Religion,2014-03,2014,1,446.0,NOT_MATURE,NOT_FOR_SALE,"Literary Licensing, LLC",,
books#volume,Lives of the Georgian Saints,Religion,2006,2006,1,512.0,NOT_MATURE,NOT_FOR_SALE,,,
books#volume,Iconography of the Buddhist Sculpture of Orissa,Religion,2001,2001,1,270.0,NOT_MATURE,NOT_FOR_SALE,Abhinav Publications,,
books#volume,The Conquest of Constantinople,Religion,2005,2005,1,166.0,NOT_MATURE,NOT_FOR_SALE,Columbia University Press,,
books#volume,Jesus and the Other Names,Religion,1996,1996,1,228.0,NOT_MATURE,NOT_FOR_SALE,,,
books#volume,A Gift of Love,Religion,2012-11-06,2012,1,225.0,NOT_MATURE,FOR_SALE,Beacon Press,12.65,GBP
books#volume,The Soul of a People,Religion,2015-04-16,2015,1,126.0,NOT_MATURE,NOT_FOR_SALE,CreateSpace,,
books#volume,ʻAbbasid Studies,Religion,2004,2004,1,366.0,NOT_MATURE,NOT_FOR_SALE,Peeters Publishers,,
books#volume,Witchcraft and Devil Lore in the Channel Islands,Religion,2022-10-27,2022,1,0.0,NOT_MATURE,NOT_FOR_SALE,Legare Street Press,,
books#volume,The Religious Spirit of the Slavs,Religion,2017-11-25,2017,1,46.0,NOT_MATURE,NOT_FOR_SALE,Forgotten Books,,
books#volume,Age of Reason Being an Investigation of True and Fabulous Theology,Religion,2019-03-11,2019,1,442.0,NOT_MATURE,NOT_FOR_SALE,Wentworth Press,,
books#volume,Suicide and Attempted Suicide,Religion,1999,1999,1,480.0,NOT_MATURE,NOT_FOR_SALE,Carroll & Graf Pub,,
books#volume,"Boston Unitarianism, 1820-1850",Religion,1890,1890,1,288.0,NOT_MATURE,FREE,,,
books#volume,The Oxford Dictionary of Saints,Religion,2003,2003,1,612.0,NOT_MATURE,NOT_FOR_SALE,,,
books#volume,The Speeches Table-Talk of the Prophet Mohammad,Religion,2017-11-09,2017,1,270.0,NOT_MATURE,NOT_FOR_SALE,Forgotten Books,,
books#volume,The Canonization of Hebrew Scripture,Religion,1976,1976,1,248.0,NOT_MATURE,NOT_FOR_SALE,Archon Books,,
books#volume,A Record of Buddhistic Kingdoms,Religion,2026-05-14,2026,2,0.0,NOT_MATURE,NOT_FOR_SALE,Xpresspress,,
books#volume,The Summa Theologiae of Saint Thomas Aquinas,Religion,2010-02-19,2010,2,756.0,NOT_MATURE,NOT_FOR_SALE,,,
books#volume,Joachim of Fiore,Religion,1983,1983,2,168.0,NOT_MATURE,NOT_FOR_SALE,,,
books#volume,Lord of the World,Religion,2017-05-24,2017,1,322.0,NOT_MATURE,NOT_FOR_SALE,Pinnacle Press,,
books#volume,The Two Babylons,Religion,2018-10-07,2018,1,506.0,NOT_MATURE,NOT_FOR_SALE,Franklin Classics,,
books#volume,Decadence and Catholicism,Religion,1997,1997,1,426.0,NOT_MATURE,NOT_FOR_SALE,Harvard University Press,,
books#volume,The Individual and the Cosmos in Renaissance Philosophy,Religion,2010-04,2010,1,215.0,NOT_MATURE,NOT_FOR_SALE,University of Chicago Press,,
books#volume,Of the Imitation of Christ,Religion,2019-03-06,2019,1,284.0,NOT_MATURE,NOT_FOR_SALE,Wentworth Press,,
books#volume,A Book that was Lost,Religion,2008,2008,1,0.0,NOT_MATURE,NOT_FOR_SALE,,,
books#volume,"The Jew, the Gypsy and El Islam",Religion,2019-02-27,2019,1,372.0,NOT_MATURE,NOT_FOR_SALE,Wentworth Press,,
books#volume,Zeus,Religion,2008-02-05,2008,1,340.0,NOT_MATURE,NOT_FOR_SALE,Bloomsbury Publishing USA,,
books#volume,Reflections on Life After,Religion,1978-03,1978,1,164.0,NOT_MATURE,NOT_FOR_SALE,,,
books#volume,Experiencing The World's Religions,Religion,2007,2007,1,576.0,NOT_MATURE,NOT_FOR_SALE,,,
books#volume,Eunuchs for the Kingdom of Heaven,Religion,1990,1990,1,372.0,MATURE,NOT_FOR_SALE,Penguin Mass Market,,
books#volume,Shinto - The Ancient Religion of Japan,Religion,2011-08,2011,1,88.0,NOT_MATURE,NOT_FOR_SALE,Husain Press,,
books#volume,A Dictionary of Angels,Religion,1971,1971,1,426.0,NOT_MATURE,NOT_FOR_SALE,Touchstone,,
books#volume,The Theology of Unity,Religion,2021-12-19,2021,1,199.0,NOT_MATURE,FOR_SALE,Routledge,25.19,GBP
books#volume,India and the Apostle Thomas,Religion,2014-08-07,2014,1,320.0,NOT_MATURE,NOT_FOR_SALE,"Literary Licensing, LLC",,
books#volume,The Politics of Religious Studies,Religion,1998,1998,1,332.0,NOT_MATURE,NOT_FOR_SALE,New York : St. Martin's Press,,
books#volume,Signs of the Unseen,Religion,1999-10-19,1999,1,300.0,NOT_MATURE,NOT_FOR_SALE,Shambhala Publications,,
books#volume,Education in Ancient Israel,Religion,1998,1998,1,328.0,NOT_MATURE,NOT_FOR_SALE,Anchor Bible,,
books#volume,Mother of Bliss,Religion,1999,1999,1,324.0,NOT_MATURE,NOT_FOR_SALE,,,
books#volume,Olney Hymns in Three Books,Religion,2018-10-16,2018,2,298.0,NOT_MATURE,NOT_FOR_SALE,Franklin Classics,,
books#volume,The Testaments of the Twelve Patriarchs,Religion,2014-01-13,2014,1,0.0,NOT_MATURE,NOT_FOR_SALE,Createspace Independent Publishing Platform,,
books#volume,"Sex, Marriage, and Family in World Religions",Religion,2006,2006,3,506.0,NOT_MATURE,NOT_FOR_SALE,Columbia University Press,,
books#volume,"Religion, Politics, and Globalization",Religion,2011-01-01,2011,2,316.0,NOT_MATURE,NOT_FOR_SALE,Berghahn Books,,
books#volume,Islam's Response to Contemporary Issues,Religion,2007,2007,1,306.0,NOT_MATURE,FOR_SALE,Islam International,0.0,GBP
books#volume,Theravada Buddhism,Religion,2006-04-14,2006,1,191.0,NOT_MATURE,NOT_FOR_SALE,Routledge,,
books#volume,The Jewish Woman,Religion,1976,1976,1,328.0,NOT_MATURE,NOT_FOR_SALE,Schocken,,
books#volume,Take Back the Word - A Queer Reading of the Bible,Religion,2000-11-15,2000,2,377.0,MATURE,NOT_FOR_SALE,The Pilgrim Press,,
books#volume,"The Bible, the Koran, and the Talmud, Or, Biblical Legends of the Mussulmans",Religion,2017-07-26,2017,1,276.0,NOT_MATURE,NOT_FOR_SALE,Trieste Publishing,,
books#volume,The Antichrist,Religion,2017-08-22,2017,1,42.0,NOT_MATURE,NOT_FOR_SALE,,,
books#volume,"The Jewish Chronicle and Anglo-Jewry, 1841-1991",Religion,1994-03-03,1994,1,363.0,NOT_MATURE,NOT_FOR_SALE,Cambridge University Press,,
books#volume,Anthology of World Scriptures,Religion,1994,1994,1,364.0,NOT_MATURE,NOT_FOR_SALE,,,
books#volume,A Pious Seductress,Religion,2012,2012,1,225.0,NOT_MATURE,NOT_FOR_SALE,Walter de Gruyter,,
books#volume,Introduction to the Catechism of the Catholic Church,Religion,2014-06-19,2014,2,108.0,NOT_MATURE,FOR_SALE,Ignatius Press,11.28,GBP
books#volume,The Universe in a Single Atom,Religion,2006-09-12,2006,1,226.0,NOT_MATURE,NOT_FOR_SALE,Harmony,,
books#volume,The Nineteenth-century Church and English Society,Religion,1995,1995,1,230.0,NOT_MATURE,NOT_FOR_SALE,,,
books#volume,Literature and the Gods,Religion,2001,2001,1,232.0,NOT_MATURE,NOT_FOR_SALE,Alfred A. Knopf,,
books#volume,Fear and Trembling,Religion,2006-05-30,2006,1,0.0,NOT_MATURE,NOT_FOR_SALE,Penguin,,
books#volume,Light on the Path and Through the Gates of Gold,Religion,2012-03-16,2012,1,64.0,NOT_MATURE,NOT_FOR_SALE,,,
books#volume,The Origin of Evil Spirits,Religion,2013-11-26,2013,1,292.0,NOT_MATURE,NOT_FOR_SALE,Mohr Siebeck,,
books#volume,An Introduction to the New Testament (Classic Reprint),Religion,2017-07-24,2017,1,544.0,NOT_MATURE,NOT_FOR_SALE,Forgotten Books,,
books#volume,Gods Of Northern Buddhism,Religion,1978-01-01,1978,2,378.0,NOT_MATURE,NOT_FOR_SALE,,,
books#volume,Traditions of the Bible,Religion,1998,1998,1,1092.0,NOT_MATURE,NOT_FOR_SALE,Harvard University Press,,
books#volume,The Ideology of Religious Studies,Religion,2000,2000,1,276.0,NOT_MATURE,NOT_FOR_SALE,"Oxford University Press, USA",,
books#volume,KINDLE LIFE,Religion,2018-03-12,2018,1,149.0,NOT_MATURE,FOR_SALE,Central Chinmaya Mission Trust,3.79,GBP
books#volume,Islam: The Way of Revival,Religion,2015-07-02,2015,2,311.0,NOT_MATURE,NOT_FOR_SALE,Kube Publishing Ltd,,
books#volume,Siddhartha,Religion,2020-04-16,2020,1,151.0,NOT_MATURE,NOT_FOR_SALE,,,
books#volume,"Zephaniah, Habakkuk, Joel",Religion,1994,1994,1,144.0,NOT_MATURE,NOT_FOR_SALE,Burns & Oates,,
books#volume,Wisdom's Watch Upon the Hours,Religion,1994,1994,1,372.0,NOT_MATURE,NOT_FOR_SALE,CUA Press,,
books#volume,Islam in India and Pakistan,Religion,1982,1982,1,96.0,NOT_MATURE,NOT_FOR_SALE,BRILL,,
books#volume,Anti-Semitism before the Holocaust,Religion,2014-09-19,2014,1,155.0,NOT_MATURE,FOR_SALE,Routledge,33.19,GBP
books#volume,The Practice of the Presence of God,Religion,2026-03-31,2026,1,0.0,NOT_MATURE,NOT_FOR_SALE,,,
books#volume,Learning Theology with the Church Fathers,Religion,2002-08-16,2002,1,324.0,NOT_MATURE,NOT_FOR_SALE,InterVarsity Press,,
books#volume,A Catholic Introduction to the Bible,Religion,2018-09-04,2018,2,1066.0,NOT_MATURE,FOR_SALE,Ignatius Press,41.47,GBP
books#volume,The Village Gods of South India,Religion,2019-02-20,2019,1,188.0,NOT_MATURE,NOT_FOR_SALE,Wentworth Press,,
books#volume,Alberuni's India,Religion,2000,2000,2,482.0,NOT_MATURE,NOT_FOR_SALE,Psychology Press,,
books#volume,Irenaeus of Lyons,Religion,1997,1997,1,234.0,NOT_MATURE,NOT_FOR_SALE,Psychology Press,,
books#volume,The Prophet,Religion,2020-11-01,2020,1,130.0,NOT_MATURE,FOR_SALE,Prakash Books India Pvt Ltd,0.74,GBP
books#volume,The Triune God,Religion,1972,1972,1,382.0,NOT_MATURE,NOT_FOR_SALE,Westminster John Knox Press,,
books#volume,Embracing Mind,Religion,2008,2008,2,274.0,NOT_MATURE,NOT_FOR_SALE,Shambhala Publications,,
books#volume,Dialogues Concerning Natural Religion,Religion,2004-03-25,2004,1,205.0,NOT_MATURE,FOR_SALE,Penguin UK,9.99,GBP
books#volume,Traditions of the Bible,Religion,1998,1998,1,1092.0,NOT_MATURE,NOT_FOR_SALE,Harvard University Press,,
books#volume,Indo-European Sacred Space,Religion,2006-09-25,2006,1,312.0,NOT_MATURE,NOT_FOR_SALE,University of Illinois Press,,
books#volume,Unspeakable Love,Religion,2006,2006,1,272.0,MATURE,NOT_FOR_SALE,Saqi Books,,
books#volume,Islam and Asia,Religion,2020-05-07,2020,1,351.0,NOT_MATURE,NOT_FOR_SALE,Cambridge University Press,,
books#volume,Does Jesus Know Us--do We Know Him?,Religion,1983-01-01,1983,1,70.0,NOT_MATURE,NOT_FOR_SALE,Ignatius Press,,
books#volume,A Dictionary of Some Theosophical Terms,Religion,2017-08-30,2017,1,184.0,NOT_MATURE,NOT_FOR_SALE,Trieste Publishing,,
books#volume,The Oxford Handbook of Witchcraft in Early Modern Europe and Colonial America,Religion,2013-03-28,2013,1,645.0,NOT_MATURE,FOR_SALE,OUP Oxford,16.25,GBP
books#volume,The Liturgical Homilies of Narsai,Religion,2004-08-26,2004,1,255.0,NOT_MATURE,FOR_SALE,Wipf and Stock Publishers,23.99,GBP
books#volume,The Sixth and Seventh Books of Moses,Religion,2019-08-23,2019,1,362.0,NOT_MATURE,NOT_FOR_SALE,Lulu.com,,
books#volume,Akhenaten and the Origins of Monotheism,Religion,2015-02-13,2015,1,310.0,NOT_MATURE,FOR_SALE,Oxford University Press,43.54,GBP
books#volume,"A History of Auricular Confession and Indulgences in the Latin Church, Vol. 3 of 3",Religion,2017-10-28,2017,1,658.0,NOT_MATURE,NOT_FOR_SALE,Forgotten Books,,
books#volume,"War, Progress, and the End of History",Religion,1990,1990,1,210.0,NOT_MATURE,NOT_FOR_SALE,Lindisfarne Books,,
books#volume,The Divine Comedy Of Dante Alighieri;,Religion,2019-03-24,2019,1,554.0,NOT_MATURE,NOT_FOR_SALE,Wentworth Press,,
books#volume,Pilgrimage to the End of the World,Religion,2004-05-19,2004,1,145.0,NOT_MATURE,NOT_FOR_SALE,University of Chicago Press,,
books#volume,Thinking with Demons,Religion,1997,1997,1,854.0,NOT_MATURE,NOT_FOR_SALE,Academic,,
books#volume,Origen,Religion,2006,2006,1,434.0,NOT_MATURE,NOT_FOR_SALE,BRILL,,
books#volume,Handbook of Norse Mythology,Religion,2001-06-08,2001,1,394.0,NOT_MATURE,NOT_FOR_SALE,ABC-CLIO,,
books#volume,Texts for Preaching: Year A,Religion,1995-01-01,1995,2,606.0,NOT_MATURE,NOT_FOR_SALE,Westminster John Knox Press,,
books#volume,The Quakers: A Very Short Introduction,Religion,2008-02-28,2008,1,161.0,NOT_MATURE,NOT_FOR_SALE,Oxford University Press,,
books#volume,The First Crusade and the Idea of Crusading,Religion,1986,1986,1,248.0,NOT_MATURE,NOT_FOR_SALE,,,
books#volume,History of the Lutheran Version of the Bible,Religion,2017-08-19,2017,1,260.0,NOT_MATURE,NOT_FOR_SALE,Trieste Publishing,,
books#volume,The Economics of Sainthood,Religion,1977,1977,1,248.0,NOT_MATURE,FOR_SALE,Associated University Presse,15.94,GBP
books#volume,Diary,Religion,1955,1955,2,490.0,NOT_MATURE,NOT_FOR_SALE,,,
books#volume,Fazlallah Astarabadi and the Hurufis,Religion,2005-05,2005,1,168.0,NOT_MATURE,NOT_FOR_SALE,Oneworld Academic,,
books#volume,Photographic Guide to the Birds of Indonesia,Travel,2013-01-08,2013,0,1122.0,NOT_MATURE,FOR_SALE,Tuttle Publishing,15.59,GBP
books#volume,The Voyage of the Beagle,Travel,1909,1909,1,594.0,NOT_MATURE,NOT_FOR_SALE,,,
books#volume,Cornwall & the Isles of Scilly,Travel,2002,2002,1,244.0,NOT_MATURE,FOR_SALE,"Hunter Publishing, Inc",4.68,GBP
books#volume,RSPB Spotlight Hedgehogs,Travel,2018-08-28,2018,1,130.0,NOT_MATURE,NOT_FOR_SALE,Bloomsbury Publishing,,
books#volume,Moscow Days,Travel,1996,1996,1,264.0,NOT_MATURE,NOT_FOR_SALE,Kodansha,,
books#volume,Castles of Britain and Ireland,Travel,1996,1996,1,352.0,NOT_MATURE,NOT_FOR_SALE,,,
books#volume,Pictures from Italy,Travel,2005-10,2005,1,210.0,NOT_MATURE,NOT_FOR_SALE,1st World Publishing,,
books#volume,THE MALAY ARCHIPELAGO,Travel,2024-01-20,2024,1,324.0,NOT_MATURE,NOT_FOR_SALE,BoD - Books on Demand,,
books#volume,A Shameful Life,Travel,2018-11-13,2018,1,131.0,NOT_MATURE,FOR_SALE,"Stone Bridge Press, Inc.",12.99,GBP
books#volume,Lonely Planet Great Britain,Travel,2023-11,2023,16,1486.0,NOT_MATURE,NOT_FOR_SALE,Lonely Planet,,
books#volume,The Rough Guide to Rome,Travel,2014-05-01,2014,1,527.0,NOT_MATURE,NOT_FOR_SALE,Rough Guides UK,,
books#volume,A History of the Fens of South Lincolnshire,Travel,2013-10-31,2013,1,665.0,NOT_MATURE,NOT_FOR_SALE,Cambridge University Press,,
books#volume,The Rough Guide to Scotland,Travel,2017-04-18,2017,6,817.0,NOT_MATURE,NOT_FOR_SALE,Penguin,,
books#volume,Lonely Planet Israel & the Palestinian Territories,Travel,2018-07-01,2018,6,713.0,NOT_MATURE,NOT_FOR_SALE,Lonely Planet,,
books#volume,The Travel Survival Guide,Travel,2018-10-26,2018,1,174.0,NOT_MATURE,NOT_FOR_SALE,Portico,,
books#volume,My Family and Other Animals,Travel,2019-03,2019,1,402.0,NOT_MATURE,NOT_FOR_SALE,Ulverscroft Collections,,
books#volume,What to Observe,Travel,1841,1841,1,650.0,NOT_MATURE,FREE,,,
books#volume,"The Nature of Cultural Heritage, and the Culture of Natural Heritage",Travel,2013-10-18,2013,2,100.0,NOT_MATURE,NOT_FOR_SALE,Routledge,,
books#volume,Glamorgan and Gwent,Travel,1992,1992,1,236.0,NOT_MATURE,NOT_FOR_SALE,Stationery Office Books (TSO),,
books#volume,North Devon and North Cornwall From Exmoor to the Scilly Isles,Travel,2018-01-18,2018,1,280.0,NOT_MATURE,NOT_FOR_SALE,Forgotten Books,,
books#volume,Skiing Made Easy,Travel,2018-07-19,2018,1,103.0,NOT_MATURE,FOR_SALE,David P Mitchell,4.99,GBP
books#volume,Microcosms,Travel,1999,1999,1,296.0,NOT_MATURE,NOT_FOR_SALE,Harvill Press,,
books#volume,Jerusalem Architecture,Travel,1994,1994,1,224.0,NOT_MATURE,NOT_FOR_SALE,Vendome Press,,
books#volume,The Rough Guide to Turkey,Travel,2007-01-25,2007,4,1072.0,NOT_MATURE,NOT_FOR_SALE,Rough Guides,,
books#volume,The Road to Little Dribbling,Travel,2016-10-25,2016,1,0.0,NOT_MATURE,NOT_FOR_SALE,National Geographic Books,,
books#volume,The Gazetteer of Sikhim,Travel,1894,1894,1,492.0,NOT_MATURE,FREE,Gale and the British Library,,
books#volume,Sustainable Tourism in Protected Areas,Travel,2002,2002,5,191.0,NOT_MATURE,NOT_FOR_SALE,IUCN,,
books#volume,Glimpses of Unfamiliar Japan,Travel,2013-12,2013,1,148.0,NOT_MATURE,NOT_FOR_SALE,CreateSpace,,
books#volume,Lord Jim,Travel,2024-06-25,2024,1,387.0,NOT_MATURE,NOT_FOR_SALE,Rizzoli,,
books#volume,"Tobaland, the Shreds of Tradition",Travel,1983,1983,1,242.0,NOT_MATURE,NOT_FOR_SALE,,,
books#volume,"Iraq, Land of Two Rivers",Travel,1980,1980,1,292.0,NOT_MATURE,NOT_FOR_SALE,HarperCollins,,
books#volume,The J. Paul Getty Museum,Travel,2007,2007,1,344.0,NOT_MATURE,NOT_FOR_SALE,Getty Publications,,
books#volume,The Old Ways,Travel,2012,2012,1,373.0,NOT_MATURE,NOT_FOR_SALE,Penguin UK,,
books#volume,Ecology of Java & Bali,Travel,1996,1996,3,1040.0,NOT_MATURE,NOT_FOR_SALE,Oxford University Press,,
books#volume,Pride and Prejudice by Jane Austen,Travel,2020-11-10,2020,1,108.0,NOT_MATURE,NOT_FOR_SALE,,,
books#volume,The Lost Continent,Travel,1992,1992,1,516.0,NOT_MATURE,NOT_FOR_SALE,Random House,,
books#volume,The Light of Asia,Travel,2017-05-12,2017,1,244.0,NOT_MATURE,NOT_FOR_SALE,,,
books#volume,The Rough Guide to Berlin,Travel,2011-01-20,2011,1,440.0,NOT_MATURE,NOT_FOR_SALE,Penguin,,
books#volume,Gitanjali,Travel,2021-11-02,2021,1,48.0,NOT_MATURE,NOT_FOR_SALE,Blurb,,
books#volume,Afghanistan - The People,Travel,2003,2003,1,36.0,NOT_MATURE,NOT_FOR_SALE,Crabtree Publishing Company,,
books#volume,An Ideal Husband,Travel,2021-02-06,2021,1,78.0,NOT_MATURE,NOT_FOR_SALE,,,
books#volume,Strolling Through Istanbul,Travel,2003,2003,2,537.0,NOT_MATURE,NOT_FOR_SALE,Routledge,,
books#volume,The Zoology of the Voyage of H.M.S. Beagle,Travel,2025-03-29,2025,3,0.0,NOT_MATURE,NOT_FOR_SALE,Anson Street Press,,
books#volume,Empire's Edge,Travel,1995-10-17,1995,1,0.0,NOT_MATURE,NOT_FOR_SALE,Verso Books,,
books#volume,Rob Roy,Travel,2009-12-30,2009,1,0.0,NOT_MATURE,NOT_FOR_SALE,Taylor & Francis,,
books#volume,Western European Painting in the Hermitage,Travel,1978,1978,2,314.0,NOT_MATURE,NOT_FOR_SALE,ABRAMS,,
books#volume,Gay and Lesbian Asia,Travel,2013-09-13,2013,2,293.0,MATURE,FOR_SALE,Routledge,26.79,GBP
books#volume,An Authentic Account of an Embassy from the King of Great Britain to the Emperor of China,Travel,2019-07-30,2019,1,640.0,NOT_MATURE,NOT_FOR_SALE,Hardpress Publishing,,
books#volume,"Tourism, Development and Growth",Travel,1997,1997,2,328.0,NOT_MATURE,NOT_FOR_SALE,Psychology Press,,
books#volume,Uttermost Part of the Earth,Travel,1988,1988,1,618.0,NOT_MATURE,NOT_FOR_SALE,,,
books#volume,Travels in Arabia Deserta,Travel,1979,1979,1,708.0,NOT_MATURE,NOT_FOR_SALE,,,
books#volume,Theaetetus,Travel,2017-05-24,2017,1,196.0,NOT_MATURE,NOT_FOR_SALE,Pinnacle Press,,
books#volume,Seeing Spiritual India,Travel,2008-05-29,2008,1,879.0,NOT_MATURE,NOT_FOR_SALE,iUniverse,,
books#volume,"The Malay Archipelago: The Land of the Orang-Utan and the Bird of Paradise: A Narrative of Travel, with Studies of Man and Nature",Travel,2017-08-19,2017,1,560.0,NOT_MATURE,NOT_FOR_SALE,,,
books#volume,The Great Gatsby,Travel,1995-07-21,1995,2,,NOT_MATURE,NOT_FOR_SALE,,,
books#volume,The Rough Guide to Nepal,Travel,2015-07-28,2015,1,617.0,NOT_MATURE,NOT_FOR_SALE,Penguin,,
books#volume,Two Years Before The Mast,Travel,2016-09-28,2016,1,198.0,NOT_MATURE,NOT_FOR_SALE,Value Classic Reprints,,
books#volume,An Inland Voyage,Travel,2022-10-27,2022,1,0.0,NOT_MATURE,NOT_FOR_SALE,Legare Street Press,,
books#volume,Mexico's Fortress Monasteries,Travel,1992,1992,1,232.0,NOT_MATURE,NOT_FOR_SALE,,,
books#volume,The Norfolk Broads (Classic Reprint),Travel,2017-10-29,2017,1,574.0,NOT_MATURE,NOT_FOR_SALE,Forgotten Books,,
books#volume,A Winter in Arabia,Travel,2020-05-19,2020,1,328.0,NOT_MATURE,NOT_FOR_SALE,Tauris Parke,,
books#volume,Trieste and the Meaning of Nowhere,Travel,2001,2001,1,0.0,NOT_MATURE,NOT_FOR_SALE,,,
books#volume,Lives of the Georgian Saints,Travel,2006,2006,1,512.0,NOT_MATURE,NOT_FOR_SALE,,,
books#volume,American Notes for General Circulation,Travel,2008-05-01,2008,1,240.0,NOT_MATURE,NOT_FOR_SALE,IndyPublish.com,,
books#volume,To the Lake,Travel,2020,2020,1,0.0,NOT_MATURE,NOT_FOR_SALE,,,
books#volume,Unbeaten Tracks in Japan,Travel,2021,2021,1,0.0,NOT_MATURE,NOT_FOR_SALE,Hansebooks,,
books#volume,An Account of the Manners and Customs of the Modern Egyptians,Travel,1986,1986,1,624.0,NOT_MATURE,NOT_FOR_SALE,Darf Publishers,,
books#volume,Kidnapped,Travel,2021-01-07,2021,1,140.0,NOT_MATURE,NOT_FOR_SALE,,,
books#volume,"The Travels and Adventures of the Turkish Admiral Sidi Ali Reïs: In India, Afghanistan, Central Asia",Travel,2019-02-27,2019,1,134.0,NOT_MATURE,NOT_FOR_SALE,Wentworth Press,,
books#volume,Chinese Business Etiquette and Culture,Travel,2002-06,2002,1,0.0,NOT_MATURE,NOT_FOR_SALE,,,
books#volume,An Account of Two Voyages to New-England,Travel,2017-11-20,2017,1,224.0,NOT_MATURE,NOT_FOR_SALE,Forgotten Books,,
books#volume,South,Travel,1989-07-01,1989,1,375.0,NOT_MATURE,NOT_FOR_SALE,Century Hutchinson,,
books#volume,A Poet's Bazaar,Travel,2019-08-07,2019,1,376.0,NOT_MATURE,NOT_FOR_SALE,Hardpress Publishing,,
books#volume,Pausanias' Guide to Ancient Greece,Travel,1985,1985,1,228.0,NOT_MATURE,NOT_FOR_SALE,Univ of California Press,,
books#volume,Barbados,Travel,1996,1996,1,328.0,NOT_MATURE,NOT_FOR_SALE,,,
books#volume,A Family Tour Through South Holland,Travel,2018-10-19,2018,1,334.0,NOT_MATURE,NOT_FOR_SALE,Franklin Classics Trade Press,,
books#volume,Bloodstained Sea,Travel,2004,2004,1,332.0,NOT_MATURE,NOT_FOR_SALE,International Marine/Ragged Mountain Press,,
books#volume,A Record of Buddhistic Kingdoms,Travel,2026-05-14,2026,2,0.0,NOT_MATURE,NOT_FOR_SALE,Xpresspress,,
books#volume,Managing Tourism,Travel,1991,1991,1,368.0,NOT_MATURE,NOT_FOR_SALE,Butterworth-Heinemann,,
books#volume,Chinese Characteristics,Travel,2025-05-22,2025,1,0.0,NOT_MATURE,NOT_FOR_SALE,Hutson Street Press,,
books#volume,In Court and Kampong,Travel,2017-07-18,2017,1,144.0,NOT_MATURE,NOT_FOR_SALE,,,
books#volume,Zeus,Travel,2008-02-05,2008,1,340.0,NOT_MATURE,NOT_FOR_SALE,Bloomsbury Publishing USA,,
books#volume,Carnet de Voyage,Travel,2004,2004,1,236.0,NOT_MATURE,NOT_FOR_SALE,,,
books#volume,Таинственный остров / The Mysterious Island. Уровень 3,Travel,2021-04-17,2021,1,213.0,NOT_MATURE,FOR_SALE,Издательство АСТ,3.89,GBP
books#volume,Summer on the Lakes in 1843,Travel,2025-05-22,2025,1,0.0,NOT_MATURE,NOT_FOR_SALE,Hutson Street Press,,
books#volume,Studies on the Civilization of Islam,Travel,2016-04-19,2016,1,0.0,NOT_MATURE,NOT_FOR_SALE,,,
books#volume,The Madura Country,Travel,1989,1989,1,960.0,NOT_MATURE,NOT_FOR_SALE,Asian Educational Services,,
books#volume,Travels in the Interior Districts of Africa,Travel,2005-02-01,2005,1,260.0,NOT_MATURE,NOT_FOR_SALE,Frontlist Books,,
books#volume,This Means Nothing,Travel,2008,2008,1,178.0,NOT_MATURE,NOT_FOR_SALE,powerHouse Books,,
books#volume,A Little Tour in France,Travel,2025-03-28,2025,2,0.0,NOT_MATURE,NOT_FOR_SALE,Anson Street Press,,
books#volume,Robert Louis Stevenson,Travel,2004,2004,1,328.0,NOT_MATURE,NOT_FOR_SALE,Univ. of Queensland Press,,
books#volume,Travel Writing 1700-1830: An Anthology,Travel,2005-11-10,2005,2,560.0,NOT_MATURE,NOT_FOR_SALE,OUP Oxford,,
books#volume,In Light of India,Travel,1997,1997,1,232.0,NOT_MATURE,NOT_FOR_SALE,Houghton Mifflin,,
books#volume,English Journey,Travel,1984,1984,1,0.0,NOT_MATURE,NOT_FOR_SALE,Heinemann Educational Books,,
books#volume,From the Cape to Cairo,Travel,2016-06-26,2016,1,414.0,NOT_MATURE,NOT_FOR_SALE,Forgotten Books,,
books#volume,The Endeavour Journal of Sir Joseph Banks,Travel,2009-10,2009,1,600.0,NOT_MATURE,NOT_FOR_SALE,Benediction Books,,
books#volume,RSPB Spotlight Owls,Travel,2017-06-01,2017,1,130.0,NOT_MATURE,FOR_SALE,Bloomsbury Publishing,10.39,GBP
books#volume,The Six Mountain-travel Books,Travel,1985,1985,1,856.0,NOT_MATURE,NOT_FOR_SALE,,,
books#volume,Sailing Alone Around the World Annotated,Travel,2021-04-22,2021,1,242.0,NOT_MATURE,NOT_FOR_SALE,,,
books#volume,1001 Natural Wonders You Must See Before,Travel,2005-05-04,2005,1,960.0,NOT_MATURE,NOT_FOR_SALE,,,
books#volume,Altai-Himalaya,Travel,2017-10-19,2017,1,422.0,NOT_MATURE,NOT_FOR_SALE,,,
books#volume,The Silk Road,Travel,1979,1979,1,360.0,NOT_MATURE,NOT_FOR_SALE,Pantheon,,
books#volume,Mountaineering and Exploration in the Japanese Alps (Classic Reprint),Travel,2016-09-13,2016,1,434.0,NOT_MATURE,NOT_FOR_SALE,Forgotten Books,,
books#volume,Travels Amongst the Great Andes of the Equator,Travel,2017-06-29,2017,1,0.0,NOT_MATURE,NOT_FOR_SALE,Hansebooks,,
books#volume,In Court and Kampong,Travel,2018-07-07,2018,1,182.0,NOT_MATURE,NOT_FOR_SALE,Createspace Independent Publishing Platform,,
books#volume,Tales of the Alhambra,Travel,2023-05,2023,1,0.0,NOT_MATURE,NOT_FOR_SALE,,,
books#volume,Twilight in Italy,Travel,2017-03-02,2017,1,156.0,NOT_MATURE,NOT_FOR_SALE,Createspace Independent Publishing Platform,,
books#volume,The Man-Eaters of Tsavo,Travel,2017-06-25,2017,1,194.0,NOT_MATURE,NOT_FOR_SALE,Createspace Independent Publishing Platform,,
books#volume,The Ancient Geography of India,Travel,2002-01-01,2002,1,770.0,NOT_MATURE,NOT_FOR_SALE,Munshirm Manoharlal Pub Pvt Limited,,
books#volume,Eastern Approaches,Travel,1966,1966,1,586.0,NOT_MATURE,NOT_FOR_SALE,Jonathan Cape,,
books#volume,The Magnetic North,Travel,2011-02-01,2011,1,336.0,NOT_MATURE,NOT_FOR_SALE,"Farrar, Straus and Giroux",,
books#volume,"Travels, Researches and Missionary Labours During an Eighteen Years' Residence in Eastern Africa",Travel,1968-04-01,1968,2,566.0,NOT_MATURE,NOT_FOR_SALE,Routledge,,
books#volume,The Story of My Boyhood and Youth,Travel,2024-02-17,2024,1,0.0,NOT_MATURE,NOT_FOR_SALE,,,
books#volume,"A Man of Pleasure, and a Man of Business",Travel,1991,1991,1,216.0,NOT_MATURE,NOT_FOR_SALE,University of Louisiana,,
books#volume,Shanghai Year,Travel,1987,1987,1,134.0,NOT_MATURE,NOT_FOR_SALE,Wildside Press LLC,,
books#volume,A Record of Buddhistic Kingdoms,Travel,1965,1965,1,0.0,NOT_MATURE,NOT_FOR_SALE,,,
books#volume,Bombay Place-Names and Street-Names,Travel,2017-12-04,2017,1,154.0,NOT_MATURE,NOT_FOR_SALE,Forgotten Books,,
books#volume,Gertrude Bell,Travel,2000-10,2000,1,288.0,NOT_MATURE,NOT_FOR_SALE,Syracuse University Publications in Continuing Education,,
books#volume,The Great Barrier Reef,Travel,1971,1971,1,192.0,NOT_MATURE,NOT_FOR_SALE,Lansdowne Publishing,,
books#volume,The Native's Return,Travel,1975-04-17,1975,1,0.0,NOT_MATURE,NOT_FOR_SALE,Praeger,,
books#volume,Narrative of a Survey of the Intertropical and Western Coasts of Australia,Travel,2018-02-11,2018,1,508.0,NOT_MATURE,NOT_FOR_SALE,Forgotten Books,,
books#volume,The GR5 Trail - Benelux and Lorraine,Travel,2018-09-15,2018,1,314.0,NOT_MATURE,NOT_FOR_SALE,Cicerone Press,,
books#volume,Bangkok,Travel,2008,2008,1,272.0,NOT_MATURE,NOT_FOR_SALE,,,
books#volume,The Museum of Innocence,Travel,2011-08-05,2011,1,756.0,NOT_MATURE,FOR_SALE,Faber & Faber,7.99,GBP
books#volume,They Went Whistling,Travel,2001,2001,1,312.0,NOT_MATURE,NOT_FOR_SALE,Pantheon,,
books#volume,Coloring Books for Adults,Travel,2015-09-03,2015,1,50.0,NOT_MATURE,NOT_FOR_SALE,CreateSpace,,
books#volume,"Letters Written During a Short Residence in Sweden, Norway and Denmark",Travel,2005,2005,1,148.0,NOT_MATURE,NOT_FOR_SALE,,,
books#volume,Public Monuments,Travel,1998-12,1998,1,244.0,NOT_MATURE,NOT_FOR_SALE,Reaktion Books,,
books#volume,The Jaulân,Travel,2015-07-28,2015,1,334.0,NOT_MATURE,NOT_FOR_SALE,Forgotten Books,,
books#volume,NEW VIEW CASTLE,Travel,1987-10-17,1987,2,164.0,NOT_MATURE,NOT_FOR_SALE,Smithsonian Books (DC),,
books#volume,Building a Masterpiece,Travel,2001,2001,2,248.0,NOT_MATURE,NOT_FOR_SALE,,,
books#volume,Ghetto at the Center of the World,Travel,2011-06-30,2011,1,255.0,NOT_MATURE,NOT_FOR_SALE,University of Chicago Press,,
books#volume,The Narrow Road of Oku,Travel,2026-08-25,2026,1,34.0,NOT_MATURE,NOT_FOR_SALE,New Directions Publishing,,
books#volume,When Cats Reigned Like Kings,Travel,2012,2012,1,297.0,NOT_MATURE,NOT_FOR_SALE,Transaction Publishers,,
books#volume,Out of Africa,Travel,2001-09-27,2001,1,348.0,NOT_MATURE,NOT_FOR_SALE,Penguin UK,,
books#volume,Biblical Holy Places,Travel,1987,1987,1,288.0,NOT_MATURE,NOT_FOR_SALE,Simon & Schuster Books For Young Readers,,
books#volume,Into Thin Air,Travel,2011-07-06,2011,1,330.0,NOT_MATURE,FOR_SALE,Pan Macmillan,5.99,GBP
books#volume,Lakota Society,Travel,1982,1982,1,268.0,NOT_MATURE,NOT_FOR_SALE,U of Nebraska Press,,
books#volume,A Journey Through Ruins,Travel,2009-02-26,2009,1,420.0,NOT_MATURE,NOT_FOR_SALE,"Oxford University Press, USA",,
books#volume,Passage Through El Dorado,Travel,1984,1984,1,340.0,NOT_MATURE,NOT_FOR_SALE,William Morrow,,
books#volume,Penguin Classics Down and Out in Paris and London,Travel,2013-01-15,2013,1,0.0,NOT_MATURE,NOT_FOR_SALE,National Geographic Books,,
books#volume,Down and Out in Paris and London,Travel,2021-01-07,2021,1,256.0,NOT_MATURE,NOT_FOR_SALE,HarperPress,,
books#volume,Mark Twain in Paradise,Travel,2006-03,2006,1,208.0,NOT_MATURE,NOT_FOR_SALE,University of Missouri,,
books#volume,Kew,Travel,1995,1995,1,264.0,NOT_MATURE,NOT_FOR_SALE,HarperCollins Publishers,,
books#volume,Only the Nails Remain,Travel,1999-09-29,1999,1,0.0,NOT_MATURE,NOT_FOR_SALE,Rowman & Littlefield Publishers,,
books#volume,Lighthouses of Europe,Travel,2018-11-15,2018,1,178.0,NOT_MATURE,FOR_SALE,Bloomsbury Publishing,15.99,GBP
books#volume,Istanbul,Travel,2011-07-21,2011,1,521.0,NOT_MATURE,FOR_SALE,Faber & Faber,7.99,GBP
books#volume,In Siberia,Travel,2008,2008,1,306.0,NOT_MATURE,NOT_FOR_SALE,Random House,,
books#volume,A Steady Trade,Travel,2014-04-01,2014,1,347.0,NOT_MATURE,FOR_SALE,Open Road Media,7.99,GBP
books#volume,The Spirit of Yellowstone,Travel,1996,1996,1,202.0,NOT_MATURE,NOT_FOR_SALE,Rowman & Littlefield Publishers,,
books#volume,Sixteen Acres,Travel,2005-01-04,2005,1,305.0,NOT_MATURE,NOT_FOR_SALE,Macmillan,,
books#volume,Diary,Travel,1955,1955,2,490.0,NOT_MATURE,NOT_FOR_SALE,,,
books#volume,A Course Called Scotland,Travel,2019-06-04,2019,1,336.0,NOT_MATURE,NOT_FOR_SALE,Simon & Schuster,,
books#volume,Physical Geography of China,Travel,1986-09-09,1986,1,252.0,NOT_MATURE,NOT_FOR_SALE,,,
books#volume,The Gunpowder Gardens,Travel,1990,1990,1,231.0,NOT_MATURE,NOT_FOR_SALE,,,
books#volume,Field Guide to the Birds of the Canary Islands,Travel,2018-02-08,2018,1,189.0,NOT_MATURE,FOR_SALE,Bloomsbury Publishing,27.0,GBP
books#volume,Letters from Russia,Travel,2014-06-26,2014,1,369.0,NOT_MATURE,FOR_SALE,Penguin UK,2.99,GBP
books#volume,A Turn in the South,Travel,1990-02-19,1990,1,0.0,NOT_MATURE,NOT_FOR_SALE,National Geographic Books,,
books#volume,Ennin's Travels in Tʻang China,Travel,1955,1955,1,374.0,NOT_MATURE,NOT_FOR_SALE,"New York, Ronald P",,
books#volume,The Buried Giant,Travel,2015,2015,1,317.0,NOT_MATURE,NOT_FOR_SALE,Knopf Publishing Group,,
books#volume,Le vrai et le faux au Moyen Âge,True Crime,2005,2005,1,392.0,NOT_MATURE,NOT_FOR_SALE,,,
books#volume,"Sport and the English Middle Classes, 1870-1914",Sports & Recreation,1993,1993,1,324.0,NOT_MATURE,NOT_FOR_SALE,Manchester University Press,,
books#volume,The Ultimate Guide to Weight Training for Badminton,Sports & Recreation,2003,2003,1,78.0,NOT_MATURE,FOR_SALE,Price World Publishing,10.34,GBP
books#volume,Sport and the Making of Britain,Sports & Recreation,1993,1993,1,358.0,NOT_MATURE,NOT_FOR_SALE,Manchester University Press,,
books#volume,Terrace Heroes,Sports & Recreation,2005,2005,1,200.0,NOT_MATURE,NOT_FOR_SALE,Psychology Press,,
books#volume,Moving the Goalposts,Sports & Recreation,1998,1998,1,258.0,NOT_MATURE,NOT_FOR_SALE,Psychology Press,,
books#volume,Francis Willughby's Book of Games,Sports & Recreation,2003,2003,1,370.0,NOT_MATURE,NOT_FOR_SALE,Routledge,,
books#volume,A Sport-loving Society,Sports & Recreation,2006,2006,1,340.0,NOT_MATURE,NOT_FOR_SALE,Taylor & Francis,,
books#volume,Motivation and Emotion in Sport,Sports & Recreation,1997,1997,1,242.0,NOT_MATURE,NOT_FOR_SALE,Psychology Press,,
books#volume,Cruauté Et Civilization,Sports & Recreation,1994,1994,1,252.0,NOT_MATURE,NOT_FOR_SALE,Psychology Press,,
books#volume,"Sport, Representation and Evolving Identities in Europe",Sports & Recreation,2010,2010,2,416.0,NOT_MATURE,NOT_FOR_SALE,Peter Lang,,
books#volume,National Identity and Global Sports Events,Sports & Recreation,2006-06-01,2006,2,258.0,NOT_MATURE,NOT_FOR_SALE,SUNY Press,,
books#volume,Global Sports,Sports & Recreation,2009,2009,1,332.0,NOT_MATURE,NOT_FOR_SALE,World Scientific,,
books#volume,Clinical Sports Nutrition,Sports & Recreation,2000,2000,2,788.0,NOT_MATURE,NOT_FOR_SALE,McGraw-Hill/Spanish Imports,,
books#volume,Etude Des Législations Nationales Relatives Au Sport en Europe,Sports & Recreation,1999-01-01,1999,1,150.0,NOT_MATURE,FOR_SALE,Council of Europe,18.87,GBP
books#volume,Sport and National Identity in the Post-war World,Sports & Recreation,2004,2004,2,210.0,NOT_MATURE,NOT_FOR_SALE,Psychology Press,,
books#volume,Sports in World History,Sports & Recreation,2004-06-02,2004,1,130.0,NOT_MATURE,NOT_FOR_SALE,Routledge,,
books#volume,Law and Sport in Contemporary Society,Sports & Recreation,2000,2000,2,330.0,NOT_MATURE,NOT_FOR_SALE,Psychology Press,,
books#volume,Philosophy in Sport Made Science in Earnest,Sports & Recreation,1861,1861,1,474.0,NOT_MATURE,FREE,,,
books#volume,Athletics of the Ancient World,Sports & Recreation,1980,1980,1,372.0,NOT_MATURE,NOT_FOR_SALE,Ares Publishers,,
books#volume,The Poetry of Sport,Sports & Recreation,1896,1896,1,534.0,NOT_MATURE,FREE,"London : Longmans, Green",,
books#volume,Sport and Women,Sports & Recreation,2003,2003,2,312.0,NOT_MATURE,NOT_FOR_SALE,Psychology Press,,
books#volume,Skill in Sport,Sports & Recreation,1966,1966,1,234.0,NOT_MATURE,NOT_FOR_SALE,,,
books#volume,The Book of Sports,Sports & Recreation,1834,1834,1,172.0,NOT_MATURE,FREE,,,
books#volume,"The Diary of Colonel Peter Hawker, 1802-1853",Sports & Recreation,1893,1893,1,436.0,NOT_MATURE,FREE,,,
books#volume,Scottish Field Sports,Sports & Recreation,1861,1861,1,262.0,NOT_MATURE,FREE,,,
books#volume,Sporting Magazine,Sports & Recreation,1808,1808,0,420.0,NOT_MATURE,FREE,,,
books#volume,Greek Athletic Sports and Festivals,Sports & Recreation,1970,1970,1,584.0,NOT_MATURE,NOT_FOR_SALE,,,
books#volume,Winners and Losers,Sports & Recreation,1999,1999,2,424.0,NOT_MATURE,NOT_FOR_SALE,Viking Adult,,
books#volume,Country Life Illustrated,Sports & Recreation,1898,1898,0,848.0,NOT_MATURE,FREE,,,
books#volume,Wild Sports of the West,Sports & Recreation,1833,1833,1,222.0,NOT_MATURE,FREE,,,
books#volume,Born Out of Wenlock,Sports & Recreation,2011,2011,1,191.0,NOT_MATURE,NOT_FOR_SALE,,,
books#volume,Science for Exercise and Sport,Sports & Recreation,2001,2001,2,200.0,NOT_MATURE,NOT_FOR_SALE,Psychology Press,,
books#volume,Quidditch Through the Ages (full-colour Illustrated Edition),Sports & Recreation,2020,2020,1,0.0,NOT_MATURE,NOT_FOR_SALE,,,
books#volume,Research Methods for Sport Studies,Sports & Recreation,2004,2004,2,312.0,NOT_MATURE,NOT_FOR_SALE,Psychology Press,,
books#volume,Lonely Planet Thailand’s Islands & Beaches,Sports & Recreation,,,1,603.0,NOT_MATURE,NOT_FOR_SALE,Lonely Planet,,
books#volume,Sites of Sport,Sports & Recreation,2004,2004,2,281.0,NOT_MATURE,NOT_FOR_SALE,Psychology Press,,
books#volume,Women on the Ball,Sports & Recreation,1997,1997,1,312.0,NOT_MATURE,NOT_FOR_SALE,,,
books#volume,The Boy's Own Annual,Sports & Recreation,1900,1900,0,944.0,NOT_MATURE,FREE,,,
books#volume,Strategic Sport Marketing,Sports & Recreation,2009-01,2009,4,367.0,NOT_MATURE,NOT_FOR_SALE,Allen & Unwin Academic,,
books#volume,"Women, Sport, and Society in Modern China",Sports & Recreation,2003,2003,1,392.0,NOT_MATURE,NOT_FOR_SALE,Psychology Press,,
books#volume,Challenging the Men,Sports & Recreation,1982,1982,1,304.0,NOT_MATURE,NOT_FOR_SALE,University of Queensland Press(Australia),,
books#volume,Lonely Planet Nepal,Sports & Recreation,2023-09,2023,6,597.0,NOT_MATURE,NOT_FOR_SALE,Lonely Planet,,
books#volume,Sports,Sports & Recreation,2000,2000,1,392.0,NOT_MATURE,NOT_FOR_SALE,"Willowdale, Ont. : Firefly Books",,
books#volume,"Sport, Sectarianism, and Society in a Divided Ireland",Sports & Recreation,1993,1993,2,168.0,NOT_MATURE,NOT_FOR_SALE,Burns & Oates,,
books#volume,Sports and Exercise Nutrition,Sports & Recreation,2009,2009,3,0.0,NOT_MATURE,NOT_FOR_SALE,,,
books#volume,What to Do and how to Do it,Sports & Recreation,1882,1882,1,440.0,NOT_MATURE,FREE,,,
books#volume,Sport and Society in Modern France,Sports & Recreation,1981,1981,1,282.0,NOT_MATURE,NOT_FOR_SALE,"Hamden, Conn. : Archon Books",,
books#volume,The Commercialisation of Sport,Sports & Recreation,2004,2004,0,326.0,NOT_MATURE,NOT_FOR_SALE,,,
books#volume,The Biomechanics of Sports Techniques,Sports & Recreation,1985,1985,1,568.0,NOT_MATURE,NOT_FOR_SALE,Prentice Hall,,
books#volume,Encyclopedia of International Sports Studies: F-O,Sports & Recreation,2006,2006,3,504.0,NOT_MATURE,NOT_FOR_SALE,Taylor & Francis,,
books#volume,Golf in the Kingdom,Sports & Recreation,1992,1992,1,244.0,NOT_MATURE,NOT_FOR_SALE,Penguin (Non-Classics),,
books#volume,Fun and Games in Old Europe,Sports & Recreation,1986,1986,2,228.0,NOT_MATURE,NOT_FOR_SALE,,,
books#volume,"The Palgrave Handbook of Volunteering, Civic Participation, and Nonprofit Associations",Sports & Recreation,2016-01-29,2016,3,0.0,NOT_MATURE,NOT_FOR_SALE,Palgrave Macmillan,,
books#volume,Playing the Game,Sports & Recreation,1995,1995,1,376.0,NOT_MATURE,NOT_FOR_SALE,,,
books#volume,The Econometrics of Sport,Sports & Recreation,2013,2013,3,0.0,NOT_MATURE,NOT_FOR_SALE,Edward Elgar Publishing,,
books#volume,Physiology of Sport and Exercise,Sports & Recreation,2025,2025,3,0.0,NOT_MATURE,NOT_FOR_SALE,Human Kinetics Publishers,,
books#volume,Recovery for Performance in Sport,Sports & Recreation,2013,2013,3,297.0,NOT_MATURE,NOT_FOR_SALE,Human Kinetics,,
books#volume,The Theory & Practice of Gamesmanship,Sports & Recreation,1948,1948,1,136.0,NOT_MATURE,NOT_FOR_SALE,,,
books#volume,International Cases in the Business of Sport,Sports & Recreation,2017,2017,3,0.0,NOT_MATURE,NOT_FOR_SALE,Routledge,,
books#volume,Sport in Latin America and the Caribbean,Sports & Recreation,2002-05,2002,2,280.0,NOT_MATURE,NOT_FOR_SALE,Rowman & Littlefield,,
books#volume,PE for You,Sports & Recreation,1998,1998,3,260.0,NOT_MATURE,NOT_FOR_SALE,Nelson Thornes,,
books#volume,Exploring the Social Impacts of Events,Sports & Recreation,2013,2013,2,258.0,NOT_MATURE,NOT_FOR_SALE,Routledge,,
books#volume,Greek Athletics and the Genesis of Sport,Sports & Recreation,1988-01,1988,1,136.0,NOT_MATURE,NOT_FOR_SALE,,,
books#volume,Physiology of Sport and Exercise With Web Study Guide-5th Edition,Sports & Recreation,2019,2019,3,642.0,NOT_MATURE,NOT_FOR_SALE,Human Kinetics,,
books#volume,The Sporting Repository,Sports & Recreation,1904,1904,0,592.0,NOT_MATURE,NOT_FOR_SALE,,,
books#volume,Jim Fixx's Second Book of Running,Sports & Recreation,1980,1980,1,268.0,NOT_MATURE,NOT_FOR_SALE,Random House (NY),,
books#volume,The Injured Athlete,Sports & Recreation,1982,1982,1,552.0,NOT_MATURE,NOT_FOR_SALE,Lippincott Williams & Wilkins,,
books#volume,"Leadership in Physical Education, Recreation, Sports and Dance",Sports & Recreation,2005,2005,1,308.0,NOT_MATURE,NOT_FOR_SALE,,,
books#volume,The Games & Diversions of Argyleshire,Sports & Recreation,1901,1901,1,300.0,NOT_MATURE,NOT_FOR_SALE,,,
books#volume,Quidditch Through the Ages,Sports & Recreation,2001,2001,2,0.0,NOT_MATURE,NOT_FOR_SALE,Turtleback Books,,
books#volume,The Road to Olympia,Sports & Recreation,2003,2003,1,328.0,NOT_MATURE,NOT_FOR_SALE,,,
books#volume,Quidditch Through the Ages,Sports & Recreation,2002-01-01,2002,2,64.0,NOT_MATURE,NOT_FOR_SALE,Follettbound,,
books#volume,The Economics of Adam Smith,Sports & Recreation,1973,1973,1,372.0,NOT_MATURE,NOT_FOR_SALE,Toronto: University of Toronto Press,,
books#volume,Sport in Latin American Society,Sports & Recreation,2002,2002,2,236.0,NOT_MATURE,NOT_FOR_SALE,Psychology Press,,
books#volume,Handbook on the Economics of Sport,Sports & Recreation,2006,2006,2,830.0,NOT_MATURE,NOT_FOR_SALE,,,
books#volume,Participation in Sport,Sports & Recreation,2010-09-06,2010,3,337.0,NOT_MATURE,NOT_FOR_SALE,Routledge,,
books#volume,Bloody Casuals,Sports & Recreation,1989,1989,1,142.0,NOT_MATURE,NOT_FOR_SALE,Famedram Publishers,,
books#volume,Fields in Vision,Sports & Recreation,1992,1992,1,300.0,NOT_MATURE,NOT_FOR_SALE,Psychology Press,,
books#volume,A Pictorial History of Boxing,Sports & Recreation,1981,1981,2,388.0,NOT_MATURE,NOT_FOR_SALE,Random House Value Publishing,,
books#volume,Tom Brown at Oxford,Sports & Recreation,1889,1889,1,566.0,NOT_MATURE,NOT_FOR_SALE,,,
books#volume,Sports in the Western World,Sports & Recreation,1982,1982,1,376.0,NOT_MATURE,NOT_FOR_SALE,Rl Innactive Titles,,
books#volume,Sport; a Philosophic Inquiry,Sports & Recreation,1969,1969,1,300.0,NOT_MATURE,NOT_FOR_SALE,,,
books#volume,A Handbook of Leisure Studies,Sports & Recreation,2006-07-25,2006,3,576.0,NOT_MATURE,NOT_FOR_SALE,Palgrave Macmillan,,
books#volume,The Complete Book of Running,Sports & Recreation,1981,1981,1,292.0,NOT_MATURE,NOT_FOR_SALE,,,
books#volume,Motivation and Emotion in Spor,Sports & Recreation,2004-11-11,2004,1,238.0,NOT_MATURE,NOT_FOR_SALE,Psychology Press,,
books#volume,Eros and Greek Athletics,Sports & Recreation,2023,2023,1,0.0,NOT_MATURE,NOT_FOR_SALE,,,
books#volume,The Oxford Companion to Sports and Games,Sports & Recreation,1975,1975,1,1162.0,NOT_MATURE,NOT_FOR_SALE,London ; New York : Oxford University Press,,
books#volume,The World of Sport Examined,Sports & Recreation,2001,2001,3,140.0,NOT_MATURE,NOT_FOR_SALE,Nelson Thornes,,
books#volume,Illustrated Guide to Taping Techniques,Sports & Recreation,1994,1994,1,229.0,NOT_MATURE,NOT_FOR_SALE,,,
books#volume,Championship Nutrition and Performance,Sports & Recreation,2003-10-01,2003,2,112.0,NOT_MATURE,NOT_FOR_SALE,,,
books#volume,The Archaeology of the Olympics,Sports & Recreation,1996,1996,1,0.0,NOT_MATURE,NOT_FOR_SALE,,,
books#volume,Sports Science Handbook,Sports & Recreation,1997-01-01,1997,1,315.0,NOT_MATURE,NOT_FOR_SALE,,,
books#volume,"Masculinities, Gender Relations, and Sport",Sports & Recreation,2000-05-26,2000,3,352.0,NOT_MATURE,NOT_FOR_SALE,"SAGE Publications, Incorporated",,
books#volume,The wrestler's body [text and electronic resource],Sports & Recreation,1997-01-01,1997,1,305.0,NOT_MATURE,NOT_FOR_SALE,,,
books#volume,The Quest for Gold,Sports & Recreation,2006,2006,2,238.0,NOT_MATURE,NOT_FOR_SALE,,,
books#volume,"Nutrition for Health, Fitness, & Sport",Sports & Recreation,1999,1999,1,516.0,NOT_MATURE,NOT_FOR_SALE,"McGraw-Hill Science, Engineering & Mathematics",,
books#volume,Sports History,Sports & Recreation,2007-01-15,2007,1,0.0,NOT_MATURE,NOT_FOR_SALE,Red Globe Press,,
books#volume,Sport and Society in Ancient Greece,Sports & Recreation,1998-09-10,1998,1,228.0,NOT_MATURE,NOT_FOR_SALE,Cambridge University Press,,
books#volume,Athletic Ability & the Anatomy of Motion,Sports & Recreation,1984,1984,1,140.0,NOT_MATURE,NOT_FOR_SALE,,,
books#volume,The Nazi Olympics,Sports & Recreation,1971,1971,1,364.0,NOT_MATURE,NOT_FOR_SALE,University of Illinois Press,,
books#volume,"Sport, Politics, and Communism",Sports & Recreation,1991,1991,1,184.0,NOT_MATURE,NOT_FOR_SALE,,,
books#volume,The Badminton Magazine of Sports and Pastimes,Sports & Recreation,1902,1902,1,766.0,NOT_MATURE,NOT_FOR_SALE,,,
books#volume,Making Sense of Sport,Sports & Recreation,1990,1990,2,232.0,NOT_MATURE,NOT_FOR_SALE,,,
books#volume,Sporting Colours,Sports & Recreation,1994,1994,1,288.0,NOT_MATURE,NOT_FOR_SALE,Robson Books Limited,,
books#volume,"The ""hand of God""?",Sports & Recreation,2000,2000,1,188.0,NOT_MATURE,NOT_FOR_SALE,,,
books#volume,Sports Marketing,Sports & Recreation,2018,2018,3,420.0,NOT_MATURE,NOT_FOR_SALE,,,
books#volume,"Sport, Media, Culture",Sports & Recreation,2003,2003,2,263.0,NOT_MATURE,NOT_FOR_SALE,Routledge,,
books#volume,Sports Biomechanics,Sports & Recreation,2012,2012,2,341.0,NOT_MATURE,NOT_FOR_SALE,,,
books#volume,Making Sense of Sports,Sports & Recreation,1996,1996,1,296.0,NOT_MATURE,NOT_FOR_SALE,,,
books#volume,Handbook of Sports Studies,Sports & Recreation,2002,2002,2,570.0,NOT_MATURE,NOT_FOR_SALE,,,
books#volume,Advances in Sport and Exercise Psychology Measurement,Sports & Recreation,1998,1998,1,552.0,NOT_MATURE,NOT_FOR_SALE,Fitness Information Technology,,
books#volume,Fantastic Beasts and where to Find Them,Sports & Recreation,2001,2001,2,42.0,NOT_MATURE,NOT_FOR_SALE,Arthur a Levine,,
books#volume,Scripture and Sport Psychology,Sports & Recreation,2004-08,2004,1,108.0,NOT_MATURE,NOT_FOR_SALE,iUniverse,,
books#volume,Sport and International Politics,Sports & Recreation,1998,1998,2,227.0,NOT_MATURE,NOT_FOR_SALE,Taylor & Francis,,
books#volume,STEM in Sports,Sports & Recreation,2015,2015,1,0.0,NOT_MATURE,NOT_FOR_SALE,Mason Crest Publishers,,
books#volume,Sport in Ancient Times,Sports & Recreation,2010,2010,1,0.0,NOT_MATURE,NOT_FOR_SALE,,,
books#volume,Sport and the Law,Sports & Recreation,2000,2000,1,631.0,NOT_MATURE,NOT_FOR_SALE,,,
books#volume,Making Sense of Sports,Sports & Recreation,2010-09-13,2010,1,601.0,NOT_MATURE,NOT_FOR_SALE,Routledge,,
books#volume,Strategic Sport Marketing,Sports & Recreation,2021-03-31,2021,5,404.0,NOT_MATURE,NOT_FOR_SALE,Routledge,,
books#volume,Body & Soul,Sports & Recreation,2004,2004,1,290.0,NOT_MATURE,NOT_FOR_SALE,,,
books#volume,The Economics of Sports,Sports & Recreation,2022-12,2022,3,0.0,NOT_MATURE,NOT_FOR_SALE,,,
books#volume,Dishonored Games,Sports & Recreation,1992,1992,1,291.0,NOT_MATURE,NOT_FOR_SALE,,,
books#volume,Illustrated Guide to Taping Techniques,Sports & Recreation,1994-01,1994,3,231.0,NOT_MATURE,NOT_FOR_SALE,Mosby Incorporated,,
books#volume,The Super-athletes,Sports & Recreation,1970,1970,1,652.0,NOT_MATURE,NOT_FOR_SALE,,,
books#volume,Biomechanics of Sport and Exercise,Sports & Recreation,2007,2007,1,,NOT_MATURE,NOT_FOR_SALE,,,
books#volume,Sports Sponsorship and Marketing Communications,Sports & Recreation,2005,2005,1,272.0,NOT_MATURE,NOT_FOR_SALE,Financial Times/Prentice Hall,,
books#volume,The Boys of Summer,Sports & Recreation,1972,1972,1,500.0,NOT_MATURE,NOT_FOR_SALE,,,
books#volume,Trivia,Sports & Recreation,1727,1727,1,60.0,NOT_MATURE,NOT_FOR_SALE,,,
books#volume,The Sports Strategist,Sports & Recreation,2015,2015,2,0.0,NOT_MATURE,NOT_FOR_SALE,"Oxford University Press, USA",,
books#volume,Transforming Play,Sports & Recreation,2010,2010,1,135.0,NOT_MATURE,NOT_FOR_SALE,,,
books#volume,Social Psychology in Sport,Sports & Recreation,2007,2007,0,353.0,NOT_MATURE,NOT_FOR_SALE,,,
books#volume,A People's History of Sports in the United States,Sports & Recreation,2009,2009,1,0.0,NOT_MATURE,NOT_FOR_SALE,New Press People's History,,
books#volume,What is a Googly?,Sports & Recreation,2005-06,2005,1,148.0,NOT_MATURE,NOT_FOR_SALE,Robson,,
books#volume,Fitness for Sport,Sports & Recreation,1985,1985,1,122.0,NOT_MATURE,NOT_FOR_SALE,Crowood Press,,
books#volume,Sport,Sports & Recreation,1914,1914,1,314.0,NOT_MATURE,NOT_FOR_SALE,,,
books#volume,Foul Play,Sports & Recreation,2013-08-27,2013,1,226.0,NOT_MATURE,NOT_FOR_SALE,A&C Black,,
books#volume,Sport Psychology,Sports & Recreation,2002,2002,2,324.0,NOT_MATURE,NOT_FOR_SALE,Psychology Press,,
books#volume,Michael Jordan and the New Global Capitalism,Sports & Recreation,1999,1999,1,191.0,NOT_MATURE,NOT_FOR_SALE,W. W. Norton,,
books#volume,Achieving Excellence,Sports & Recreation,2022-06-23,2022,2,369.0,NOT_MATURE,NOT_FOR_SALE,Human Kinetics,,
books#volume,"William's Nutrition for Health, Fitness & Sport",Sports & Recreation,2020,2020,3,,NOT_MATURE,NOT_FOR_SALE,,,
books#volume,Sport for Development,Sports & Recreation,2013-05-20,2013,1,224.0,NOT_MATURE,NOT_FOR_SALE,Routledge,,
books#volume,Reading Sport,Sports & Recreation,2000,2000,2,336.0,NOT_MATURE,NOT_FOR_SALE,,,
books#volume,Sport and Violence in Europe,Sports & Recreation,2005,2005,3,256.0,NOT_MATURE,NOT_FOR_SALE,Council of Europe,,
books#volume,Nike Culture,Sports & Recreation,1998,1998,2,214.0,NOT_MATURE,NOT_FOR_SALE,SAGE,,
books#volume,Enhancing Recovery,Sports & Recreation,2002,2002,1,356.0,NOT_MATURE,NOT_FOR_SALE,Human Kinetics,,
books#volume,Encyclopaedia of Sports and Games,Sports & Recreation,1990,1990,2,746.0,NOT_MATURE,NOT_FOR_SALE,,,
books#volume,Clinical Sports Nutrition,Sports & Recreation,2015,2015,1,828.0,NOT_MATURE,NOT_FOR_SALE,,,
books#volume,Complete Sports Dictionary,Sports & Recreation,1949-01,1949,1,,NOT_MATURE,NOT_FOR_SALE,Scholastic,,
books#volume,Playing at Monarchy,Sports & Recreation,2008-12,2008,1,280.0,NOT_MATURE,NOT_FOR_SALE,University of Nebraska Press,,
books#volume,"Nutrition for Health, Fitness and Sport",Sports & Recreation,2001-07,2001,1,0.0,NOT_MATURE,NOT_FOR_SALE,,,
books#volume,"The Shared Origins of Football, Rugby, and Soccer",Sports & Recreation,2015,2015,1,0.0,NOT_MATURE,NOT_FOR_SALE,Rowman & Littlefield Publishers,,
books#volume,Sport in the Ancient World from A to Z,Sports & Recreation,2004-06,2004,1,209.0,NOT_MATURE,NOT_FOR_SALE,Routledge,,
books#volume,Motivation in Sport and Exercise,Sports & Recreation,1992,1992,1,273.0,NOT_MATURE,NOT_FOR_SALE,Human Kinetics Publishers,,
books#volume,Game Trails in British Columbia,Sports & Recreation,1925,1925,1,452.0,NOT_MATURE,NOT_FOR_SALE,,,
books#volume,Sport and Leisure Cultures,Sports & Recreation,2005,2005,1,273.0,NOT_MATURE,NOT_FOR_SALE,Sport and Culture,,
books#volume,Disputed Pleasures,Sports & Recreation,1991-07-17,1991,1,216.0,NOT_MATURE,NOT_FOR_SALE,Praeger,,
books#volume,Greek and Roman Sport,Sports & Recreation,1999,1999,1,116.0,NOT_MATURE,NOT_FOR_SALE,Greenhaven Press,,
books#volume,Philosophy in Sport Made Science in Earnest,Sports & Recreation,1827,1827,1,936.0,NOT_MATURE,FREE,,,
books#volume,"Introduction to Physical Education, Exercise Science, and Sport Studies with PowerWeb",Sports & Recreation,2002,2002,1,0.0,NOT_MATURE,NOT_FOR_SALE,"McGraw-Hill Humanities, Social Sciences & World Languages",,
books#volume,The Race Game,Sports & Recreation,1998,1998,1,250.0,NOT_MATURE,NOT_FOR_SALE,Routledge,,
